"","store","depvar","week","price","price_dominicks","price_premium","price_national","display_dominicks","display_premium","display_national","display","iv","quarter"
"1",2,8.44934252449998,46,-3.00515149547048,-3.16934188974592,-3.09762658123533,-3.57666746350701,0,1,1,0,160.4,"Q3"
"2",2,9.91145572220004,47,-3.28758971741625,-3.42171901738295,-3.09762658123533,-3.18432344336154,1,0,1,1,160.8,"Q3"
"3",2,7.89655270159997,48,-3.00515149547048,-3.42171901738295,-2.99886216656292,-3.28758971741625,0,0,1,0,160.8,"Q3"
"4",2,8.00903068509998,50,-3.00515149547048,-3.42171901738295,-3.1328414875264,-3.47074844462327,0,1,1,0,160.8,"Q3"
"5",2,7.92008319910002,52,-3.00515149547048,-3.52230625428812,-3.1328414875264,-3.47074844462327,0,0,1,0,150.9,"Q3"
"6",2,10.1725982389999,53,-3.37498153953126,-3.52230625428812,-2.99886216656292,-3.47074844462327,0,0,1,1,150.9,"Q3"
"7",2,8.21932609390002,54,-3.00515149547048,-3.57666746350701,-2.99886216656292,-3.28758971741625,0,0,1,0,150.9,"Q3"
"8",2,10.330583681,57,-3.47074844462327,-3.16934188974592,-3.03071199245002,-3.47074844462327,0,0,1,1,147.2,"Q4"
"9",2,8.25322764560004,58,-3.06671945521329,-3.94377170374273,-3.06360969595708,-3.47074844462327,1,1,0,0,147.2,"Q4"
"10",2,7.94307271730001,59,-3.00515149547048,-3.69514906712753,-3.06360969595708,-3.47074844462327,0,0,1,0,147.2,"Q4"
"11",2,10.047761042,60,-3.47074844462327,-3.69514906712753,-3.06360969595708,-3.47074844462327,1,0,1,1,120.9,"Q4"
"12",2,8.12917499690002,61,-3.00515149547048,-3.90424086498609,-3.06360969595708,-3.47074844462327,0,1,1,0,120.9,"Q4"
"13",2,10.177476298,62,-3.47074844462327,-4.16893341921317,-3.06360969595708,-3.16934188974592,0,0,1,1,120.9,"Q4"
"14",2,8.7540029335,63,-3.47074844462327,-3.69514906712753,-3.06360969595708,-3.33033126579352,1,0,0,0,120.9,"Q4"
"15",2,9.20230820029997,64,-3.00515149547048,-3.24660037288306,-3.06360969595708,-3.47074844462327,1,0,1,0,120.9,"Q4"
"16",2,9.605620455,66,-3.47074844462327,-3.82957933621707,-3.16934188974592,-3.47074844462327,1,0,0,0,117.8,"Q4"
"17",2,8.74385056200001,68,-3.47074844462327,-3.16934188974592,-3.28758971741625,-3.63415455442469,0,0,1,0,117.8,"Q4"
"18",2,9.12172771360001,69,-3.47074844462327,-3.16934188974592,-3.52230625428812,-3.47074844462327,0,1,1,0,114.4,"Q1"
"19",2,8.33327035329998,70,-3.20722520764823,-4.16893341921317,-3.20722520764823,-3.24660037288306,1,0,1,0,114.4,"Q1"
"20",2,9.22778728560003,71,-3.20722520764823,-3.16934188974592,-3.20722520764823,-3.63415455442469,0,0,1,0,114.4,"Q1"
"21",2,10.276980281,72,-3.47074844462327,-3.16934188974592,-2.99886216656292,-3.63415455442469,0,0,1,1,114.4,"Q1"
"22",2,8.86841328469997,73,-3.20722520764823,-3.7601069634023,-2.99886216656292,-3.47074844462327,1,0,0,0,114.4,"Q1"
"23",2,8.92105701820002,74,-3.24660037288306,-3.7601069634023,-3.24660037288306,-3.47074844462327,0,0,1,0,114.4,"Q1"
"24",2,8.34853782539999,75,-3.24660037288306,-3.16934188974592,-3.16934188974592,-3.7601069634023,0,0,1,0,114.4,"Q1"
"25",2,9.10052550600004,76,-3.24660037288306,-3.16934188974592,-2.99886216656292,-3.7601069634023,0,0,1,0,114.4,"Q1"
"26",2,10.019669307,77,-3.47074844462327,-4.07270538711862,-2.99886216656292,-3.37498153953126,1,0,1,1,114.4,"Q1"
"27",2,8.25322764560004,78,-3.20722520764823,-4.07270538711862,-2.99886216656292,-3.57666746350701,1,0,0,0,111.7,"Q1"
"28",2,9.47208906240003,79,-3.20722520764823,-3.16934188974592,-2.99886216656292,-3.7601069634023,0,0,1,0,111.7,"Q1"
"29",2,11.158305551,80,-3.63415455442469,-3.16934188974592,-2.99886216656292,-3.37498153953126,0,0,1,1,111.7,"Q1"
"30",2,8.94637482609996,83,-3.42171901738295,-3.69514906712753,-3.47074844462327,-4.03666545063542,0,1,0,0,111.7,"Q2"
"31",2,8.7540029335,84,-3.42171901738295,-4.16893341921317,-2.99886216656292,-3.57666746350701,1,0,0,0,111.7,"Q2"
"32",2,9.0567228833,85,-3.42171901738295,-3.16934188974592,-3.47074844462327,-3.57666746350701,1,1,0,0,111.7,"Q2"
"33",2,9.62271488840001,86,-3.42171901738295,-3.16934188974592,-3.47074844462327,-3.7601069634023,0,1,0,0,111,"Q2"
"34",2,11.244784548,87,-3.82957933621707,-3.16934188974592,-3.20722520764823,-3.7601069634023,0,0,1,1,111,"Q2"
"35",2,8.52833093580003,88,-3.28758971741625,-3.16934188974592,-3.33033126579352,-3.7601069634023,0,1,1,0,111,"Q2"
"36",2,8.46294817659997,89,-3.28758971741625,-3.69514906712753,-2.99886216656292,-3.7601069634023,1,0,0,0,111,"Q2"
"37",2,8.40737832540001,90,-3.28758971741625,-3.69514906712753,-2.99886216656292,-4.03666545063542,0,0,1,0,111,"Q2"
"38",2,8.30201780980003,91,-3.28758971741625,-3.16934188974592,-3.47074844462327,-3.28758971741625,0,0,1,0,111,"Q2"
"39",2,9.60130079389996,92,-3.57666746350701,-3.7601069634023,-3.47074844462327,-3.57666746350701,1,1,1,1,111,"Q2"
"40",2,9.40063009839998,93,-3.28758971741625,-3.90424086498609,-3.06360969595708,-3.90424086498609,0,1,0,0,111,"Q2"
"41",2,10.640460213,94,-3.63415455442469,-3.47074844462327,-3.03071199245002,-3.28758971741625,0,0,1,1,111,"Q2"
"42",2,9.26482855730004,95,-3.63415455442469,-3.47074844462327,-3.47074844462327,-3.28758971741625,0,0,1,0,111,"Q3"
"43",2,8.34853782539999,97,-3.28758971741625,-3.69514906712753,-3.47074844462327,-3.47074844462327,0,0,1,0,111,"Q3"
"44",2,7.96554557310002,98,-3.28758971741625,-3.47074844462327,-3.07122293934197,-3.47074844462327,0,1,1,0,111,"Q3"
"45",2,8.28601746839997,99,-3.28758971741625,-4.16893341921317,-3.37498153953126,-3.47074844462327,1,0,1,0,107.2,"Q3"
"46",2,8.21932609390002,100,-3.28758971741625,-4.16893341921317,-3.37498153953126,-3.52230625428812,0,0,0,0,107.2,"Q3"
"47",2,7.94307271730001,103,-3.28758971741625,-3.82957933621707,-3.10457105358814,-3.47074844462327,0,0,1,0,107.2,"Q3"
"48",2,8.3635757028,104,-3.28758971741625,-3.82957933621707,-3.47074844462327,-3.47074844462327,0,1,1,0,107.4,"Q3"
"49",2,9.81137226360003,105,-3.47074844462327,-3.82957933621707,-3.10457105358814,-3.47074844462327,0,0,1,1,107.4,"Q3"
"50",2,8.90381521169997,106,-3.4907355337154,-3.69514906712753,-3.17279828415635,-3.63415455442469,1,1,1,0,107.4,"Q3"
"51",2,8.96290412809996,107,-3.55364269495389,-3.69514906712753,-3.10457105358814,-3.60257303955194,0,0,1,0,107.4,"Q3"
"52",2,9.51074121679997,108,-3.57666746350701,-3.71419726209823,-3.47074844462327,-3.46074836128869,0,1,0,0,116,"Q4"
"53",2,9.21512888869999,109,-3.51205747229779,-3.7601069634023,-3.10457105358814,-3.43133447608239,1,0,0,0,116,"Q4"
"54",2,8.52833093580003,111,-3.28758971741625,-3.47074844462327,-3.20722520764823,-3.47074844462327,0,1,1,0,116,"Q4"
"55",2,10.238816278,112,-3.7601069634023,-3.55456711650634,-3.10457105358814,-3.47074844462327,0,0,0,0,116,"Q4"
"56",2,8.46294817659997,113,-3.28758971741625,-3.63415455442469,-3.10457105358814,-3.48084954060977,1,0,0,0,127.3,"Q4"
"57",2,8.96290412809996,114,-3.39757395221862,-3.59356927430961,-3.10457105358814,-3.47074844462327,0,0,1,0,127.3,"Q4"
"58",2,9.43188264189999,115,-3.47074844462327,-3.47074844462327,-3.47074844462327,-3.78731952692719,0,1,1,0,127.3,"Q4"
"59",2,9.17616292019996,116,-3.47074844462327,-3.75341797525151,-3.18835552627459,-3.73361534795533,1,0,0,0,127.3,"Q4"
"60",2,8.87738195470003,117,-3.43438289596069,-3.69514906712753,-3.10457105358814,-3.60499797013323,0,0,0,0,131.5,"Q4"
"61",2,8.40737832540001,118,-3.28758971741625,-3.69514906712753,-3.10457105358814,-3.56004658227097,1,0,0,0,131.5,"Q4"
"62",2,8.69148257649997,119,-3.36093589779865,-3.6826489043633,-3.15058874072388,-3.72161655299353,0,0,1,0,131.5,"Q4"
"63",2,9.98488319069996,120,-3.47074844462327,-3.63415455442469,-3.28758971741625,-3.58226971905568,1,0,1,1,131.5,"Q4"
"64",2,9.39532504620004,121,-3.47074844462327,-3.63415455442469,-3.3044677552036,-3.70135141468466,0,0,0,0,135.1,"Q1"
"65",2,8.85936344920003,122,-3.4092590991588,-3.59356927430961,-3.33033126579352,-3.7601069634023,0,1,1,0,135.1,"Q1"
"66",2,9.23405689859997,123,-3.24660037288306,-3.56004658227097,-3.27229775688238,-3.66697138207779,0,0,1,1,135.1,"Q1"
"67",2,8.83171191779997,124,-3.24660037288306,-3.77362068256903,-2.99886216656292,-3.47074844462327,0,0,1,1,135.1,"Q1"
"68",2,8.28601746839997,125,-3.19984414173194,-3.90424086498609,-2.99886216656292,-3.57962728078857,0,0,0,0,135.1,"Q1"
"69",2,8.68067166040002,126,-3.34162433655876,-3.82957933621707,-2.99886216656292,-3.7601069634023,0,0,1,0,134.7,"Q1"
"70",2,8.73359406190002,127,-3.47074844462327,-3.56004658227097,-3.47074844462327,-4.16893341921317,0,1,0,0,134.7,"Q1"
"71",2,8.6697425899,130,-3.30467438216651,-3.82957933621707,-3.57666746350701,-3.66418684152356,1,0,0,0,134.7,"Q1"
"72",2,9.87261588890002,131,-3.47074844462327,-3.79423996977176,-3.57666746350701,-3.69514906712753,0,0,1,1,134.7,"Q1"
"73",2,9.16282938930003,132,-3.41836992639966,-3.69514906712753,-3.51011089508111,-3.65206548099122,0,1,0,0,134.7,"Q1"
"74",2,8.5777236912,133,-3.33345857098086,-3.68887945411394,-3.12603325757145,-3.90424086498609,0,0,1,0,134.7,"Q1"
"75",2,9.5838331008,134,-3.51624529231048,-3.47074844462327,-3.24259235148552,-3.81529337896959,0,1,1,1,134.3,"Q2"
"76",2,8.58969988220001,136,-3.1328414875264,-3.90424086498609,-3.04374149274035,-3.63415455442469,1,0,0,0,134.3,"Q2"
"77",2,9.85261522220004,137,-3.42171901738295,-3.8082262117465,-3.17858147672882,-3.41546379876961,0,0,1,1,134.3,"Q2"
"78",2,8.26975694750001,138,-3.1328414875264,-3.47074844462327,-3.28758971741625,-3.33033126579352,0,1,1,0,134.3,"Q2"
"79",2,8.7540029335,139,-3.1328414875264,-3.46573590279973,-3.09762658123533,-3.47074844462327,0,1,1,0,126.2,"Q2"
"80",2,8.60153433980004,140,-3.1328414875264,-3.42171901738295,-3.09250225595183,-3.47074844462327,0,0,0,0,126.2,"Q2"
"81",2,10.016816238,141,-3.42171901738295,-3.63415455442469,-3.06360969595708,-3.28758971741625,0,0,1,1,126.2,"Q2"
"82",2,8.28601746839997,142,-3.11543058593243,-3.63415455442469,-3.09762658123533,-3.47074844462327,0,0,1,0,126.2,"Q2"
"83",2,8.09070871610001,143,-3.09762658123533,-3.60499797013323,-3.24660037288306,-3.31731589768145,0,1,1,0,118.5,"Q2"
"84",2,8.37839078850004,144,-3.09762658123533,-3.42171901738295,-3.36481177979538,-3.36137588747548,0,0,0,0,118.5,"Q2"
"85",2,8.40737832540001,145,-3.09762658123533,-3.44104329020936,-3.47074844462327,-3.36137588747548,0,1,1,0,118.5,"Q2"
"86",2,8.25322764560004,146,-3.23291215485789,-3.94377170374273,-3.09566658218175,-3.47074844462327,0,1,1,0,118.5,"Q2"
"87",2,9.49642116310001,147,-3.46803505903498,-3.6826489043633,-3.16934188974592,-3.44078086844983,0,0,1,1,115.5,"Q3"
"88",2,8.47637119690002,149,-3.09762658123533,-3.51177984130113,-3.09077644174254,-3.42171901738295,0,0,0,0,115.5,"Q3"
"89",2,10.125029822,150,-3.33033126579352,-3.63415455442469,-3.1328414875264,-3.42171901738295,0,1,1,1,115.5,"Q3"
"90",2,8.42156296040003,151,-3.10638131774824,-3.7601069634023,-3.07646876650755,-3.40276110363834,1,0,0,0,115.5,"Q3"
"91",2,10.811746113,153,-3.47074844462327,-3.48084954060977,-3.06360969595708,-3.30608300557158,0,0,1,1,114.5,"Q3"
"92",2,10.064244931,154,-3.4976997798765,-3.85139838361171,-3.1328414875264,-3.47074844462327,0,1,1,1,114.5,"Q3"
"93",2,9.3573801146,156,-3.56417248342597,-3.42171901738295,-3.24660037288306,-3.47074844462327,0,1,1,0,112.5,"Q3"
"94",2,10.194364516,157,-3.47074844462327,-3.42171901738295,-3.18643648119779,-3.35688149788764,0,0,1,1,112.5,"Q3"
"95",2,8.26975694750001,158,-3.12024521606746,-3.58790353677393,-3.06360969595708,-3.69514906712753,0,0,1,0,112.5,"Q3"
"96",2,8.21932609390002,159,-3.17680461094751,-3.7601069634023,-3.1328414875264,-3.6400892899445,0,1,0,0,112.5,"Q3"
"97",2,10.626581809,160,-3.37498153953126,-3.56004658227097,-3.07032113054506,-3.43133447608239,0,0,1,1,106.5,"Q4"
"98",5,8.34853782539999,40,-3.06360969595708,-3.69514906712753,-3.16934188974592,-3.7601069634023,1,1,1,0,160,"Q2"
"99",5,8.37839078850004,42,-3.06360969595708,-3.24660037288306,-3.01148063052213,-3.52230625428812,0,0,1,0,160,"Q2"
"100",5,8.5026885052,43,-3.06360969595708,-3.24660037288306,-3.01148063052213,-3.47074844462327,0,0,1,0,160.4,"Q3"
"101",5,10.347147206,44,-3.20722520764823,-3.24660037288306,-3.01148063052213,-3.25062452318278,0,0,1,1,160.4,"Q3"
"102",5,9.21512888869999,46,-3.06360969595708,-3.24660037288306,-3.09762658123533,-3.57666746350701,0,1,1,0,160.4,"Q3"
"103",5,9.98782870100001,47,-3.28758971741625,-3.42171901738295,-3.09762658123533,-3.25062452318278,1,0,1,1,160.8,"Q3"
"104",5,8.42156296040003,48,-3.06360969595708,-3.42171901738295,-3.01148063052213,-3.28758971741625,0,0,1,0,160.8,"Q3"
"105",5,10.863297438,49,-3.47074844462327,-3.42171901738295,-3.01148063052213,-3.28758971741625,0,0,1,1,160.8,"Q3"
"106",5,8.18423477410002,50,-3.06360969595708,-3.42171901738295,-3.1328414875264,-3.47074844462327,0,1,1,0,160.8,"Q3"
"107",5,8.54090971799997,51,-3.06360969595708,-3.52230625428812,-3.1328414875264,-3.33033126579352,1,0,1,0,160.8,"Q3"
"108",5,8.39298958799997,52,-3.06360969595708,-3.52230625428812,-3.1328414875264,-3.47074844462327,0,0,1,0,150.9,"Q3"
"109",5,10.315862069,53,-3.37498153953126,-3.52230625428812,-3.01148063052213,-3.47074844462327,0,0,1,1,150.9,"Q3"
"110",5,8.33327035329998,54,-3.06360969595708,-3.57666746350701,-3.01148063052213,-3.29178259567629,0,0,1,0,150.9,"Q3"
"111",5,8.51559191000002,55,-3.06360969595708,-3.57666746350701,-3.01148063052213,-3.29178259567629,1,0,0,0,150.9,"Q3"
"112",5,9.54337814609995,56,-3.06360969595708,-3.57666746350701,-3.01148063052213,-3.47074844462327,0,1,1,0,147.2,"Q4"
"113",5,10.772267302,57,-3.47074844462327,-3.24660037288306,-3.02748097186857,-3.47074844462327,0,0,1,1,147.2,"Q4"
"114",5,8.93800657649997,58,-3.17041023479581,-3.94377170374273,-3.06360969595708,-3.47074844462327,1,1,0,0,147.2,"Q4"
"115",5,9.09335701649998,59,-3.06360969595708,-3.69514906712753,-3.06360969595708,-3.47074844462327,0,0,1,0,147.2,"Q4"
"116",5,10.259202035,60,-3.47074844462327,-3.69514906712753,-3.06360969595708,-3.47074844462327,1,0,1,1,120.9,"Q4"
"117",5,8.60153433980004,61,-3.06360969595708,-3.90424086498609,-3.06360969595708,-3.47074844462327,0,1,1,0,120.9,"Q4"
"118",5,10.866967167,62,-3.47074844462327,-4.16893341921317,-3.06360969595708,-3.2188758248682,0,0,1,1,120.9,"Q4"
"119",5,9.36836923619997,63,-3.47074844462327,-3.69514906712753,-3.06360969595708,-3.33033126579352,1,0,0,0,120.9,"Q4"
"120",5,9.54337814609995,64,-3.06360969595708,-3.24660037288306,-3.06360969595708,-3.47074844462327,1,0,1,0,120.9,"Q4"
"121",5,9.54795481319998,69,-3.47074844462327,-3.37498153953126,-3.52230625428812,-3.47074844462327,0,1,1,0,114.4,"Q1"
"122",5,8.71275997499997,70,-3.2587217334154,-4.16893341921317,-3.20722520764823,-3.30022146432215,1,0,1,0,114.4,"Q1"
"123",5,8.96290412809996,71,-3.2587217334154,-3.37498153953126,-3.20722520764823,-3.63415455442469,0,0,1,0,114.4,"Q1"
"124",5,10.618787538,72,-3.47074844462327,-3.37498153953126,-3.01148063052213,-3.63415455442469,0,0,1,1,114.4,"Q1"
"125",5,8.74385056200001,73,-3.2587217334154,-3.7601069634023,-3.01148063052213,-3.47074844462327,1,0,0,0,114.4,"Q1"
"126",5,8.9710674387,74,-3.27925633585711,-3.7601069634023,-3.24660037288306,-3.47074844462327,0,0,1,0,114.4,"Q1"
"127",5,8.72323127479999,75,-3.27925633585711,-3.37498153953126,-3.16934188974592,-3.7601069634023,0,0,1,0,114.4,"Q1"
"128",5,9.04168500589999,76,-3.27925633585711,-3.37498153953126,-3.01148063052213,-3.7601069634023,0,0,1,0,114.4,"Q1"
"129",5,9.83563688559998,77,-3.47074844462327,-3.47074844462327,-3.01148063052213,-3.37498153953126,1,0,1,1,114.4,"Q1"
"130",5,8.74385056200001,78,-3.2587217334154,-4.07270538711862,-3.01148063052213,-3.37498153953126,1,0,0,0,111.7,"Q1"
"131",5,9.40063009839998,79,-3.2587217334154,-3.37498153953126,-3.01148063052213,-3.57666746350701,0,0,1,0,111.7,"Q1"
"132",5,11.201169255,80,-3.63415455442469,-3.37498153953126,-3.01148063052213,-3.37498153953126,0,0,1,1,111.7,"Q1"
"133",5,9.84924253769996,81,-3.63415455442469,-3.69514906712753,-3.63415455442469,-3.37498153953126,1,1,0,0,111.7,"Q1"
"134",5,9.06415786180001,83,-3.42171901738295,-3.69514906712753,-3.47074844462327,-4.03666545063542,0,1,0,0,111.7,"Q2"
"135",5,8.89508153180002,84,-3.42171901738295,-4.16893341921317,-3.01148063052213,-3.57666746350701,1,0,0,0,111.7,"Q2"
"136",5,9.43188264189999,85,-3.42171901738295,-3.37498153953126,-3.47074844462327,-3.57666746350701,1,1,0,0,111.7,"Q2"
"137",5,9.55704578489998,86,-3.42171901738295,-3.37498153953126,-3.47074844462327,-3.7601069634023,0,1,0,0,111,"Q2"
"138",5,11.387996961,87,-3.82957933621707,-3.37498153953126,-3.20722520764823,-3.7601069634023,0,0,1,1,111,"Q2"
"139",5,8.83171191779997,88,-3.34351827007548,-3.37498153953126,-3.33033126579352,-3.7601069634023,0,1,1,0,111,"Q2"
"140",5,8.96290412809996,89,-3.34351827007548,-3.69514906712753,-3.01148063052213,-3.7601069634023,1,0,0,0,111,"Q2"
"141",5,8.74385056200001,90,-3.34351827007548,-3.69514906712753,-3.01148063052213,-4.03666545063542,0,0,1,0,111,"Q2"
"142",5,8.72323127479999,91,-3.34351827007548,-3.42171901738295,-3.47074844462327,-3.34351827007548,0,0,1,0,111,"Q2"
"143",5,10.231927617,92,-3.63415455442469,-3.81529337896959,-3.47074844462327,-3.63415455442469,1,1,1,1,111,"Q2"
"144",5,9.94270826569999,93,-3.34351827007548,-3.90424086498609,-3.06360969595708,-3.90424086498609,0,1,0,0,111,"Q2"
"145",5,10.729766046,94,-3.63415455442469,-3.52230625428812,-3.03071199245002,-3.34351827007548,0,0,1,1,111,"Q2"
"146",5,9.57052913519997,95,-3.63415455442469,-3.52230625428812,-3.47074844462327,-3.34351827007548,0,0,1,0,111,"Q3"
"147",5,8.5026885052,96,-3.34351827007548,-3.69514906712753,-3.47074844462327,-3.34351827007548,1,1,0,0,111,"Q3"
"148",5,8.43554920239998,97,-3.34351827007548,-3.69514906712753,-3.47074844462327,-3.47074844462327,0,0,1,0,111,"Q3"
"149",5,8.5656023306,98,-3.34351827007548,-3.52230625428812,-3.07083414561648,-3.47074844462327,0,1,1,0,111,"Q3"
"150",5,8.34853782539999,99,-3.34351827007548,-4.16893341921317,-3.37498153953126,-3.47074844462327,1,0,1,0,107.2,"Q3"
"151",5,8.3635757028,100,-3.34351827007548,-4.16893341921317,-3.37498153953126,-3.52230625428812,0,0,0,0,107.2,"Q3"
"152",5,9.73483218649999,101,-3.34351827007548,-3.7601069634023,-3.28758971741625,-3.37498153953126,1,0,0,0,107.2,"Q3"
"153",5,11.253947461,102,-3.90424086498609,-3.7601069634023,-3.14728217168119,-3.37498153953126,0,0,1,1,107.2,"Q3"
"154",5,8.55333223800003,103,-3.34351827007548,-3.82957933621707,-3.14728217168119,-3.47074844462327,0,0,1,0,107.2,"Q3"
"155",5,8.5656023306,104,-3.34351827007548,-3.82957933621707,-3.47074844462327,-3.47074844462327,0,1,1,0,107.4,"Q3"
"156",5,9.93653540660005,105,-3.47074844462327,-3.82957933621707,-3.14728217168119,-3.47074844462327,0,0,1,1,107.4,"Q3"
"157",5,9.42157327230005,107,-3.52230625428812,-3.7014582363208,-3.14728217168119,-3.63415455442469,0,0,1,0,107.4,"Q3"
"158",5,9.39532504620004,108,-3.57666746350701,-3.7014582363208,-3.47074844462327,-3.47074844462327,0,1,0,0,116,"Q4"
"159",5,9.50599061410004,109,-3.57666746350701,-3.7014582363208,-3.14728217168119,-3.46074836128869,1,0,0,0,116,"Q4"
"160",5,8.6697425899,111,-3.34351827007548,-3.7014582363208,-3.20722520764823,-3.47074844462327,0,1,1,0,116,"Q4"
"161",5,10.822015779,112,-3.7601069634023,-3.7014582363208,-3.14728217168119,-3.47074844462327,0,0,0,0,116,"Q4"
"162",5,8.55333223800003,113,-3.34351827007548,-3.7014582363208,-3.14728217168119,-3.47074844462327,1,0,0,0,127.3,"Q4"
"163",5,9.03408040660004,114,-3.34351827007548,-3.7014582363208,-3.14728217168119,-3.48084954060977,0,0,1,0,127.3,"Q4"
"164",5,9.2214781164,115,-3.47074844462327,-3.7014582363208,-3.47074844462327,-3.47074844462327,0,1,1,0,127.3,"Q4"
"165",5,9.03408040660004,116,-3.47074844462327,-3.7014582363208,-3.14728217168119,-3.90424086498609,1,0,0,0,127.3,"Q4"
"166",5,9.3462688892,117,-3.47074844462327,-3.7014582363208,-3.14728217168119,-3.69514906712753,0,0,0,0,131.5,"Q4"
"167",5,8.69148257649997,118,-3.34351827007548,-3.7014582363208,-3.14728217168119,-3.52230625428812,1,0,0,0,131.5,"Q4"
"168",5,9.04923221160001,119,-3.34351827007548,-3.7014582363208,-3.14728217168119,-3.63415455442469,0,0,1,0,131.5,"Q4"
"169",5,10.238816278,120,-3.47074844462327,-3.7014582363208,-3.28758971741625,-3.63415455442469,1,0,1,1,131.5,"Q4"
"170",5,8.83171191779997,122,-3.47074844462327,-3.7014582363208,-3.33033126579352,-3.7601069634023,0,1,1,0,135.1,"Q1"
"171",5,9.62271488840001,123,-3.24660037288306,-3.7014582363208,-3.33033126579352,-3.7601069634023,0,0,1,1,135.1,"Q1"
"172",5,8.6697425899,125,-3.24660037288306,-3.7014582363208,-3.06360969595708,-3.57666746350701,0,0,0,0,135.1,"Q1"
"173",5,8.92105701820002,126,-3.18055696056606,-3.7014582363208,-3.06360969595708,-3.7601069634023,0,0,1,0,134.7,"Q1"
"174",5,9.02641753380003,127,-3.47074844462327,-3.7014582363208,-3.47074844462327,-4.16893341921317,0,1,0,0,134.7,"Q1"
"175",5,11.511965004,128,-3.47074844462327,-3.7014582363208,-3.06360969595708,-3.57666746350701,0,0,1,1,134.7,"Q1"
"176",5,8.85023096560004,129,-3.47074844462327,-3.7014582363208,-3.47074844462327,-3.57666746350701,0,1,1,0,134.7,"Q1"
"177",5,9.20873909060002,130,-3.18055696056606,-3.7014582363208,-3.57666746350701,-3.63415455442469,1,0,0,0,134.7,"Q1"
"178",5,10.3991589290001,131,-3.47074844462327,-3.7014582363208,-3.57666746350701,-3.69514906712753,0,0,1,1,134.7,"Q1"
"179",5,9.00307016980004,132,-3.47074844462327,-3.7014582363208,-3.57666746350701,-3.69514906712753,0,1,0,0,134.7,"Q1"
"180",5,8.77400360019999,133,-3.18055696056606,-3.7014582363208,-3.1328414875264,-3.90424086498609,0,0,1,0,134.7,"Q1"
"181",5,10.513253124,134,-3.47074844462327,-3.7014582363208,-3.24259235148552,-3.90424086498609,0,1,1,1,134.3,"Q2"
"182",5,9.46715078080002,135,-3.47074844462327,-3.7014582363208,-3.24259235148552,-3.63415455442469,0,0,0,0,134.3,"Q2"
"183",5,8.91247327449998,136,-3.18055696056606,-3.90424086498609,-3.07707791300794,-3.63415455442469,1,0,0,0,134.3,"Q2"
"184",5,10.439278922,137,-3.47074844462327,-3.90424086498609,-3.07707791300794,-3.57666746350701,0,0,1,1,134.3,"Q2"
"185",5,8.33327035329998,138,-3.18055696056606,-3.52230625428812,-3.35240721749272,-3.57666746350701,0,1,1,0,134.3,"Q2"
"186",5,8.69148257649997,139,-3.18055696056606,-3.52230625428812,-3.09762658123533,-3.57666746350701,0,1,1,0,126.2,"Q2"
"187",5,8.78385589659998,140,-3.18055696056606,-3.47074844462327,-3.09762658123533,-3.57666746350701,0,0,0,0,126.2,"Q2"
"188",5,10.330583681,141,-3.47074844462327,-3.63415455442469,-3.06360969595708,-3.57666746350701,0,0,1,1,126.2,"Q2"
"189",5,8.8032739825,142,-3.18055696056606,-3.63415455442469,-3.09762658123533,-3.57666746350701,0,0,1,0,126.2,"Q2"
"190",5,8.39298958799997,143,-3.16934188974592,-3.63415455442469,-3.24660037288306,-3.57666746350701,0,1,1,0,118.5,"Q2"
"191",5,8.64751945309997,144,-3.16934188974592,-3.47074844462327,-3.24660037288306,-3.57666746350701,0,0,0,0,118.5,"Q2"
"192",5,8.64751945309997,146,-3.16934188974592,-3.47074844462327,-3.06360969595708,-3.57666746350701,0,1,1,0,118.5,"Q2"
"193",5,10.588602561,147,-3.45985769019328,-3.47074844462327,-3.16934188974592,-3.57666746350701,0,0,1,1,115.5,"Q3"
"194",5,8.9710674387,149,-3.16934188974592,-3.47074844462327,-3.06360969595708,-3.57666746350701,0,0,0,0,115.5,"Q3"
"195",5,10.90646961,150,-3.33033126579352,-3.63415455442469,-3.1328414875264,-3.57666746350701,0,1,1,1,115.5,"Q3"
"196",5,8.76405326930003,151,-3.16934188974592,-3.7601069634023,-3.06360969595708,-3.57666746350701,1,0,0,0,115.5,"Q3"
"197",5,10.939940709,153,-3.47074844462327,-3.47074844462327,-3.06360969595708,-3.57666746350701,0,0,1,1,114.5,"Q3"
"198",5,10.206255262,154,-3.47074844462327,-3.57666746350701,-3.1328414875264,-3.57666746350701,0,1,1,1,114.5,"Q3"
"199",5,8.25322764560004,155,-3.63415455442469,-3.90424086498609,-3.13643215565713,-3.57666746350701,0,1,1,0,114.5,"Q3"
"200",5,8.72323127479999,156,-3.63415455442469,-3.47074844462327,-3.24660037288306,-3.65206548099122,0,1,1,0,112.5,"Q3"
"201",5,10.502763517,157,-3.47074844462327,-3.54369744426944,-3.24660037288306,-3.57666746350701,0,0,1,1,112.5,"Q3"
"202",5,8.60153433980004,158,-3.16934188974592,-3.54369744426944,-3.13643215565713,-3.69514906712753,0,0,1,0,112.5,"Q3"
"203",5,8.94637482609996,159,-3.24660037288306,-3.7601069634023,-3.13643215565713,-3.69514906712753,0,1,0,0,112.5,"Q3"
"204",5,10.825839876,160,-3.37498153953126,-3.54369744426944,-3.13643215565713,-3.57666746350701,0,0,1,1,106.5,"Q4"
"205",8,8.5026885052,42,-3.19570876558667,-3.33033126579352,-3.01148063052213,-3.52230625428812,0,0,1,0,160,"Q2"
"206",8,8.5777236912,43,-3.19570876558667,-3.33033126579352,-3.01148063052213,-3.47074844462327,0,0,1,0,160.4,"Q3"
"207",8,10.5821300469999,44,-3.20722520764823,-3.33033126579352,-3.01148063052213,-3.37498153953126,0,0,1,1,160.4,"Q3"
"208",8,8.62479120200004,45,-3.19570876558667,-3.33033126579352,-3.01148063052213,-3.37498153953126,0,0,0,0,160.4,"Q3"
"209",8,10.008207863,47,-3.28758971741625,-3.42171901738295,-3.09762658123533,-3.37498153953126,1,0,1,1,160.8,"Q3"
"210",8,8.65869275369998,48,-3.19570876558667,-3.42171901738295,-3.01148063052213,-3.37498153953126,0,0,1,0,160.8,"Q3"
"211",8,8.6697425899,50,-3.19570876558667,-3.42171901738295,-3.1328414875264,-3.47074844462327,0,1,1,0,160.8,"Q3"
"212",8,8.60153433980004,52,-3.19570876558667,-3.52230625428812,-3.1328414875264,-3.47074844462327,0,0,1,0,150.9,"Q3"
"213",8,10.506272293,53,-3.37498153953126,-3.52230625428812,-3.01148063052213,-3.47074844462327,0,0,1,1,150.9,"Q3"
"214",8,8.23642052730002,54,-3.19570876558667,-3.57666746350701,-3.01148063052213,-3.42171901738295,0,0,1,0,150.9,"Q3"
"215",8,8.61323037960001,55,-3.19570876558667,-3.57666746350701,-3.01148063052213,-3.42171901738295,1,0,0,0,150.9,"Q3"
"216",8,9.42674124240004,56,-3.19570876558667,-3.57666746350701,-3.01148063052213,-3.47074844462327,0,1,1,0,147.2,"Q4"
"217",8,10.89109379,57,-3.47074844462327,-3.33033126579352,-3.02748097186857,-3.47074844462327,0,0,1,1,147.2,"Q4"
"218",8,8.64751945309997,58,-3.23767718799669,-4.02785482095327,-3.06360969595708,-3.47074844462327,1,1,0,0,147.2,"Q4"
"219",8,8.48961642359998,59,-3.19570876558667,-3.69514906712753,-3.06360969595708,-3.47074844462327,0,0,1,0,147.2,"Q4"
"220",8,10.52363384,60,-3.47074844462327,-3.69514906712753,-3.06360969595708,-3.47074844462327,1,0,1,1,120.9,"Q4"
"221",8,8.61323037960001,61,-3.19570876558667,-3.90424086498609,-3.06360969595708,-3.47074844462327,0,1,1,0,120.9,"Q4"
"222",8,10.839737762,62,-3.47074844462327,-4.16893341921317,-3.06360969595708,-3.37498153953126,0,0,1,1,120.9,"Q4"
"223",8,9.31217467790004,63,-3.47074844462327,-3.69514906712753,-3.06360969595708,-3.3841559158073,1,0,0,0,120.9,"Q4"
"224",8,9.40590715550004,64,-3.19570876558667,-3.33033126579352,-3.06360969595708,-3.47074844462327,1,0,1,0,120.9,"Q4"
"225",8,9.6883121709,69,-3.47074844462327,-3.52230625428812,-3.52230625428812,-3.47074844462327,0,1,1,0,114.4,"Q1"
"226",8,8.58969988220001,70,-3.3841559158073,-4.16893341921317,-3.20722520764823,-3.3841559158073,1,0,1,0,114.4,"Q1"
"227",8,8.8032739825,71,-3.3841559158073,-3.52230625428812,-3.20722520764823,-3.63415455442469,0,0,1,0,114.4,"Q1"
"228",8,10.997288284,72,-3.47074844462327,-3.52230625428812,-3.06360969595708,-3.63415455442469,0,0,1,1,114.4,"Q1"
"229",8,9.19583568579999,73,-3.3841559158073,-3.7601069634023,-3.06360969595708,-3.47074844462327,1,0,0,0,114.4,"Q1"
"230",8,8.81284343350004,74,-3.40746699467575,-3.7601069634023,-3.24660037288306,-3.47074844462327,0,0,1,0,114.4,"Q1"
"231",8,8.34853782539999,75,-3.40746699467575,-3.52230625428812,-3.16934188974592,-3.7601069634023,0,0,1,0,114.4,"Q1"
"232",8,9.18276360419998,76,-3.40746699467575,-3.52230625428812,-3.06360969595708,-3.7601069634023,0,0,1,0,114.4,"Q1"
"233",8,10.604602903,77,-3.47074844462327,-3.52230625428812,-3.06360969595708,-3.3841559158073,1,0,1,1,114.4,"Q1"
"234",8,8.54090971799997,78,-3.3841559158073,-4.22075848707776,-3.06360969595708,-3.3841559158073,1,0,0,0,111.7,"Q1"
"235",8,9.86599334810001,79,-3.3841559158073,-3.52230625428812,-3.06360969595708,-3.57666746350701,0,0,1,0,111.7,"Q1"
"236",8,10.588602561,81,-3.63415455442469,-3.69514906712753,-3.7601069634023,-3.47074844462327,1,1,0,0,111.7,"Q1"
"237",8,9.114710141,83,-3.47074844462327,-3.69514906712753,-3.47074844462327,-4.16893341921317,0,1,0,0,111.7,"Q2"
"238",8,8.81284343350004,84,-3.47074844462327,-4.16893341921317,-3.06360969595708,-3.57666746350701,1,0,0,0,111.7,"Q2"
"239",8,8.92956770779998,85,-3.47074844462327,-3.52230625428812,-3.47074844462327,-3.57666746350701,1,1,0,0,111.7,"Q2"
"240",8,10.117307776,86,-3.47074844462327,-3.52230625428812,-3.47074844462327,-3.7601069634023,0,1,0,0,111,"Q2"
"241",8,12.118857611,87,-3.82957933621707,-3.52230625428812,-3.20722520764823,-3.7601069634023,0,0,1,1,111,"Q2"
"242",8,9.09335701649998,88,-3.47074844462327,-3.52230625428812,-3.33033126579352,-3.7601069634023,0,1,1,0,111,"Q2"
"243",8,8.8032739825,91,-3.47074844462327,-3.63415455442469,-3.47074844462327,-3.47074844462327,0,0,1,0,111,"Q2"
"244",8,10.47604777,92,-3.7601069634023,-3.92777136239629,-3.47074844462327,-3.7601069634023,1,1,1,1,111,"Q2"
"245",8,9.76468514970001,93,-3.47074844462327,-3.90424086498609,-3.06360969595708,-3.90424086498609,0,1,0,0,111,"Q2"
"246",8,11.232152801,94,-3.63415455442469,-3.63415455442469,-3.06360969595708,-3.47074844462327,0,0,1,1,111,"Q2"
"247",8,9.03408040660004,96,-3.47074844462327,-3.69514906712753,-3.47074844462327,-3.47074844462327,1,1,0,0,111,"Q3"
"248",8,9.20230820029997,97,-3.47074844462327,-3.69514906712753,-3.47074844462327,-3.47074844462327,0,0,1,0,111,"Q3"
"249",8,8.79361207160002,98,-3.47074844462327,-3.63415455442469,-3.07249206390242,-3.51177984130113,0,1,1,0,111,"Q3"
"250",8,8.87738195470003,99,-3.47074844462327,-4.16893341921317,-3.37498153953126,-3.51177984130113,1,0,1,0,107.2,"Q3"
"251",8,8.73359406190002,100,-3.47074844462327,-4.16893341921317,-3.37498153953126,-3.52230625428812,0,0,0,0,107.2,"Q3"
"252",8,9.28284706280001,103,-3.47074844462327,-3.82957933621707,-3.14728217168119,-3.47074844462327,0,0,1,0,107.2,"Q3"
"253",8,8.85023096560004,104,-3.47074844462327,-3.82957933621707,-3.47074844462327,-3.47074844462327,0,1,1,0,107.4,"Q3"
"254",8,10.36948316,105,-3.47074844462327,-3.82957933621707,-3.14728217168119,-3.47074844462327,0,0,1,1,107.4,"Q3"
"255",8,8.5777236912,106,-3.47074844462327,-3.7014582363208,-3.24660037288306,-3.63415455442469,1,1,1,0,107.4,"Q3"
"256",8,9.51074121679997,108,-3.57666746350701,-3.7014582363208,-3.47074844462327,-3.51702919718728,0,1,0,0,116,"Q4"
"257",8,9.51074121679997,109,-3.57666746350701,-3.7014582363208,-3.14728217168119,-3.51702919718728,1,0,0,0,116,"Q4"
"258",8,9.4818930625,111,-3.47074844462327,-3.7014582363208,-3.20722520764823,-3.52230625428812,0,1,1,0,116,"Q4"
"259",8,10.813035604,112,-3.7601069634023,-3.7014582363208,-3.14728217168119,-3.52230625428812,0,0,0,0,116,"Q4"
"260",8,9.29468152039999,113,-3.47074844462327,-3.7014582363208,-3.14728217168119,-3.48084954060977,1,0,0,0,127.3,"Q4"
"261",8,9.20873909060002,114,-3.47074844462327,-3.7014582363208,-3.14728217168119,-3.48084954060977,0,0,1,0,127.3,"Q4"
"262",8,9.12869638290002,115,-3.47074844462327,-3.7014582363208,-3.47074844462327,-3.52230625428812,0,1,1,0,127.3,"Q4"
"263",8,8.94637482609996,116,-3.47074844462327,-3.7014582363208,-3.14728217168119,-3.90424086498609,1,0,0,0,127.3,"Q4"
"264",8,8.89508153180002,117,-3.47074844462327,-3.7014582363208,-3.14728217168119,-3.69514906712753,0,0,0,0,131.5,"Q4"
"265",8,9.01091334729999,118,-3.47074844462327,-3.7014582363208,-3.14728217168119,-3.52230625428812,1,0,0,0,131.5,"Q4"
"266",8,8.71275997499997,119,-3.47074844462327,-3.7014582363208,-3.14728217168119,-3.63415455442469,0,0,1,0,131.5,"Q4"
"267",8,9.61846859750004,120,-3.47074844462327,-3.7014582363208,-3.28758971741625,-3.63415455442469,1,0,1,1,131.5,"Q4"
"268",8,9.15609535709998,121,-3.47074844462327,-3.7014582363208,-3.28758971741625,-3.57666746350701,0,0,0,0,135.1,"Q1"
"269",8,8.68067166040002,122,-3.47074844462327,-3.7014582363208,-3.33033126579352,-3.7601069634023,0,1,1,0,135.1,"Q1"
"270",8,8.97916464900004,125,-3.24660037288306,-3.7014582363208,-3.15092516295969,-3.57666746350701,0,0,0,0,135.1,"Q1"
"271",8,8.55333223800003,126,-3.28758971741625,-3.7014582363208,-3.15092516295969,-3.7601069634023,0,0,1,0,134.7,"Q1"
"272",8,8.87738195470003,127,-3.47074844462327,-3.7014582363208,-3.47074844462327,-4.16893341921317,0,1,0,0,134.7,"Q1"
"273",8,9.61846859750004,129,-3.47074844462327,-3.7014582363208,-3.47074844462327,-3.57666746350701,0,1,1,0,134.7,"Q1"
"274",8,9.37923890839995,130,-3.28758971741625,-3.7014582363208,-3.57666746350701,-3.63415455442469,1,0,0,0,134.7,"Q1"
"275",8,10.145335089,131,-3.47074844462327,-3.7014582363208,-3.57666746350701,-3.69514906712753,0,0,1,1,134.7,"Q1"
"276",8,9.70406052779999,132,-3.47074844462327,-3.7014582363208,-3.57666746350701,-3.69514906712753,0,1,0,0,134.7,"Q1"
"277",8,9.92720407919997,133,-3.28758971741625,-3.7014582363208,-3.1328414875264,-3.90424086498609,0,0,1,0,134.7,"Q1"
"278",8,10.454149085,134,-3.47074844462327,-3.7014582363208,-3.24259235148552,-3.90424086498609,0,1,1,1,134.3,"Q2"
"279",8,8.96290412809996,136,-3.28758971741625,-3.90424086498609,-3.18432344336154,-3.63415455442469,1,0,0,0,134.3,"Q2"
"280",8,10.780288735,137,-3.57666746350701,-3.90424086498609,-3.18432344336154,-3.57666746350701,0,0,1,1,134.3,"Q2"
"281",8,8.90381521169997,138,-3.28758971741625,-3.63415455442469,-3.3887748616636,-3.57666746350701,0,1,1,0,134.3,"Q2"
"282",8,8.74385056200001,139,-3.28758971741625,-3.63415455442469,-3.18432344336154,-3.57666746350701,0,1,1,0,126.2,"Q2"
"283",8,8.76405326930003,140,-3.28758971741625,-3.57666746350701,-3.18432344336154,-3.57666746350701,0,0,0,0,126.2,"Q2"
"284",8,10.907642631,141,-3.57666746350701,-3.63415455442469,-3.18432344336154,-3.57666746350701,0,0,1,1,126.2,"Q2"
"285",8,9.00307016980004,142,-3.28758971741625,-3.63415455442469,-3.18432344336154,-3.57666746350701,0,0,1,0,126.2,"Q2"
"286",8,8.5026885052,143,-3.24660037288306,-3.63415455442469,-3.24660037288306,-3.57666746350701,0,1,1,0,118.5,"Q2"
"287",8,8.60153433980004,144,-3.24660037288306,-3.57666746350701,-3.24660037288306,-3.57666746350701,0,0,0,0,118.5,"Q2"
"288",8,8.68067166040002,146,-3.24660037288306,-3.57666746350701,-3.18432344336154,-3.57666746350701,0,1,1,0,118.5,"Q2"
"289",8,10.080461503,147,-3.45736530937196,-3.57666746350701,-3.44104329020936,-3.57666746350701,0,0,1,1,115.5,"Q3"
"290",8,9.01091334729999,149,-3.24660037288306,-3.57666746350701,-3.18432344336154,-3.57666746350701,0,0,0,0,115.5,"Q3"
"291",8,10.915815473,150,-3.33033126579352,-3.63415455442469,-3.18432344336154,-3.57666746350701,0,1,1,1,115.5,"Q3"
"292",8,8.78385589659998,151,-3.24660037288306,-3.7601069634023,-3.18432344336154,-3.57666746350701,1,0,0,0,115.5,"Q3"
"293",8,11.45868045,153,-3.47074844462327,-3.57666746350701,-3.18432344336154,-3.57666746350701,0,0,1,1,114.5,"Q3"
"294",8,10.925074798,154,-3.47074844462327,-3.69514906712753,-3.18432344336154,-3.57666746350701,0,1,1,1,114.5,"Q3"
"295",8,9.59260508690002,156,-3.63415455442469,-3.57666746350701,-3.24660037288306,-3.57666746350701,0,1,1,0,112.5,"Q3"
"296",8,10.313741177,157,-3.47074844462327,-3.57666746350701,-3.24660037288306,-3.57666746350701,0,0,1,1,112.5,"Q3"
"297",8,8.73359406190002,158,-3.24660037288306,-3.57666746350701,-3.18432344336154,-3.69514906712753,0,0,1,0,112.5,"Q3"
"298",8,8.86841328469997,159,-3.24660037288306,-3.7601069634023,-3.18432344336154,-3.69514906712753,0,1,0,0,112.5,"Q3"
"299",8,11.095225819,160,-3.37498153953126,-3.57666746350701,-3.18432344336154,-3.57666746350701,0,0,1,1,106.5,"Q4"
"300",9,8.12917499690002,42,-3.19570876558667,-3.33033126579352,-3.01148063052213,-3.52230625428812,0,0,1,0,160,"Q2"
"301",9,8.48961642359998,43,-3.19570876558667,-3.33033126579352,-3.01148063052213,-3.47074844462327,0,0,1,0,160.4,"Q3"
"302",9,10.514990744,44,-3.20722520764823,-3.33033126579352,-3.01148063052213,-3.33033126579352,0,0,1,1,160.4,"Q3"
"303",9,8.23642052730002,45,-3.19570876558667,-3.33033126579352,-3.01148063052213,-3.33033126579352,0,0,0,0,160.4,"Q3"
"304",9,10.1478445,47,-3.28758971741625,-3.42171901738295,-3.09762658123533,-3.33033126579352,1,0,1,1,160.8,"Q3"
"305",9,8.28601746839997,48,-3.19570876558667,-3.42171901738295,-3.01148063052213,-3.33033126579352,0,0,1,0,160.8,"Q3"
"306",9,8.11012680190003,50,-3.19570876558667,-3.42171901738295,-3.1328414875264,-3.47074844462327,0,1,1,0,160.8,"Q3"
"307",9,8.26975694750001,52,-3.19570876558667,-3.52230625428812,-3.1328414875264,-3.47074844462327,0,0,1,0,150.9,"Q3"
"308",9,10.485032557,53,-3.37498153953126,-3.52230625428812,-3.01148063052213,-3.47074844462327,0,0,1,1,150.9,"Q3"
"309",9,8.23642052730002,54,-3.19570876558667,-3.57666746350701,-3.01148063052213,-3.37498153953126,0,0,1,0,150.9,"Q3"
"310",9,8.47637119690002,55,-3.19570876558667,-3.57666746350701,-3.01148063052213,-3.37498153953126,1,0,0,0,150.9,"Q3"
"311",9,8.3635757028,56,-3.19570876558667,-3.57666746350701,-3.01148063052213,-3.47074844462327,0,1,1,0,147.2,"Q4"
"312",9,10.830916029,57,-3.47074844462327,-3.33033126579352,-3.02748097186857,-3.47074844462327,0,0,1,1,147.2,"Q4"
"313",9,8.25322764560004,58,-3.22118897814561,-4.02785482095327,-3.06360969595708,-3.47074844462327,1,1,0,0,147.2,"Q4"
"314",9,7.92008319910002,59,-3.19570876558667,-3.69514906712753,-3.06360969595708,-3.47074844462327,0,0,1,0,147.2,"Q4"
"315",9,10.770924118,60,-3.47074844462327,-3.69514906712753,-3.06360969595708,-3.47074844462327,1,0,1,1,120.9,"Q4"
"316",9,7.94307271730001,61,-3.19570876558667,-3.90424086498609,-3.06360969595708,-3.47074844462327,0,1,1,0,120.9,"Q4"
"317",9,10.834706305,62,-3.47074844462327,-4.16893341921317,-3.06360969595708,-3.33033126579352,0,0,1,1,120.9,"Q4"
"318",9,9.12172771360001,63,-3.47074844462327,-3.69514906712753,-3.06360969595708,-3.33033126579352,1,0,0,0,120.9,"Q4"
"319",9,9.36288977040002,64,-3.19570876558667,-3.33033126579352,-3.06360969595708,-3.47074844462327,1,0,1,0,120.9,"Q4"
"320",9,9.3406666337,69,-3.47074844462327,-3.52230625428812,-3.52230625428812,-3.47074844462327,0,1,1,0,114.4,"Q1"
"321",9,8.7540029335,70,-3.3841559158073,-4.16893341921317,-3.20722520764823,-3.3841559158073,1,0,1,0,114.4,"Q1"
"322",9,8.58969988220001,71,-3.3841559158073,-3.52230625428812,-3.20722520764823,-3.63415455442469,0,0,1,0,114.4,"Q1"
"323",9,10.929672507,72,-3.47074844462327,-3.52230625428812,-3.06360969595708,-3.63415455442469,0,0,1,1,114.4,"Q1"
"324",9,8.87738195470003,73,-3.3841559158073,-3.7601069634023,-3.06360969595708,-3.47074844462327,1,0,0,0,114.4,"Q1"
"325",9,9.16951837750003,74,-3.40746699467575,-3.7601069634023,-3.24660037288306,-3.47074844462327,0,0,1,0,114.4,"Q1"
"326",9,8.7540029335,75,-3.40746699467575,-3.52230625428812,-3.16934188974592,-3.7601069634023,0,0,1,0,114.4,"Q1"
"327",9,9.0567228833,76,-3.40746699467575,-3.52230625428812,-3.06360969595708,-3.7601069634023,0,0,1,0,114.4,"Q1"
"328",9,10.569057965,77,-3.47074844462327,-3.52230625428812,-3.06360969595708,-3.3841559158073,1,0,1,1,114.4,"Q1"
"329",9,8.71275997499997,78,-3.3841559158073,-4.22075848707776,-3.06360969595708,-3.3841559158073,1,0,0,0,111.7,"Q1"
"330",9,9.47700307720005,79,-3.3841559158073,-3.52230625428812,-3.06360969595708,-3.57666746350701,0,0,1,0,111.7,"Q1"
"331",9,9.84924253769996,81,-3.63415455442469,-3.69514906712753,-3.7601069634023,-3.47074844462327,1,1,0,0,111.7,"Q1"
"332",9,8.68067166040002,83,-3.42171901738295,-3.69514906712753,-3.47074844462327,-4.16893341921317,0,1,0,0,111.7,"Q2"
"333",9,8.92105701820002,84,-3.42171901738295,-4.16893341921317,-3.06360969595708,-3.57666746350701,1,0,0,0,111.7,"Q2"
"334",9,8.68067166040002,85,-3.42171901738295,-3.52230625428812,-3.47074844462327,-3.57666746350701,1,1,0,0,111.7,"Q2"
"335",9,8.64751945309997,89,-3.34351827007548,-3.69514906712753,-3.01148063052213,-3.7601069634023,1,0,0,0,111,"Q2"
"336",9,8.65869275369998,90,-3.34351827007548,-3.69514906712753,-3.01148063052213,-4.03666545063542,0,0,1,0,111,"Q2"
"337",9,8.20193435119999,91,-3.34351827007548,-3.42171901738295,-3.47074844462327,-3.34351827007548,0,0,1,0,111,"Q2"
"338",9,10.626581809,92,-3.63415455442469,-3.81529337896959,-3.47074844462327,-3.63415455442469,1,1,1,1,111,"Q2"
"339",9,9.42157327230005,93,-3.34351827007548,-3.90424086498609,-3.06360969595708,-3.90424086498609,0,1,0,0,111,"Q2"
"340",9,11.0844782800001,94,-3.63415455442469,-3.52230625428812,-3.03071199245002,-3.34351827007548,0,0,1,1,111,"Q2"
"341",9,9.47700307720005,95,-3.63415455442469,-3.52230625428812,-3.47074844462327,-3.34351827007548,0,0,1,0,111,"Q3"
"342",9,8.47637119690002,96,-3.34351827007548,-3.69514906712753,-3.47074844462327,-3.34351827007548,1,1,0,0,111,"Q3"
"343",9,8.5026885052,97,-3.34351827007548,-3.69514906712753,-3.47074844462327,-3.47074844462327,0,0,1,0,111,"Q3"
"344",9,8.0300840943,98,-3.34351827007548,-3.52230625428812,-3.10100690401117,-3.47074844462327,0,1,1,0,111,"Q3"
"345",9,8.21932609390002,99,-3.34351827007548,-4.16893341921317,-3.37498153953126,-3.47074844462327,1,0,1,0,107.2,"Q3"
"346",9,8.3635757028,100,-3.34351827007548,-4.16893341921317,-3.37498153953126,-3.52230625428812,0,0,0,0,107.2,"Q3"
"347",9,8.23642052730002,103,-3.34351827007548,-3.82957933621707,-3.14728217168119,-3.47074844462327,0,0,1,0,107.2,"Q3"
"348",9,8.43554920239998,104,-3.34351827007548,-3.82957933621707,-3.47074844462327,-3.47074844462327,0,1,1,0,107.4,"Q3"
"349",9,10.47604777,105,-3.47074844462327,-3.82957933621707,-3.14728217168119,-3.47074844462327,0,0,1,1,107.4,"Q3"
"350",9,8.79361207160002,106,-3.47074844462327,-3.7014582363208,-3.24660037288306,-3.63415455442469,1,1,1,0,107.4,"Q3"
"351",9,9.07153796909997,107,-3.52230625428812,-3.7014582363208,-3.14728217168119,-3.63415455442469,0,0,1,0,107.4,"Q3"
"352",9,9.43699774259998,108,-3.57666746350701,-3.7014582363208,-3.47074844462327,-3.47074844462327,0,1,0,0,116,"Q4"
"353",9,9.25263328419997,109,-3.57666746350701,-3.7014582363208,-3.14728217168119,-3.46074836128869,1,0,0,0,116,"Q4"
"354",9,8.68067166040002,111,-3.34351827007548,-3.7014582363208,-3.20722520764823,-3.47074844462327,0,1,1,0,116,"Q4"
"355",9,8.0300840943,113,-3.34351827007548,-3.7014582363208,-3.14728217168119,-3.47074844462327,1,0,0,0,127.3,"Q4"
"356",9,8.44934252449998,114,-3.34351827007548,-3.7014582363208,-3.14728217168119,-3.48084954060977,0,0,1,0,127.3,"Q4"
"357",9,9.10052550600004,116,-3.47074844462327,-3.7014582363208,-3.14728217168119,-3.90424086498609,1,0,0,0,127.3,"Q4"
"358",9,8.91247327449998,117,-3.47074844462327,-3.7014582363208,-3.14728217168119,-3.69514906712753,0,0,0,0,131.5,"Q4"
"359",9,8.33327035329998,118,-3.34351827007548,-3.7014582363208,-3.14728217168119,-3.52230625428812,1,0,0,0,131.5,"Q4"
"360",9,7.94307271730001,119,-3.34351827007548,-3.7014582363208,-3.14728217168119,-3.63415455442469,0,0,1,0,131.5,"Q4"
"361",9,10.455992403,120,-3.47074844462327,-3.7014582363208,-3.28758971741625,-3.63415455442469,1,0,1,1,131.5,"Q4"
"362",9,9.55704578489998,121,-3.47074844462327,-3.7014582363208,-3.28758971741625,-3.57666746350701,0,0,0,0,135.1,"Q1"
"363",9,8.28601746839997,122,-3.47074844462327,-3.7014582363208,-3.33033126579352,-3.7601069634023,0,1,1,0,135.1,"Q1"
"364",9,9.47700307720005,123,-3.24660037288306,-3.7014582363208,-3.33033126579352,-3.7601069634023,0,0,1,1,135.1,"Q1"
"365",9,9.7610019042,124,-3.24660037288306,-3.7014582363208,-3.06360969595708,-3.57666746350701,0,0,1,1,135.1,"Q1"
"366",9,8.12917499690002,125,-3.24660037288306,-3.7014582363208,-3.06360969595708,-3.57666746350701,0,0,0,0,135.1,"Q1"
"367",9,8.62479120200004,126,-3.18055696056606,-3.7014582363208,-3.06360969595708,-3.7601069634023,0,0,1,0,134.7,"Q1"
"368",9,8.46294817659997,127,-3.47074844462327,-3.7014582363208,-3.47074844462327,-4.16893341921317,0,1,0,0,134.7,"Q1"
"369",9,8.5656023306,129,-3.47074844462327,-3.7014582363208,-3.47074844462327,-3.57666746350701,0,1,1,0,134.7,"Q1"
"370",9,8.62479120200004,130,-3.18055696056606,-3.7014582363208,-3.57666746350701,-3.63415455442469,1,0,0,0,134.7,"Q1"
"371",9,10.104303692,131,-3.47074844462327,-3.7014582363208,-3.57666746350701,-3.69514906712753,0,0,1,1,134.7,"Q1"
"372",9,8.63621989780004,132,-3.47074844462327,-3.7014582363208,-3.57666746350701,-3.69514906712753,0,1,0,0,134.7,"Q1"
"373",9,8.25322764560004,133,-3.18055696056606,-3.7014582363208,-3.1328414875264,-3.90424086498609,0,0,1,0,134.7,"Q1"
"374",9,9.64782080949995,134,-3.47074844462327,-3.7014582363208,-3.24259235148552,-3.90424086498609,0,1,1,1,134.3,"Q2"
"375",9,8.86841328469997,135,-3.47074844462327,-3.7014582363208,-3.24259235148552,-3.63415455442469,0,0,0,0,134.3,"Q2"
"376",9,8.23642052730002,136,-3.18055696056606,-3.90424086498609,-3.07707791300794,-3.63415455442469,1,0,0,0,134.3,"Q2"
"377",9,10.610932038,137,-3.47074844462327,-3.90424086498609,-3.07707791300794,-3.57666746350701,0,0,1,1,134.3,"Q2"
"378",9,7.96554557310002,138,-3.18055696056606,-3.52230625428812,-3.35240721749272,-3.57666746350701,0,1,1,0,134.3,"Q2"
"379",9,8.34853782539999,139,-3.18055696056606,-3.52230625428812,-3.09762658123533,-3.57666746350701,0,1,1,0,126.2,"Q2"
"380",9,8.12917499690002,140,-3.18055696056606,-3.47074844462327,-3.09762658123533,-3.57666746350701,0,0,0,0,126.2,"Q2"
"381",9,10.678030371,141,-3.47074844462327,-3.63415455442469,-3.06360969595708,-3.57666746350701,0,0,1,1,126.2,"Q2"
"382",9,7.76980099600004,143,-3.16934188974592,-3.63415455442469,-3.24660037288306,-3.57666746350701,0,1,1,0,118.5,"Q2"
"383",9,10.8245668009999,150,-3.33033126579352,-3.63415455442469,-3.1328414875264,-3.57666746350701,0,1,1,1,115.5,"Q3"
"384",9,7.92008319910002,151,-3.16934188974592,-3.7601069634023,-3.06360969595708,-3.57666746350701,1,0,0,0,115.5,"Q3"
"385",9,11.174595504,153,-3.47074844462327,-3.47074844462327,-3.06360969595708,-3.57666746350701,0,0,1,1,114.5,"Q3"
"386",9,10.236525327,154,-3.47074844462327,-3.57666746350701,-3.1328414875264,-3.57666746350701,0,1,1,1,114.5,"Q3"
"387",9,9.41115651140004,155,-3.63415455442469,-3.90424086498609,-3.09762658123533,-3.57666746350701,0,1,1,0,114.5,"Q3"
"388",9,9.39532504620004,156,-3.63415455442469,-3.47074844462327,-3.24660037288306,-3.50655789731998,0,1,1,0,112.5,"Q3"
"389",9,10.315862069,157,-3.47074844462327,-3.40276110363834,-3.24660037288306,-3.50655789731998,0,0,1,1,112.5,"Q3"
"390",9,9.32366905730002,158,-3.16934188974592,-3.40276110363834,-3.06360969595708,-3.69514906712753,0,0,1,0,112.5,"Q3"
"391",9,8.39298958799997,159,-3.24660037288306,-3.7601069634023,-3.1328414875264,-3.69514906712753,0,1,0,0,112.5,"Q3"
"392",9,11.05050898,160,-3.37498153953126,-3.40276110363834,-2.99573227355399,-3.50655789731998,0,0,1,1,106.5,"Q4"
"393",12,8.30201780980003,42,-3.00515149547048,-3.16934188974592,-2.99886216656292,-3.52230625428812,0,0,1,0,160,"Q2"
"394",12,8.46294817659997,43,-3.00515149547048,-3.16934188974592,-2.99886216656292,-3.47074844462327,0,0,1,0,160.4,"Q3"
"395",12,10.757392112,44,-3.20722520764823,-3.16934188974592,-2.99886216656292,-3.18432344336154,0,0,1,1,160.4,"Q3"
"396",12,8.30201780980003,45,-3.00515149547048,-3.16934188974592,-2.99886216656292,-3.57666746350701,0,0,0,0,160.4,"Q3"
"397",12,8.76405326930003,46,-3.00515149547048,-3.16934188974592,-3.09762658123533,-3.57666746350701,0,1,1,0,160.4,"Q3"
"398",12,10.433645105,47,-3.28758971741625,-3.42171901738295,-3.09762658123533,-3.18432344336154,1,0,1,1,160.8,"Q3"
"399",12,8.42156296040003,48,-3.00515149547048,-3.42171901738295,-2.99886216656292,-3.28758971741625,0,0,1,0,160.8,"Q3"
"400",12,8.31776616669999,50,-3.00515149547048,-3.42171901738295,-3.1328414875264,-3.47074844462327,0,1,1,0,160.8,"Q3"
"401",12,8.5026885052,51,-3.00515149547048,-3.52230625428812,-3.1328414875264,-3.33033126579352,1,0,1,0,160.8,"Q3"
"402",12,8.40737832540001,52,-3.00515149547048,-3.52230625428812,-3.1328414875264,-3.47074844462327,0,0,1,0,150.9,"Q3"
"403",12,10.719913749,53,-3.37498153953126,-3.52230625428812,-2.99886216656292,-3.47074844462327,0,0,1,1,150.9,"Q3"
"404",12,8.48961642359998,54,-3.00515149547048,-3.57666746350701,-2.99886216656292,-3.47074844462327,0,0,1,0,150.9,"Q3"
"405",12,8.78385589659998,55,-3.00515149547048,-3.57666746350701,-2.99886216656292,-3.47074844462327,1,0,0,0,150.9,"Q3"
"406",12,9.20873909060002,56,-3.00515149547048,-3.57666746350701,-3.06360969595708,-3.47074844462327,0,1,1,0,147.2,"Q4"
"407",12,11.076588693,57,-3.47074844462327,-3.16934188974592,-3.06360969595708,-3.47074844462327,0,0,1,1,147.2,"Q4"
"408",12,8.5777236912,58,-3.09962887902917,-3.94377170374273,-3.06360969595708,-3.47074844462327,1,1,0,0,147.2,"Q4"
"409",12,8.60153433980004,59,-3.00515149547048,-3.69514906712753,-3.06360969595708,-3.47074844462327,0,0,1,0,147.2,"Q4"
"410",12,10.34096799,60,-3.47074844462327,-3.69514906712753,-3.06360969595708,-3.47074844462327,1,0,1,1,120.9,"Q4"
"411",12,10.961277847,62,-3.47074844462327,-4.16893341921317,-3.06360969595708,-3.16934188974592,0,0,1,1,120.9,"Q4"
"412",12,9.64782080949995,63,-3.47074844462327,-3.69514906712753,-3.06360969595708,-3.33033126579352,1,0,0,0,120.9,"Q4"
"413",12,9.83563688559998,64,-3.00515149547048,-3.24660037288306,-3.06360969595708,-3.47074844462327,1,0,1,0,120.9,"Q4"
"414",12,9.82184356349995,69,-3.47074844462327,-3.16934188974592,-3.52230625428812,-3.47074844462327,0,1,1,0,114.4,"Q1"
"415",12,8.68067166040002,70,-3.20722520764823,-4.16893341921317,-3.20722520764823,-3.24660037288306,1,0,1,0,114.4,"Q1"
"416",12,8.86841328469997,71,-3.20722520764823,-3.16934188974592,-3.20722520764823,-3.63415455442469,0,0,1,0,114.4,"Q1"
"417",12,11.159217544,72,-3.47074844462327,-3.16934188974592,-2.99886216656292,-3.63415455442469,0,0,1,1,114.4,"Q1"
"418",12,9.19583568579999,73,-3.20722520764823,-3.7601069634023,-2.99886216656292,-3.47074844462327,1,0,0,0,114.4,"Q1"
"419",12,9.14248970509999,74,-3.24660037288306,-3.7601069634023,-3.24660037288306,-3.47074844462327,0,0,1,0,114.4,"Q1"
"420",12,8.94637482609996,75,-3.24660037288306,-3.16934188974592,-3.16934188974592,-3.7601069634023,0,0,1,0,114.4,"Q1"
"421",12,9.7610019042,76,-3.24660037288306,-3.16934188974592,-2.99886216656292,-3.7601069634023,0,0,1,0,114.4,"Q1"
"422",12,11.1445249010001,77,-3.47074844462327,-3.47074844462327,-2.99886216656292,-3.37498153953126,1,0,1,1,114.4,"Q1"
"423",12,8.86841328469997,78,-3.20722520764823,-4.07270538711862,-2.99886216656292,-3.37498153953126,1,0,0,0,111.7,"Q1"
"424",12,9.90188627120002,79,-3.20722520764823,-3.16934188974592,-2.99886216656292,-3.57666746350701,0,0,1,0,111.7,"Q1"
"425",12,10.276980281,81,-3.63415455442469,-3.69514906712753,-3.63415455442469,-3.37498153953126,1,1,0,0,111.7,"Q1"
"426",12,9.07886400919999,83,-3.42171901738295,-3.69514906712753,-3.47074844462327,-4.03666545063542,0,1,0,0,111.7,"Q2"
"427",12,9.32936707840001,84,-3.42171901738295,-4.16893341921317,-2.99886216656292,-3.57666746350701,1,0,0,0,111.7,"Q2"
"428",12,9.03408040660004,85,-3.42171901738295,-3.16934188974592,-3.47074844462327,-3.57666746350701,1,1,0,0,111.7,"Q2"
"429",12,8.62479120200004,91,-3.28758971741625,-3.28758971741625,-3.47074844462327,-3.28758971741625,0,0,1,0,111,"Q2"
"430",12,10.739522221,92,-3.57666746350701,-3.7601069634023,-3.47074844462327,-3.57666746350701,1,1,1,1,111,"Q2"
"431",12,10.088472227,93,-3.28758971741625,-3.90424086498609,-3.06360969595708,-3.90424086498609,0,1,0,0,111,"Q2"
"432",12,9.86931010069997,95,-3.63415455442469,-3.47074844462327,-3.47074844462327,-3.28758971741625,0,0,1,0,111,"Q3"
"433",12,8.5656023306,96,-3.28758971741625,-3.69514906712753,-3.47074844462327,-3.28758971741625,1,1,0,0,111,"Q3"
"434",12,8.7540029335,97,-3.28758971741625,-3.69514906712753,-3.47074844462327,-3.47074844462327,0,0,1,0,111,"Q3"
"435",12,8.48961642359998,99,-3.28758971741625,-4.16893341921317,-3.37498153953126,-3.47074844462327,1,0,1,0,107.2,"Q3"
"436",12,8.5026885052,100,-3.28758971741625,-4.16893341921317,-3.37498153953126,-3.52230625428812,0,0,0,0,107.2,"Q3"
"437",12,9.99369382040004,101,-3.28758971741625,-3.7601069634023,-3.28758971741625,-3.37498153953126,1,0,0,0,107.2,"Q3"
"438",12,11.929950169,102,-3.90424086498609,-3.7601069634023,-3.10457105358814,-3.37498153953126,0,0,1,1,107.2,"Q3"
"439",12,8.85023096560004,103,-3.28758971741625,-3.82957933621707,-3.10457105358814,-3.47074844462327,0,0,1,0,107.2,"Q3"
"440",12,9.5838331008,106,-3.47074844462327,-3.7014582363208,-3.24660037288306,-3.63415455442469,1,1,1,0,107.4,"Q3"
"441",12,10.058780437,108,-3.57666746350701,-3.7014582363208,-3.47074844462327,-3.47074844462327,0,1,0,0,116,"Q4"
"442",12,9.92720407919997,109,-3.57666746350701,-3.7014582363208,-3.10457105358814,-3.46074836128869,1,0,0,0,116,"Q4"
"443",12,9.38462975710001,111,-3.28758971741625,-3.7014582363208,-3.20722520764823,-3.47074844462327,0,1,1,0,116,"Q4"
"444",12,8.63621989780004,113,-3.28758971741625,-3.7014582363208,-3.10457105358814,-3.47074844462327,1,0,0,0,127.3,"Q4"
"445",12,9.86599334810001,114,-3.28758971741625,-3.7014582363208,-3.10457105358814,-3.48084954060977,0,0,1,0,127.3,"Q4"
"446",12,9.82876400630004,115,-3.47074844462327,-3.7014582363208,-3.47074844462327,-3.47074844462327,0,1,1,0,127.3,"Q4"
"447",12,9.53416149100001,116,-3.47074844462327,-3.7014582363208,-3.10457105358814,-3.90424086498609,1,0,0,0,127.3,"Q4"
"448",12,9.10764297370002,117,-3.47074844462327,-3.7014582363208,-3.10457105358814,-3.69514906712753,0,0,0,0,131.5,"Q4"
"449",12,8.77400360019999,118,-3.28758971741625,-3.7014582363208,-3.10457105358814,-3.52230625428812,1,0,0,0,131.5,"Q4"
"450",12,8.62479120200004,119,-3.28758971741625,-3.7014582363208,-3.10457105358814,-3.63415455442469,0,0,1,0,131.5,"Q4"
"451",12,10.646567102,120,-3.47074844462327,-3.7014582363208,-3.28758971741625,-3.63415455442469,1,0,1,1,131.5,"Q4"
"452",12,9.91778485720003,121,-3.47074844462327,-3.7014582363208,-3.28758971741625,-3.57666746350701,0,0,0,0,135.1,"Q1"
"453",12,9.06415786180001,122,-3.47074844462327,-3.7014582363208,-3.33033126579352,-3.7601069634023,0,1,1,0,135.1,"Q1"
"454",12,10.189568344,123,-3.24660037288306,-3.7014582363208,-3.33033126579352,-3.7601069634023,0,0,1,1,135.1,"Q1"
"455",12,10.066966022,124,-3.24660037288306,-3.7014582363208,-2.99886216656292,-3.47074844462327,0,0,1,1,135.1,"Q1"
"456",12,9.42674124240004,125,-3.24660037288306,-3.7014582363208,-2.99886216656292,-3.47074844462327,0,0,0,0,135.1,"Q1"
"457",12,8.70217786560003,126,-3.1328414875264,-3.7014582363208,-2.99886216656292,-3.7601069634023,0,0,1,0,134.7,"Q1"
"458",12,9.16951837750003,127,-3.47074844462327,-3.7014582363208,-3.47074844462327,-4.16893341921317,0,1,0,0,134.7,"Q1"
"459",12,9.19583568579999,129,-3.47074844462327,-3.7014582363208,-3.47074844462327,-3.47074844462327,0,1,1,0,134.7,"Q1"
"460",12,8.85023096560004,130,-3.1328414875264,-3.7014582363208,-3.57666746350701,-3.63415455442469,1,0,0,0,134.7,"Q1"
"461",12,10.5491237499999,131,-3.47074844462327,-3.7014582363208,-3.57666746350701,-3.69514906712753,0,0,1,1,134.7,"Q1"
"462",12,10.550800197,134,-3.47074844462327,-3.7014582363208,-3.24259235148552,-3.90424086498609,0,1,1,1,134.3,"Q2"
"463",12,9.10052550600004,136,-3.1328414875264,-3.90424086498609,-3.04374149274035,-3.63415455442469,1,0,0,0,134.3,"Q2"
"464",12,10.7056684939999,137,-3.42171901738295,-3.90424086498609,-3.04374149274035,-3.47074844462327,0,0,1,1,134.3,"Q2"
"465",12,8.34853782539999,138,-3.1328414875264,-3.47074844462327,-3.28758971741625,-3.33033126579352,0,1,1,0,134.3,"Q2"
"466",12,8.90381521169997,139,-3.1328414875264,-3.47074844462327,-3.09762658123533,-3.47074844462327,0,1,1,0,126.2,"Q2"
"467",12,8.81284343350004,140,-3.1328414875264,-3.42171901738295,-3.09762658123533,-3.47074844462327,0,0,0,0,126.2,"Q2"
"468",12,10.670628413,141,-3.42171901738295,-3.63415455442469,-3.06360969595708,-3.28758971741625,0,0,1,1,126.2,"Q2"
"469",12,8.71275997499997,142,-3.1328414875264,-3.63415455442469,-3.09762658123533,-3.47074844462327,0,0,1,0,126.2,"Q2"
"470",12,8.31776616669999,143,-3.09762658123533,-3.63415455442469,-3.24660037288306,-3.28758971741625,0,1,1,0,118.5,"Q2"
"471",12,8.71275997499997,144,-3.09762658123533,-3.42171901738295,-3.24660037288306,-3.36137588747548,0,0,0,0,118.5,"Q2"
"472",12,8.42156296040003,145,-3.09762658123533,-3.42171901738295,-3.47074844462327,-3.36137588747548,0,1,1,0,118.5,"Q2"
"473",12,8.34853782539999,146,-3.09762658123533,-3.47074844462327,-3.06360969595708,-3.47074844462327,0,1,1,0,118.5,"Q2"
"474",12,10.069679727,147,-3.46925291223325,-3.47074844462327,-3.16934188974592,-3.47074844462327,0,0,1,1,115.5,"Q3"
"475",12,10.99406767,150,-3.33033126579352,-3.63415455442469,-3.1328414875264,-3.42171901738295,0,1,1,1,115.5,"Q3"
"476",12,8.91247327449998,151,-3.09762658123533,-3.7601069634023,-3.06360969595708,-3.42171901738295,1,0,0,0,115.5,"Q3"
"477",12,11.381449102,153,-3.47074844462327,-3.42171901738295,-3.06360969595708,-3.28758971741625,0,0,1,1,114.5,"Q3"
"478",12,10.9467280659999,154,-3.47074844462327,-3.52230625428812,-3.1328414875264,-3.47074844462327,0,1,1,1,114.5,"Q3"
"479",12,10.101682458,155,-3.63415455442469,-3.90424086498609,-3.09762658123533,-3.47074844462327,0,1,1,0,114.5,"Q3"
"480",12,9.97896601369997,156,-3.63415455442469,-3.42171901738295,-3.24660037288306,-3.47074844462327,0,1,1,0,112.5,"Q3"
"481",12,10.895850041,157,-3.47074844462327,-3.42171901738295,-3.24660037288306,-3.28758971741625,0,0,1,1,112.5,"Q3"
"482",12,8.85023096560004,158,-3.09762658123533,-3.42171901738295,-3.06360969595708,-3.69514906712753,0,0,1,0,112.5,"Q3"
"483",12,8.78385589659998,159,-3.16934188974592,-3.7601069634023,-3.1328414875264,-3.69514906712753,0,1,0,0,112.5,"Q3"
"484",12,11.129613162,160,-3.37498153953126,-3.42171901738295,-3.06360969595708,-3.47074844462327,0,0,1,1,106.5,"Q4"
"485",14,7.82244472949999,40,-3.00515149547048,-3.69514906712753,-3.16934188974592,-3.54369744426944,1,1,1,0,160,"Q2"
"486",14,7.82244472949999,42,-3.00515149547048,-3.16934188974592,-2.99886216656292,-3.52230625428812,0,0,1,0,160,"Q2"
"487",14,7.84776253750002,43,-3.00515149547048,-3.16934188974592,-2.99886216656292,-3.47074844462327,0,0,1,0,160.4,"Q3"
"488",14,10.175040243,44,-3.20722520764823,-3.16934188974592,-2.99886216656292,-3.18432344336154,0,0,1,1,160.4,"Q3"
"489",14,8.0709060888,45,-3.00515149547048,-3.16934188974592,-2.99886216656292,-3.28758971741625,0,0,0,0,160.4,"Q3"
"490",14,9.79009486520004,47,-3.28758971741625,-3.42171901738295,-3.09762658123533,-3.18432344336154,1,0,1,1,160.8,"Q3"
"491",14,8.12917499690002,48,-3.00515149547048,-3.42171901738295,-2.99886216656292,-3.28758971741625,0,0,1,0,160.8,"Q3"
"492",14,7.94307271730001,50,-3.00515149547048,-3.42171901738295,-3.1328414875264,-3.47074844462327,0,1,1,0,160.8,"Q3"
"493",14,8.0709060888,51,-3.00515149547048,-3.52230625428812,-3.1328414875264,-3.33033126579352,1,0,1,0,160.8,"Q3"
"494",14,8.00903068509998,52,-3.00515149547048,-3.52230625428812,-3.1328414875264,-3.47074844462327,0,0,1,0,150.9,"Q3"
"495",14,10.157819645,53,-3.37498153953126,-3.52230625428812,-2.99886216656292,-3.47074844462327,0,0,1,1,150.9,"Q3"
"496",14,8.31776616669999,54,-3.00515149547048,-3.57666746350701,-2.99886216656292,-3.28758971741625,0,0,1,0,150.9,"Q3"
"497",14,8.12917499690002,55,-3.00515149547048,-3.57666746350701,-2.99886216656292,-3.28758971741625,1,0,0,0,150.9,"Q3"
"498",14,9.25874951120003,56,-3.00515149547048,-3.57666746350701,-2.99886216656292,-3.47074844462327,0,1,1,0,147.2,"Q4"
"499",14,10.263676316,57,-3.47074844462327,-3.16934188974592,-3.03071199245002,-3.47074844462327,0,0,1,1,147.2,"Q4"
"500",14,8.65869275369998,58,-3.1058110538478,-3.94377170374273,-3.06360969595708,-3.47074844462327,1,1,0,0,147.2,"Q4"
"501",14,8.12917499690002,59,-3.00515149547048,-3.69514906712753,-3.06360969595708,-3.47074844462327,0,0,1,0,147.2,"Q4"
"502",14,10.241101994,60,-3.47074844462327,-3.69514906712753,-3.06360969595708,-3.47074844462327,1,0,1,1,120.9,"Q4"
"503",14,7.87245515010004,61,-3.00515149547048,-3.90424086498609,-3.06360969595708,-3.47074844462327,0,1,1,0,120.9,"Q4"
"504",14,10.281375893,62,-3.47074844462327,-4.16893341921317,-3.06360969595708,-3.16934188974592,0,0,1,1,120.9,"Q4"
"505",14,9.3406666337,63,-3.47074844462327,-3.69514906712753,-3.06360969595708,-3.33033126579352,1,0,0,0,120.9,"Q4"
"506",14,8.92105701820002,64,-3.00515149547048,-3.24660037288306,-3.06360969595708,-3.47074844462327,1,0,1,0,120.9,"Q4"
"507",14,10.170150258,65,-3.47074844462327,-3.16934188974592,-3.16934188974592,-3.47074844462327,0,0,1,1,117.8,"Q4"
"508",14,9.69621735039997,67,-3.47074844462327,-3.16934188974592,-3.28758971741625,-3.47074844462327,0,0,1,0,117.8,"Q4"
"509",14,9.35183993419999,68,-3.47074844462327,-3.16934188974592,-3.28758971741625,-3.63415455442469,0,0,1,0,117.8,"Q4"
"510",14,9.62271488840001,69,-3.47074844462327,-3.16934188974592,-3.52230625428812,-3.47074844462327,0,1,1,0,114.4,"Q1"
"511",14,8.48961642359998,70,-3.20722520764823,-4.16893341921317,-3.20722520764823,-3.24660037288306,1,0,1,0,114.4,"Q1"
"512",14,8.37839078850004,71,-3.20722520764823,-3.16934188974592,-3.20722520764823,-3.63415455442469,0,0,1,0,114.4,"Q1"
"513",14,10.268130666,72,-3.47074844462327,-3.16934188974592,-2.99886216656292,-3.63415455442469,0,0,1,1,114.4,"Q1"
"514",14,8.55333223800003,73,-3.20722520764823,-3.7601069634023,-2.99886216656292,-3.47074844462327,1,0,0,0,114.4,"Q1"
"515",14,8.60153433980004,74,-3.24660037288306,-3.7601069634023,-3.24660037288306,-3.47074844462327,0,0,1,0,114.4,"Q1"
"516",14,8.68067166040002,75,-3.24660037288306,-3.16934188974592,-3.16934188974592,-3.7601069634023,0,0,1,0,114.4,"Q1"
"517",14,9.19583568579999,76,-3.24660037288306,-3.16934188974592,-2.99886216656292,-3.7601069634023,0,0,1,0,114.4,"Q1"
"518",14,10.064244931,77,-3.47074844462327,-3.47074844462327,-2.99886216656292,-3.37498153953126,1,0,1,1,114.4,"Q1"
"519",14,8.31776616669999,78,-3.20722520764823,-4.07270538711862,-2.99886216656292,-3.37498153953126,1,0,0,0,111.7,"Q1"
"520",14,9.46715078080002,79,-3.20722520764823,-3.16934188974592,-2.99886216656292,-3.57666746350701,0,0,1,0,111.7,"Q1"
"521",14,9.87919486000003,81,-3.63415455442469,-3.69514906712753,-3.63415455442469,-3.37498153953126,1,1,0,0,111.7,"Q1"
"522",14,9.06415786180001,83,-3.42171901738295,-3.69514906712753,-3.47074844462327,-4.03666545063542,0,1,0,0,111.7,"Q2"
"523",14,8.68067166040002,84,-3.42171901738295,-4.16893341921317,-2.99886216656292,-3.57666746350701,1,0,0,0,111.7,"Q2"
"524",14,8.89508153180002,85,-3.42171901738295,-3.16934188974592,-3.47074844462327,-3.57666746350701,1,1,0,0,111.7,"Q2"
"525",14,10.077776938,86,-3.42171901738295,-3.16934188974592,-3.47074844462327,-3.7601069634023,0,1,0,0,111,"Q2"
"526",14,8.5026885052,88,-3.28758971741625,-3.16934188974592,-3.33033126579352,-3.7601069634023,0,1,1,0,111,"Q2"
"527",14,8.54090971799997,89,-3.28758971741625,-3.69514906712753,-2.99886216656292,-3.7601069634023,1,0,0,0,111,"Q2"
"528",14,8.55333223800003,90,-3.28758971741625,-3.69514906712753,-2.99886216656292,-4.03666545063542,0,0,1,0,111,"Q2"
"529",14,7.96554557310002,91,-3.28758971741625,-3.16934188974592,-3.47074844462327,-3.28758971741625,0,0,1,0,111,"Q2"
"530",14,9.5660548548,92,-3.57666746350701,-3.7601069634023,-3.47074844462327,-3.57666746350701,1,1,1,1,111,"Q2"
"531",14,9.42674124240004,93,-3.28758971741625,-3.90424086498609,-3.06360969595708,-3.90424086498609,0,1,0,0,111,"Q2"
"532",14,10.567411874,94,-3.63415455442469,-3.47074844462327,-3.03071199245002,-3.28758971741625,0,0,1,1,111,"Q2"
"533",14,9.32366905730002,95,-3.63415455442469,-3.47074844462327,-3.47074844462327,-3.28758971741625,0,0,1,0,111,"Q3"
"534",14,7.89655270159997,96,-3.28758971741625,-3.69514906712753,-3.47074844462327,-3.28758971741625,1,1,0,0,111,"Q3"
"535",14,8.31776616669999,97,-3.28758971741625,-3.69514906712753,-3.47074844462327,-3.47074844462327,0,0,1,0,111,"Q3"
"536",14,8.05070338149999,98,-3.28758971741625,-3.47074844462327,-3.08489601467287,-3.47074844462327,0,1,1,0,111,"Q3"
"537",14,7.89655270159997,99,-3.28758971741625,-4.16893341921317,-3.37498153953126,-3.47074844462327,1,0,1,0,107.2,"Q3"
"538",14,7.89655270159997,100,-3.28758971741625,-4.16893341921317,-3.37498153953126,-3.52230625428812,0,0,0,0,107.2,"Q3"
"539",14,9.6519445267,101,-3.28758971741625,-3.7601069634023,-3.28758971741625,-3.37498153953126,1,0,0,0,107.2,"Q3"
"540",14,8.8032739825,103,-3.28758971741625,-3.82957933621707,-3.10457105358814,-3.47074844462327,0,0,1,0,107.2,"Q3"
"541",14,9.98192897880002,105,-3.47074844462327,-3.82957933621707,-3.10457105358814,-3.82957933621707,0,0,1,1,107.4,"Q3"
"542",14,9.06415786180001,106,-3.47074844462327,-3.7014582363208,-3.24660037288306,-3.63415455442469,1,1,1,0,107.4,"Q3"
"543",14,9.37923890839995,107,-3.52230625428812,-3.7014582363208,-3.10457105358814,-3.63415455442469,0,0,1,0,107.4,"Q3"
"544",14,9.60992153690002,108,-3.57666746350701,-3.7014582363208,-3.47074844462327,-3.47074844462327,0,1,0,0,116,"Q4"
"545",14,9.24647941859996,109,-3.57666746350701,-3.7014582363208,-3.10457105358814,-3.46074836128869,1,0,0,0,116,"Q4"
"546",14,8.71275997499997,111,-3.28758971741625,-3.7014582363208,-3.20722520764823,-3.47074844462327,0,1,1,0,116,"Q4"
"547",14,8.52833093580003,113,-3.28758971741625,-3.7014582363208,-3.10457105358814,-3.47074844462327,1,0,0,0,127.3,"Q4"
"548",14,9.01091334729999,114,-3.28758971741625,-3.7014582363208,-3.10457105358814,-3.48084954060977,0,0,1,0,127.3,"Q4"
"549",14,9.64782080949995,115,-3.47074844462327,-3.7014582363208,-3.47074844462327,-3.47074844462327,0,1,1,0,127.3,"Q4"
"550",14,9.14248970509999,116,-3.47074844462327,-3.7014582363208,-3.10457105358814,-3.90424086498609,1,0,0,0,127.3,"Q4"
"551",14,8.96290412809996,117,-3.47074844462327,-3.7014582363208,-3.10457105358814,-3.69514906712753,0,0,0,0,131.5,"Q4"
"552",14,8.26975694750001,118,-3.28758971741625,-3.7014582363208,-3.10457105358814,-3.52230625428812,1,0,0,0,131.5,"Q4"
"553",14,8.71275997499997,119,-3.28758971741625,-3.7014582363208,-3.10457105358814,-3.63415455442469,0,0,1,0,131.5,"Q4"
"554",14,9.73861290929997,120,-3.47074844462327,-3.7014582363208,-3.28758971741625,-3.63415455442469,1,0,1,1,131.5,"Q4"
"555",14,8.95467362900003,122,-3.47074844462327,-3.7014582363208,-3.33033126579352,-3.7601069634023,0,1,1,0,135.1,"Q1"
"556",14,9.3573801146,123,-3.24660037288306,-3.7014582363208,-3.33033126579352,-3.7601069634023,0,0,1,1,135.1,"Q1"
"557",14,8.58969988220001,125,-3.24660037288306,-3.7014582363208,-2.99886216656292,-3.47074844462327,0,0,0,0,135.1,"Q1"
"558",14,9.06415786180001,126,-3.1328414875264,-3.7014582363208,-2.99886216656292,-3.7601069634023,0,0,1,0,134.7,"Q1"
"559",14,8.92956770779998,129,-3.47074844462327,-3.7014582363208,-3.47074844462327,-3.47074844462327,0,1,1,0,134.7,"Q1"
"560",14,8.73359406190002,130,-3.1328414875264,-3.7014582363208,-3.57666746350701,-3.63415455442469,1,0,0,0,134.7,"Q1"
"561",14,10.119888423,131,-3.47074844462327,-3.7014582363208,-3.57666746350701,-3.69514906712753,0,0,1,1,134.7,"Q1"
"562",14,9.114710141,132,-3.47074844462327,-3.7014582363208,-3.57666746350701,-3.69514906712753,0,1,0,0,134.7,"Q1"
"563",14,9.14931567009999,133,-3.1328414875264,-3.7014582363208,-3.1328414875264,-3.90424086498609,0,0,1,0,134.7,"Q1"
"564",14,10.022514259,134,-3.47074844462327,-3.7014582363208,-3.24259235148552,-3.90424086498609,0,1,1,1,134.3,"Q2"
"565",14,8.71275997499997,136,-3.1328414875264,-3.90424086498609,-3.04374149274035,-3.63415455442469,1,0,0,0,134.3,"Q2"
"566",14,10.187161604,137,-3.42171901738295,-3.90424086498609,-3.04374149274035,-3.47074844462327,0,0,1,1,134.3,"Q2"
"567",14,8.34853782539999,138,-3.1328414875264,-3.47074844462327,-3.28758971741625,-3.33033126579352,0,1,1,0,134.3,"Q2"
"568",14,8.62479120200004,139,-3.1328414875264,-3.47074844462327,-3.09762658123533,-3.47074844462327,0,1,1,0,126.2,"Q2"
"569",14,8.85023096560004,140,-3.1328414875264,-3.42171901738295,-3.09762658123533,-3.47074844462327,0,0,0,0,126.2,"Q2"
"570",14,10.152844511,141,-3.42171901738295,-3.63415455442469,-3.06360969595708,-3.28758971741625,0,0,1,1,126.2,"Q2"
"571",14,8.44934252449998,143,-3.09762658123533,-3.63415455442469,-3.24660037288306,-3.28758971741625,0,1,1,0,118.5,"Q2"
"572",14,8.61323037960001,144,-3.09762658123533,-3.42171901738295,-3.24660037288306,-3.36137588747548,0,0,0,0,118.5,"Q2"
"573",14,8.34853782539999,145,-3.09762658123533,-3.42171901738295,-3.47074844462327,-3.36137588747548,0,1,1,0,118.5,"Q2"
"574",14,8.83171191779997,146,-3.09762658123533,-3.47074844462327,-3.06360969595708,-3.47074844462327,0,1,1,0,118.5,"Q2"
"575",14,9.85261522220004,147,-3.45189723006835,-3.47074844462327,-3.16934188974592,-3.47074844462327,0,0,1,1,115.5,"Q3"
"576",14,8.52833093580003,148,-3.37498153953126,-3.90424086498609,-3.16934188974592,-3.52230625428812,0,0,1,1,115.5,"Q3"
"577",14,8.70217786560003,149,-3.09762658123533,-3.42171901738295,-3.06360969595708,-3.42171901738295,0,0,0,0,115.5,"Q3"
"578",14,10.575615366,150,-3.33033126579352,-3.63415455442469,-3.1328414875264,-3.42171901738295,0,1,1,1,115.5,"Q3"
"579",14,8.78385589659998,151,-3.09762658123533,-3.7601069634023,-3.06360969595708,-3.42171901738295,1,0,0,0,115.5,"Q3"
"580",14,10.7546635970001,153,-3.47074844462327,-3.42171901738295,-3.06360969595708,-3.28758971741625,0,0,1,1,114.5,"Q3"
"581",14,10.276980281,154,-3.47074844462327,-3.52230625428812,-3.1328414875264,-3.47074844462327,0,1,1,1,114.5,"Q3"
"582",14,9.85932665679996,155,-3.63415455442469,-3.90424086498609,-3.09762658123533,-3.47074844462327,0,1,1,0,114.5,"Q3"
"583",14,10.206255262,157,-3.47074844462327,-3.35240721749272,-3.24660037288306,-3.2188758248682,0,0,1,1,112.5,"Q3"
"584",14,8.86841328469997,158,-3.09762658123533,-3.35240721749272,-2.99886216656292,-3.69514906712753,0,0,1,0,112.5,"Q3"
"585",14,8.73359406190002,159,-3.16934188974592,-3.7601069634023,-3.1328414875264,-3.69514906712753,0,1,0,0,112.5,"Q3"
"586",14,10.929672507,160,-3.37498153953126,-3.35240721749272,-2.99573227355399,-3.47074844462327,0,0,1,1,106.5,"Q4"
"587",18,10.6435183189999,44,-3.20722520764823,-3.33033126579352,-3.01148063052213,-3.37498153953126,0,0,1,1,160.4,"Q3"
"588",18,8.74385056200001,45,-3.19570876558667,-3.33033126579352,-3.01148063052213,-3.37498153953126,0,0,0,0,160.4,"Q3"
"589",18,9.02641753380003,46,-3.19570876558667,-3.33033126579352,-3.09762658123533,-3.57666746350701,0,1,1,0,160.4,"Q3"
"590",18,10.259202035,47,-3.28758971741625,-3.42171901738295,-3.09762658123533,-3.37498153953126,1,0,1,1,160.8,"Q3"
"591",18,8.44934252449998,48,-3.19570876558667,-3.42171901738295,-3.01148063052213,-3.37498153953126,0,0,1,0,160.8,"Q3"
"592",18,8.42156296040003,50,-3.19570876558667,-3.42171901738295,-3.1328414875264,-3.47074844462327,0,1,1,0,160.8,"Q3"
"593",18,9.01869548770001,52,-3.19570876558667,-3.52230625428812,-3.1328414875264,-3.47074844462327,0,0,1,0,150.9,"Q3"
"594",18,10.016816238,53,-3.37498153953126,-3.52230625428812,-3.01148063052213,-3.47074844462327,0,0,1,1,150.9,"Q3"
"595",18,8.61323037960001,54,-3.19570876558667,-3.57666746350701,-3.01148063052213,-3.42171901738295,0,0,1,0,150.9,"Q3"
"596",18,8.81284343350004,55,-3.19570876558667,-3.57666746350701,-3.01148063052213,-3.42171901738295,1,0,0,0,150.9,"Q3"
"597",18,9.76468514970001,56,-3.19570876558667,-3.57666746350701,-3.01148063052213,-3.47074844462327,0,1,1,0,147.2,"Q4"
"598",18,10.740908222,57,-3.47074844462327,-3.33033126579352,-3.02748097186857,-3.47074844462327,0,0,1,1,147.2,"Q4"
"599",18,9.0861367685,58,-3.29038509196738,-4.02785482095327,-3.06360969595708,-3.47074844462327,1,1,0,0,147.2,"Q4"
"600",18,8.72323127479999,59,-3.19570876558667,-3.69514906712753,-3.06360969595708,-3.47074844462327,0,0,1,0,147.2,"Q4"
"601",18,10.676554356,60,-3.47074844462327,-3.69514906712753,-3.06360969595708,-3.47074844462327,1,0,1,1,120.9,"Q4"
"602",18,8.6697425899,61,-3.19570876558667,-3.90424086498609,-3.06360969595708,-3.47074844462327,0,1,1,0,120.9,"Q4"
"603",18,10.959053152,62,-3.47074844462327,-4.16893341921317,-3.06360969595708,-3.37498153953126,0,0,1,1,120.9,"Q4"
"604",18,9.38462975710001,63,-3.47074844462327,-3.69514906712753,-3.06360969595708,-3.3841559158073,1,0,0,0,120.9,"Q4"
"605",18,9.12869638290002,64,-3.19570876558667,-3.33033126579352,-3.06360969595708,-3.47074844462327,1,0,1,0,120.9,"Q4"
"606",18,10.71139097,65,-3.47074844462327,-3.52230625428812,-3.16934188974592,-3.47074844462327,0,0,1,1,117.8,"Q4"
"607",18,9.16282938930003,66,-3.47074844462327,-3.82957933621707,-3.16934188974592,-3.47074844462327,1,0,0,0,117.8,"Q4"
"608",18,9.37381884100003,68,-3.47074844462327,-3.52230625428812,-3.28758971741625,-3.63415455442469,0,0,1,0,117.8,"Q4"
"609",18,9.35183993419999,69,-3.47074844462327,-3.52230625428812,-3.52230625428812,-3.47074844462327,0,1,1,0,114.4,"Q1"
"610",18,8.92956770779998,70,-3.3841559158073,-4.16893341921317,-3.20722520764823,-3.3841559158073,1,0,1,0,114.4,"Q1"
"611",18,8.79361207160002,71,-3.3841559158073,-3.52230625428812,-3.20722520764823,-3.63415455442469,0,0,1,0,114.4,"Q1"
"612",18,10.926226209,72,-3.47074844462327,-3.52230625428812,-3.06360969595708,-3.63415455442469,0,0,1,1,114.4,"Q1"
"613",18,9.0567228833,73,-3.3841559158073,-3.7601069634023,-3.06360969595708,-3.47074844462327,1,0,0,0,114.4,"Q1"
"614",18,9.5012173353,74,-3.40746699467575,-3.7601069634023,-3.24660037288306,-3.47074844462327,0,0,1,0,114.4,"Q1"
"615",18,8.87738195470003,75,-3.40746699467575,-3.52230625428812,-3.16934188974592,-3.7601069634023,0,0,1,0,114.4,"Q1"
"616",18,9.37923890839995,76,-3.40746699467575,-3.52230625428812,-3.06360969595708,-3.7601069634023,0,0,1,0,114.4,"Q1"
"617",18,8.61323037960001,78,-3.3841559158073,-4.22075848707776,-3.06360969595708,-3.3841559158073,1,0,0,0,111.7,"Q1"
"618",18,11.764275448,80,-3.63415455442469,-3.52230625428812,-3.06360969595708,-3.47074844462327,0,0,1,1,111.7,"Q1"
"619",18,10.427979367,81,-3.63415455442469,-3.69514906712753,-3.7601069634023,-3.47074844462327,1,1,0,0,111.7,"Q1"
"620",18,9.37923890839995,83,-3.47074844462327,-3.69514906712753,-3.47074844462327,-4.16893341921317,0,1,0,0,111.7,"Q2"
"621",18,9.07886400919999,84,-3.47074844462327,-4.16893341921317,-3.06360969595708,-3.57666746350701,1,0,0,0,111.7,"Q2"
"622",18,9.38462975710001,85,-3.47074844462327,-3.52230625428812,-3.47074844462327,-3.57666746350701,1,1,0,0,111.7,"Q2"
"623",18,10.227308672,86,-3.47074844462327,-3.52230625428812,-3.47074844462327,-3.7601069634023,0,1,0,0,111,"Q2"
"624",18,11.897806841,87,-3.82957933621707,-3.52230625428812,-3.20722520764823,-3.7601069634023,0,0,1,1,111,"Q2"
"625",18,10.016816238,88,-3.47074844462327,-3.52230625428812,-3.33033126579352,-3.7601069634023,0,1,1,0,111,"Q2"
"626",18,9.41637845540003,89,-3.47074844462327,-3.69514906712753,-3.06360969595708,-3.7601069634023,1,0,0,0,111,"Q2"
"627",18,9.00307016980004,90,-3.47074844462327,-3.69514906712753,-3.06360969595708,-4.16893341921317,0,0,1,0,111,"Q2"
"628",18,9.13561682580005,91,-3.47074844462327,-3.63415455442469,-3.47074844462327,-3.47074844462327,0,0,1,0,111,"Q2"
"629",18,10.90646961,92,-3.7601069634023,-3.92777136239629,-3.47074844462327,-3.7601069634023,1,1,1,1,111,"Q2"
"630",18,10.033813814,93,-3.47074844462327,-3.90424086498609,-3.06360969595708,-3.90424086498609,0,1,0,0,111,"Q2"
"631",18,11.102970292,94,-3.63415455442469,-3.63415455442469,-3.06360969595708,-3.47074844462327,0,0,1,1,111,"Q2"
"632",18,9.76835487850003,95,-3.63415455442469,-3.63415455442469,-3.47074844462327,-3.47074844462327,0,0,1,0,111,"Q3"
"633",18,8.91247327449998,96,-3.47074844462327,-3.69514906712753,-3.47074844462327,-3.47074844462327,1,1,0,0,111,"Q3"
"634",18,9.114710141,97,-3.47074844462327,-3.69514906712753,-3.47074844462327,-3.47074844462327,0,0,1,0,111,"Q3"
"635",18,8.8032739825,98,-3.47074844462327,-3.63415455442469,-3.07249206390242,-3.51177984130113,0,1,1,0,111,"Q3"
"636",18,9.01869548770001,99,-3.47074844462327,-4.16893341921317,-3.37498153953126,-3.51177984130113,1,0,1,0,107.2,"Q3"
"637",18,8.97916464900004,100,-3.47074844462327,-4.16893341921317,-3.37498153953126,-3.52230625428812,0,0,0,0,107.2,"Q3"
"638",18,10.019669307,101,-3.47074844462327,-3.7601069634023,-3.28758971741625,-3.47074844462327,1,0,0,0,107.2,"Q3"
"639",18,11.7805680820001,102,-3.90424086498609,-3.7601069634023,-3.14728217168119,-3.47074844462327,0,0,1,1,107.2,"Q3"
"640",18,9.30637756020002,104,-3.47074844462327,-3.82957933621707,-3.47074844462327,-3.47074844462327,0,1,1,0,107.4,"Q3"
"641",18,9.02641753380003,106,-3.47074844462327,-3.7014582363208,-3.24660037288306,-3.63415455442469,1,1,1,0,107.4,"Q3"
"642",18,9.71956471440003,108,-3.57666746350701,-3.7014582363208,-3.47074844462327,-3.51702919718728,0,1,0,0,116,"Q4"
"643",18,9.45218790810001,109,-3.57666746350701,-3.7014582363208,-3.14728217168119,-3.51702919718728,1,0,0,0,116,"Q4"
"644",18,9.53416149100001,111,-3.47074844462327,-3.7014582363208,-3.20722520764823,-3.52230625428812,0,1,1,0,116,"Q4"
"645",18,9.10764297370002,113,-3.47074844462327,-3.7014582363208,-3.14728217168119,-3.48084954060977,1,0,0,0,127.3,"Q4"
"646",18,9.38462975710001,114,-3.47074844462327,-3.7014582363208,-3.14728217168119,-3.48084954060977,0,0,1,0,127.3,"Q4"
"647",18,9.50599061410004,115,-3.47074844462327,-3.7014582363208,-3.47074844462327,-3.52230625428812,0,1,1,0,127.3,"Q4"
"648",18,9.25263328419997,116,-3.47074844462327,-3.7014582363208,-3.14728217168119,-3.90424086498609,1,0,0,0,127.3,"Q4"
"649",18,9.25874951120003,117,-3.47074844462327,-3.7014582363208,-3.14728217168119,-3.69514906712753,0,0,0,0,131.5,"Q4"
"650",18,8.93800657649997,118,-3.47074844462327,-3.7014582363208,-3.14728217168119,-3.52230625428812,1,0,0,0,131.5,"Q4"
"651",18,8.92105701820002,119,-3.47074844462327,-3.7014582363208,-3.14728217168119,-3.63415455442469,0,0,1,0,131.5,"Q4"
"652",18,9.80785732149999,120,-3.47074844462327,-3.7014582363208,-3.28758971741625,-3.63415455442469,1,0,1,1,131.5,"Q4"
"653",18,9.64782080949995,121,-3.47074844462327,-3.7014582363208,-3.28758971741625,-3.57666746350701,0,0,0,0,135.1,"Q1"
"654",18,8.63621989780004,122,-3.47074844462327,-3.7014582363208,-3.33033126579352,-3.7601069634023,0,1,1,0,135.1,"Q1"
"655",18,9.78290058949997,123,-3.24660037288306,-3.7014582363208,-3.33033126579352,-3.7601069634023,0,0,1,1,135.1,"Q1"
"656",18,8.6697425899,125,-3.24660037288306,-3.7014582363208,-3.15092516295969,-3.57666746350701,0,0,0,0,135.1,"Q1"
"657",18,8.5656023306,126,-3.28758971741625,-3.7014582363208,-3.15092516295969,-3.7601069634023,0,0,1,0,134.7,"Q1"
"658",18,9.00307016980004,127,-3.47074844462327,-3.7014582363208,-3.47074844462327,-4.16893341921317,0,1,0,0,134.7,"Q1"
"659",18,11.74009291,128,-3.47074844462327,-3.7014582363208,-3.1328414875264,-3.57666746350701,0,0,1,1,134.7,"Q1"
"660",18,9.13561682580005,129,-3.47074844462327,-3.7014582363208,-3.47074844462327,-3.57666746350701,0,1,1,0,134.7,"Q1"
"661",18,9.12172771360001,130,-3.28758971741625,-3.7014582363208,-3.57666746350701,-3.63415455442469,1,0,0,0,134.7,"Q1"
"662",18,9.98192897880002,131,-3.47074844462327,-3.7014582363208,-3.57666746350701,-3.69514906712753,0,0,1,1,134.7,"Q1"
"663",18,9.27087087170001,132,-3.47074844462327,-3.7014582363208,-3.57666746350701,-3.69514906712753,0,1,0,0,134.7,"Q1"
"664",18,8.86841328469997,133,-3.28758971741625,-3.7014582363208,-3.1328414875264,-3.90424086498609,0,0,1,0,134.7,"Q1"
"665",18,9.97301361520005,134,-3.47074844462327,-3.7014582363208,-3.24259235148552,-3.90424086498609,0,1,1,1,134.3,"Q2"
"666",18,9.79723775270002,135,-3.47074844462327,-3.7014582363208,-3.24259235148552,-3.63415455442469,0,0,0,0,134.3,"Q2"
"667",18,9.09335701649998,136,-3.28758971741625,-3.90424086498609,-3.18432344336154,-3.63415455442469,1,0,0,0,134.3,"Q2"
"668",18,10.303068717,137,-3.57666746350701,-3.90424086498609,-3.18432344336154,-3.57666746350701,0,0,1,1,134.3,"Q2"
"669",18,8.73359406190002,138,-3.28758971741625,-3.63415455442469,-3.3887748616636,-3.57666746350701,0,1,1,0,134.3,"Q2"
"670",18,9.3462688892,139,-3.28758971741625,-3.63415455442469,-3.18432344336154,-3.57666746350701,0,1,1,0,126.2,"Q2"
"671",18,9.16282938930003,140,-3.28758971741625,-3.57666746350701,-3.18432344336154,-3.57666746350701,0,0,0,0,126.2,"Q2"
"672",18,10.294447974,141,-3.57666746350701,-3.63415455442469,-3.18432344336154,-3.57666746350701,0,0,1,1,126.2,"Q2"
"673",18,8.95467362900003,142,-3.28758971741625,-3.63415455442469,-3.18432344336154,-3.57666746350701,0,0,1,0,126.2,"Q2"
"674",18,8.46294817659997,143,-3.24660037288306,-3.63415455442469,-3.24660037288306,-3.57666746350701,0,1,1,0,118.5,"Q2"
"675",18,8.55333223800003,144,-3.24660037288306,-3.57666746350701,-3.24660037288306,-3.57666746350701,0,0,0,0,118.5,"Q2"
"676",18,8.69148257649997,145,-3.24660037288306,-3.57666746350701,-3.47074844462327,-3.57666746350701,0,1,1,0,118.5,"Q2"
"677",18,8.54090971799997,146,-3.24660037288306,-3.57666746350701,-3.18432344336154,-3.57666746350701,0,1,1,0,118.5,"Q2"
"678",18,10.444881178,150,-3.33033126579352,-3.63415455442469,-3.18432344336154,-3.57666746350701,0,1,1,1,115.5,"Q3"
"679",18,8.76405326930003,151,-3.24660037288306,-3.7601069634023,-3.18432344336154,-3.57666746350701,1,0,0,0,115.5,"Q3"
"680",18,11.237224663,153,-3.47074844462327,-3.57666746350701,-3.18432344336154,-3.57666746350701,0,0,1,1,114.5,"Q3"
"681",18,8.84101431049997,159,-3.24660037288306,-3.7601069634023,-3.2587217334154,-3.69514906712753,0,1,0,0,112.5,"Q3"
"682",18,11.198543433,160,-3.42171901738295,-3.65206548099122,-3.2587217334154,-3.57666746350701,0,0,1,1,106.5,"Q4"
"683",21,8.05070338149999,40,-3.19570876558667,-3.69514906712753,-3.16934188974592,-3.54369744426944,1,1,1,0,160,"Q2"
"684",21,10.303068717,41,-3.47074844462327,-3.33033126579352,-3.16934188974592,-3.37498153953126,0,0,1,1,160,"Q2"
"685",21,8.23642052730002,43,-3.19570876558667,-3.33033126579352,-3.01148063052213,-3.47074844462327,0,0,1,0,160.4,"Q3"
"686",21,9.93653540660005,44,-3.20722520764823,-3.33033126579352,-3.03071199245002,-3.37498153953126,0,0,1,1,160.4,"Q3"
"687",21,8.16621626860002,45,-3.19570876558667,-3.33033126579352,-3.03071199245002,-3.57666746350701,0,0,0,0,160.4,"Q3"
"688",21,8.83171191779997,46,-3.19570876558667,-3.33033126579352,-3.09762658123533,-3.57666746350701,0,1,1,0,160.4,"Q3"
"689",21,9.53416149100001,47,-3.28758971741625,-3.42171901738295,-3.09762658123533,-3.37498153953126,1,0,1,1,160.8,"Q3"
"690",21,8.0709060888,48,-3.19570876558667,-3.42171901738295,-3.03071199245002,-3.37498153953126,0,0,1,0,160.8,"Q3"
"691",21,8.0300840943,50,-3.19570876558667,-3.42171901738295,-3.1328414875264,-3.47074844462327,0,1,1,0,160.8,"Q3"
"692",21,8.23642052730002,51,-3.19570876558667,-3.52230625428812,-3.1328414875264,-3.37498153953126,1,0,1,0,160.8,"Q3"
"693",21,8.34853782539999,52,-3.19570876558667,-3.52230625428812,-3.1328414875264,-3.47074844462327,0,0,1,0,150.9,"Q3"
"694",21,9.5012173353,53,-3.37498153953126,-3.52230625428812,-3.03071199245002,-3.47074844462327,0,0,1,1,150.9,"Q3"
"695",21,8.0709060888,54,-3.19570876558667,-3.57666746350701,-3.03071199245002,-3.47074844462327,0,0,1,0,150.9,"Q3"
"696",21,8.14786712990004,55,-3.19570876558667,-3.57666746350701,-3.03071199245002,-3.47074844462327,1,0,0,0,150.9,"Q3"
"697",21,8.88627090209996,56,-3.19570876558667,-3.57666746350701,-3.06360969595708,-3.47074844462327,0,1,1,0,147.2,"Q4"
"698",21,10.252452853,57,-3.47074844462327,-3.33033126579352,-3.06360969595708,-3.47074844462327,0,0,1,1,147.2,"Q4"
"699",21,8.3635757028,58,-3.28437955834003,-4.02785482095327,-3.06360969595708,-3.47074844462327,1,1,0,0,147.2,"Q4"
"700",21,7.96554557310002,59,-3.19570876558667,-3.69514906712753,-3.06360969595708,-3.47074844462327,0,0,1,0,147.2,"Q4"
"701",21,10.028179996,60,-3.47074844462327,-3.69514906712753,-3.06360969595708,-3.47074844462327,1,0,1,1,120.9,"Q4"
"702",21,8.30201780980003,61,-3.19570876558667,-3.90424086498609,-3.06360969595708,-3.47074844462327,0,1,1,0,120.9,"Q4"
"703",21,10.328493816,62,-3.47074844462327,-4.16893341921317,-3.06360969595708,-3.43133447608239,0,0,1,1,120.9,"Q4"
"704",21,9.44715011409995,63,-3.47074844462327,-3.69514906712753,-3.06360969595708,-3.47578623865323,1,0,0,0,120.9,"Q4"
"705",21,8.60153433980004,64,-3.19570876558667,-3.33033126579352,-3.06360969595708,-3.47578623865323,1,0,1,0,120.9,"Q4"
"706",21,8.85023096560004,66,-3.47074844462327,-3.82957933621707,-3.16934188974592,-3.52230625428812,1,0,0,0,117.8,"Q4"
"707",21,8.90381521169997,69,-3.47074844462327,-3.57666746350701,-3.52230625428812,-3.52230625428812,0,1,1,0,114.4,"Q1"
"708",21,8.54090971799997,70,-3.47578623865323,-4.16893341921317,-3.20722520764823,-3.52230625428812,1,0,1,0,114.4,"Q1"
"709",21,8.37839078850004,71,-3.47578623865323,-3.57666746350701,-3.20722520764823,-3.63415455442469,0,0,1,0,114.4,"Q1"
"710",21,10.091128271,72,-3.47578623865323,-3.57666746350701,-3.1545814741628,-3.63415455442469,0,0,1,1,114.4,"Q1"
"711",21,8.82232217749998,73,-3.47578623865323,-3.7601069634023,-3.1545814741628,-3.52230625428812,1,0,0,0,114.4,"Q1"
"712",21,9.01091334729999,74,-3.52230625428812,-3.7601069634023,-3.24660037288306,-3.52230625428812,0,0,1,0,114.4,"Q1"
"713",21,8.62479120200004,75,-3.52230625428812,-3.57666746350701,-3.16934188974592,-3.7601069634023,0,0,1,0,114.4,"Q1"
"714",21,8.55333223800003,76,-3.52230625428812,-3.57666746350701,-3.1545814741628,-3.7601069634023,0,0,1,0,114.4,"Q1"
"715",21,8.52833093580003,78,-3.47578623865323,-4.27541689961562,-3.1545814741628,-3.52230625428812,1,0,0,0,111.7,"Q1"
"716",21,9.06415786180001,79,-3.47578623865323,-3.57666746350701,-3.1545814741628,-3.57666746350701,0,0,1,0,111.7,"Q1"
"717",21,11.080541268,80,-3.63415455442469,-3.57666746350701,-3.1545814741628,-3.56004658227097,0,0,1,1,111.7,"Q1"
"718",21,9.60130079389996,81,-3.63415455442469,-3.69514906712753,-3.85139838361171,-3.56004658227097,1,1,0,0,111.7,"Q1"
"719",21,8.68067166040002,83,-3.54369744426944,-3.69514906712753,-3.47074844462327,-4.25319376283091,0,1,0,0,111.7,"Q2"
"720",21,8.71275997499997,84,-3.54369744426944,-4.16893341921317,-3.1545814741628,-3.57666746350701,1,0,0,0,111.7,"Q2"
"721",21,8.77400360019999,85,-3.54369744426944,-3.57666746350701,-3.47074844462327,-3.57666746350701,1,1,0,0,111.7,"Q2"
"722",21,9.6353466353,86,-3.54369744426944,-3.57666746350701,-3.47074844462327,-3.7601069634023,0,1,0,0,111,"Q2"
"723",21,8.63621989780004,88,-3.54369744426944,-3.57666746350701,-3.33033126579352,-3.7601069634023,0,1,1,0,111,"Q2"
"724",21,9.26482855730004,89,-3.54369744426944,-3.69514906712753,-3.1545814741628,-3.7601069634023,1,0,0,0,111,"Q2"
"725",21,8.5026885052,90,-3.54369744426944,-3.69514906712753,-3.1545814741628,-4.25319376283091,0,0,1,0,111,"Q2"
"726",21,8.18423477410002,91,-3.54369744426944,-3.69514906712753,-3.47074844462327,-3.56004658227097,0,0,1,0,111,"Q2"
"727",21,9.53416149100001,92,-3.83679958419056,-3.98492977623623,-3.47074844462327,-3.85139838361171,1,1,1,1,111,"Q2"
"728",21,9.16282938930003,93,-3.54369744426944,-3.90424086498609,-3.1545814741628,-3.90424086498609,0,1,0,0,111,"Q2"
"729",21,10.330583681,94,-3.63415455442469,-3.69514906712753,-3.1545814741628,-3.56004658227097,0,0,1,1,111,"Q2"
"730",21,9.57941808260001,95,-3.63415455442469,-3.69514906712753,-3.47074844462327,-3.56004658227097,0,0,1,0,111,"Q3"
"731",21,9.75359446299998,96,-3.54369744426944,-3.69514906712753,-3.47074844462327,-3.56004658227097,1,1,0,0,111,"Q3"
"732",21,9.13561682580005,97,-3.54369744426944,-3.69514906712753,-3.47074844462327,-3.56004658227097,0,0,1,0,111,"Q3"
"733",21,8.7540029335,98,-3.54369744426944,-3.69514906712753,-3.1545814741628,-3.56004658227097,0,1,1,0,111,"Q3"
"734",21,8.48961642359998,99,-3.54369744426944,-4.16893341921317,-3.37498153953126,-3.56004658227097,1,0,1,0,107.2,"Q3"
"735",21,8.68067166040002,100,-3.54369744426944,-4.16893341921317,-3.37498153953126,-3.56004658227097,0,0,0,0,107.2,"Q3"
"736",21,9.47700307720005,101,-3.54369744426944,-3.7601069634023,-3.28758971741625,-3.56004658227097,1,0,0,0,107.2,"Q3"
"737",21,8.5026885052,103,-3.54369744426944,-3.82957933621707,-3.22671900232923,-3.56004658227097,0,0,1,0,107.2,"Q3"
"738",21,8.71275997499997,104,-3.54369744426944,-3.82957933621707,-3.47074844462327,-3.56004658227097,0,1,1,0,107.4,"Q3"
"739",21,9.49160187660003,105,-3.54369744426944,-3.82957933621707,-3.22671900232923,-3.56004658227097,0,0,1,1,107.4,"Q3"
"740",21,8.5777236912,106,-3.54369744426944,-3.69514906712753,-3.22671900232923,-3.69847256521768,1,1,1,0,107.4,"Q3"
"741",21,8.64751945309997,107,-3.56212839257024,-3.69514906712753,-3.22671900232923,-3.62317884096692,0,0,1,0,107.4,"Q3"
"742",21,8.95467362900003,108,-3.57666746350701,-3.72710066693413,-3.47074844462327,-3.56004658227097,0,1,0,0,116,"Q4"
"743",21,8.86841328469997,109,-3.58081126311977,-3.7601069634023,-3.22671900232923,-3.56004658227097,1,0,0,0,116,"Q4"
"744",21,8.84101431049997,111,-3.54369744426944,-3.69514906712753,-3.22671900232923,-3.67645693411538,0,1,1,0,116,"Q4"
"745",21,9.90188627120002,112,-3.7601069634023,-3.69514906712753,-3.42377267071486,-3.78264903165559,0,0,0,0,116,"Q4"
"746",21,8.74385056200001,113,-3.54369744426944,-3.69514906712753,-3.67924319633893,-3.90424086498609,1,0,0,0,127.3,"Q4"
"747",21,8.81284343350004,114,-3.54369744426944,-3.69514906712753,-3.36104734469482,-3.58353706022031,0,0,1,0,127.3,"Q4"
"748",21,8.89508153180002,115,-3.54369744426944,-3.69514906712753,-3.47074844462327,-3.90424086498609,0,1,1,0,127.3,"Q4"
"749",21,8.89508153180002,116,-3.54369744426944,-3.75341797525151,-3.22988937193547,-3.90424086498609,1,0,0,0,127.3,"Q4"
"750",21,8.8032739825,117,-3.54369744426944,-3.69514906712753,-3.22671900232923,-3.83679958419056,0,0,0,0,131.5,"Q4"
"751",21,8.71275997499997,118,-3.54369744426944,-3.69514906712753,-3.22671900232923,-3.59116894649366,1,0,0,0,131.5,"Q4"
"752",21,8.43554920239998,119,-3.54369744426944,-3.69514906712753,-3.22671900232923,-3.69543371442818,0,0,1,0,131.5,"Q4"
"753",21,8.95467362900003,120,-3.54369744426944,-3.69514906712753,-3.28758971741625,-3.60701088940923,1,0,1,1,131.5,"Q4"
"754",21,8.76405326930003,121,-3.54369744426944,-3.69514906712753,-3.3056930516153,-3.6681421265313,0,0,0,0,135.1,"Q1"
"755",21,8.62479120200004,122,-3.45655460262437,-3.69514906712753,-3.33033126579352,-3.7601069634023,0,1,1,0,135.1,"Q1"
"756",21,8.12917499690002,125,-3.28941236487714,-3.90424086498609,-3.20722520764823,-3.66046794276868,0,0,0,0,135.1,"Q1"
"757",21,8.12917499690002,126,-3.40408574697604,-3.88885594614661,-3.20722520764823,-3.7601069634023,0,0,1,0,134.7,"Q1"
"758",21,8.47637119690002,127,-3.47074844462327,-4.15888308335967,-3.47074844462327,-4.16893341921317,0,1,0,0,134.7,"Q1"
"759",21,8.5777236912,129,-3.44827831944161,-4.01912114098451,-3.47074844462327,-3.66418684152356,0,1,1,0,134.7,"Q1"
"760",21,8.5656023306,130,-3.40882051102058,-3.82957933621707,-3.57666746350701,-3.65206548099122,1,0,0,0,134.7,"Q1"
"761",21,9.6353466353,131,-3.47074844462327,-3.78731952692719,-3.57666746350701,-3.69514906712753,0,0,1,1,134.7,"Q1"
"762",21,8.72323127479999,132,-3.45914944600642,-3.69514906712753,-3.61591563196456,-3.74017274850149,0,1,0,0,134.7,"Q1"
"763",21,9.55704578489998,133,-3.89318817963413,-3.69514906712753,-3.22059446839027,-3.90424086498609,0,0,1,0,134.7,"Q1"
"764",21,9.605620455,134,-3.65713098104938,-3.69514906712753,-3.24259235148552,-3.78731952692719,0,1,1,1,134.3,"Q2"
"765",21,8.8032739825,135,-3.44617458775426,-3.80120863908786,-3.23462418183634,-3.63415455442469,0,0,0,0,134.3,"Q2"
"766",21,8.48961642359998,136,-3.34795286714334,-3.90424086498609,-3.20722520764823,-3.61655879253431,1,0,0,0,134.3,"Q2"
"767",21,10.215667097,137,-3.6400892899445,-3.86621346939685,-3.35188807512759,-3.57666746350701,0,0,1,1,134.3,"Q2"
"768",21,8.11012680190003,138,-3.34795286714334,-3.69514906712753,-3.49619511028444,-3.57666746350701,0,1,1,0,134.3,"Q2"
"769",21,8.12917499690002,139,-3.34795286714334,-3.670303068541,-3.20722520764823,-3.57666746350701,0,1,1,0,126.2,"Q2"
"770",21,8.05070338149999,140,-3.34795286714334,-3.57666746350701,-3.20722520764823,-3.57666746350701,0,0,0,0,126.2,"Q2"
"771",21,10.535610031,141,-3.6400892899445,-3.63415455442469,-3.20722520764823,-3.57666746350701,0,0,1,1,126.2,"Q2"
"772",21,7.96554557310002,142,-3.31678601602457,-3.63415455442469,-3.19410968327384,-3.57666746350701,0,0,1,0,126.2,"Q2"
"773",21,7.96554557310002,143,-3.24660037288306,-3.6282548322975,-3.24660037288306,-3.57666746350701,0,1,1,0,118.5,"Q2"
"774",21,8.0300840943,144,-3.24660037288306,-3.57666746350701,-3.37338983819308,-3.57666746350701,0,0,0,0,118.5,"Q2"
"775",21,7.82244472949999,145,-3.24660037288306,-3.57666746350701,-3.47074844462327,-3.57666746350701,0,1,1,0,118.5,"Q2"
"776",21,7.94307271730001,146,-3.29218610564692,-3.57666746350701,-3.2305700490448,-3.57666746350701,0,1,1,0,118.5,"Q2"
"777",21,9.43188264189999,147,-3.39127421949488,-3.59926729542425,-3.44104329020936,-3.57666746350701,0,0,1,1,115.5,"Q3"
"778",21,8.30201780980003,149,-3.24660037288306,-3.59356927430961,-3.18432344336154,-3.57666746350701,0,0,0,0,115.5,"Q3"
"779",21,10.330583681,150,-3.33033126579352,-3.63415455442469,-3.18432344336154,-3.57666746350701,0,1,1,1,115.5,"Q3"
"780",21,7.87245515010004,151,-3.25062452318278,-3.7601069634023,-3.18432344336154,-3.59926729542425,1,0,0,0,115.5,"Q3"
"781",21,10.443017244,153,-3.47074844462327,-3.6282548322975,-3.18432344336154,-3.57666746350701,0,0,1,1,114.5,"Q3"
"782",21,10.066966022,154,-3.49455186898031,-3.91202300542815,-3.18432344336154,-3.57666746350701,0,1,1,1,114.5,"Q3"
"783",21,9.31793838260002,156,-3.61145683433644,-3.57666746350701,-3.24660037288306,-3.57666746350701,0,1,1,0,112.5,"Q3"
"784",21,8.0709060888,158,-3.24660037288306,-3.65810779544718,-3.18432344336154,-3.69514906712753,0,0,1,0,112.5,"Q3"
"785",21,8.25322764560004,159,-3.27537758082572,-3.7601069634023,-3.18432344336154,-3.9857230185008,0,1,0,0,112.5,"Q3"
"786",21,10.401106349,160,-3.37498153953126,-3.6282548322975,-3.18432344336154,-3.57666746350701,0,0,1,1,106.5,"Q4"
"787",28,8.23642052730002,43,-3.06360969595708,-3.24660037288306,-3.01148063052213,-3.47074844462327,0,0,1,0,160.4,"Q3"
"788",28,9.76835487850003,44,-3.20722520764823,-3.24660037288306,-3.01148063052213,-3.25062452318278,0,0,1,1,160.4,"Q3"
"789",28,8.00903068509998,45,-3.06360969595708,-3.24660037288306,-3.01148063052213,-3.28758971741625,0,0,0,0,160.4,"Q3"
"790",28,7.84776253750002,48,-3.06360969595708,-3.42171901738295,-3.01148063052213,-3.28758971741625,0,0,1,0,160.8,"Q3"
"791",28,8.0709060888,52,-3.06360969595708,-3.52230625428812,-3.1328414875264,-3.47074844462327,0,0,1,0,150.9,"Q3"
"792",28,9.57498348560002,53,-3.37498153953126,-3.52230625428812,-3.01148063052213,-3.47074844462327,0,0,1,1,150.9,"Q3"
"793",28,7.76980099600004,54,-3.06360969595708,-3.57666746350701,-3.01148063052213,-3.29178259567629,0,0,1,0,150.9,"Q3"
"794",28,8.26975694750001,55,-3.06360969595708,-3.57666746350701,-3.01148063052213,-3.29178259567629,1,0,0,0,150.9,"Q3"
"795",28,8.64751945309997,56,-3.06360969595708,-3.57666746350701,-3.01148063052213,-3.47074844462327,0,1,1,0,147.2,"Q4"
"796",28,9.87261588890002,57,-3.47074844462327,-3.24660037288306,-3.02748097186857,-3.47074844462327,0,0,1,1,147.2,"Q4"
"797",28,8.18423477410002,58,-3.17563637315366,-3.94377170374273,-3.06360969595708,-3.47074844462327,1,1,0,0,147.2,"Q4"
"798",28,7.94307271730001,59,-3.06360969595708,-3.69514906712753,-3.06360969595708,-3.47074844462327,0,0,1,0,147.2,"Q4"
"799",28,10.085809109,60,-3.47074844462327,-3.69514906712753,-3.06360969595708,-3.47074844462327,1,0,1,1,120.9,"Q4"
"800",28,8.05070338149999,61,-3.06360969595708,-3.90424086498609,-3.06360969595708,-3.47074844462327,0,1,1,0,120.9,"Q4"
"801",28,9.93032420650002,62,-3.47074844462327,-4.16893341921317,-3.06360969595708,-3.2188758248682,0,0,1,1,120.9,"Q4"
"802",28,9.03408040660004,63,-3.47074844462327,-3.69514906712753,-3.06360969595708,-3.33033126579352,1,0,0,0,120.9,"Q4"
"803",28,8.9710674387,64,-3.06360969595708,-3.24660037288306,-3.06360969595708,-3.47074844462327,1,0,1,0,120.9,"Q4"
"804",28,9.81137226360003,65,-3.47074844462327,-3.37498153953126,-3.16934188974592,-3.47074844462327,0,0,1,1,117.8,"Q4"
"805",28,9.01869548770001,66,-3.47074844462327,-3.82957933621707,-3.16934188974592,-3.47074844462327,1,0,0,0,117.8,"Q4"
"806",28,9.28284706280001,67,-3.47074844462327,-3.37498153953126,-3.28758971741625,-3.47074844462327,0,0,1,0,117.8,"Q4"
"807",28,8.76405326930003,68,-3.47074844462327,-3.37498153953126,-3.28758971741625,-3.63415455442469,0,0,1,0,117.8,"Q4"
"808",28,8.86841328469997,69,-3.47074844462327,-3.37498153953126,-3.52230625428812,-3.47074844462327,0,1,1,0,114.4,"Q1"
"809",28,8.28601746839997,70,-3.2587217334154,-4.16893341921317,-3.20722520764823,-3.30022146432215,1,0,1,0,114.4,"Q1"
"810",28,8.31776616669999,71,-3.2587217334154,-3.37498153953126,-3.20722520764823,-3.63415455442469,0,0,1,0,114.4,"Q1"
"811",28,9.90188627120002,72,-3.47074844462327,-3.37498153953126,-3.01148063052213,-3.63415455442469,0,0,1,1,114.4,"Q1"
"812",28,8.12917499690002,73,-3.2587217334154,-3.7601069634023,-3.01148063052213,-3.47074844462327,1,0,0,0,114.4,"Q1"
"813",28,8.31776616669999,74,-3.27925633585711,-3.7601069634023,-3.24660037288306,-3.47074844462327,0,0,1,0,114.4,"Q1"
"814",28,8.0709060888,75,-3.27925633585711,-3.37498153953126,-3.16934188974592,-3.7601069634023,0,0,1,0,114.4,"Q1"
"815",28,8.51559191000002,76,-3.27925633585711,-3.37498153953126,-3.01148063052213,-3.7601069634023,0,0,1,0,114.4,"Q1"
"816",28,9.45720044990004,77,-3.47074844462327,-3.47074844462327,-3.01148063052213,-3.37498153953126,1,0,1,1,114.4,"Q1"
"817",28,7.92008319910002,78,-3.2587217334154,-4.07270538711862,-3.01148063052213,-3.37498153953126,1,0,0,0,111.7,"Q1"
"818",28,8.94637482609996,79,-3.2587217334154,-3.37498153953126,-3.01148063052213,-3.57666746350701,0,0,1,0,111.7,"Q1"
"819",28,10.60142325,80,-3.63415455442469,-3.37498153953126,-3.01148063052213,-3.37498153953126,0,0,1,1,111.7,"Q1"
"820",28,9.50599061410004,81,-3.63415455442469,-3.69514906712753,-3.63415455442469,-3.37498153953126,1,1,0,0,111.7,"Q1"
"821",28,8.20193435119999,83,-3.42171901738295,-3.69514906712753,-3.47074844462327,-4.03666545063542,0,1,0,0,111.7,"Q2"
"822",28,8.34853782539999,84,-3.42171901738295,-4.16893341921317,-3.01148063052213,-3.57666746350701,1,0,0,0,111.7,"Q2"
"823",28,8.44934252449998,85,-3.42171901738295,-3.37498153953126,-3.47074844462327,-3.57666746350701,1,1,0,0,111.7,"Q2"
"824",28,9.6353466353,86,-3.42171901738295,-3.37498153953126,-3.47074844462327,-3.7601069634023,0,1,0,0,111,"Q2"
"825",28,10.858383424,87,-3.82957933621707,-3.37498153953126,-3.20722520764823,-3.7601069634023,0,0,1,1,111,"Q2"
"826",28,8.11012680190003,88,-3.34351827007548,-3.37498153953126,-3.33033126579352,-3.7601069634023,0,1,1,0,111,"Q2"
"827",28,8.09070871610001,89,-3.34351827007548,-3.69514906712753,-3.01148063052213,-3.7601069634023,1,0,0,0,111,"Q2"
"828",28,8.00903068509998,90,-3.34351827007548,-3.69514906712753,-3.01148063052213,-4.03666545063542,0,0,1,0,111,"Q2"
"829",28,7.65539064479997,91,-3.34351827007548,-3.42171901738295,-3.47074844462327,-3.34351827007548,0,0,1,0,111,"Q2"
"830",28,9.27087087170001,92,-3.63415455442469,-3.81529337896959,-3.47074844462327,-3.63415455442469,1,1,1,1,111,"Q2"
"831",28,8.81284343350004,93,-3.34351827007548,-3.90424086498609,-3.06360969595708,-3.90424086498609,0,1,0,0,111,"Q2"
"832",28,10.220340002,94,-3.63415455442469,-3.52230625428812,-3.03071199245002,-3.34351827007548,0,0,1,1,111,"Q2"
"833",28,8.79361207160002,95,-3.63415455442469,-3.52230625428812,-3.47074844462327,-3.34351827007548,0,0,1,0,111,"Q3"
"834",28,7.62461898619999,96,-3.34351827007548,-3.69514906712753,-3.47074844462327,-3.34351827007548,1,1,0,0,111,"Q3"
"835",28,8.77400360019999,97,-3.34351827007548,-3.69514906712753,-3.47074844462327,-3.47074844462327,0,0,1,0,111,"Q3"
"836",28,7.74240202179999,99,-3.34351827007548,-4.16893341921317,-3.37498153953126,-3.47074844462327,1,0,1,0,107.2,"Q3"
"837",28,7.82244472949999,100,-3.34351827007548,-4.16893341921317,-3.37498153953126,-3.52230625428812,0,0,0,0,107.2,"Q3"
"838",28,8.21932609390002,101,-3.34351827007548,-3.7601069634023,-3.28758971741625,-3.37498153953126,1,0,0,0,107.2,"Q3"
"839",28,10.672113194,102,-3.90424086498609,-3.7601069634023,-3.14728217168119,-3.37498153953126,0,0,1,1,107.2,"Q3"
"840",28,7.82244472949999,103,-3.34351827007548,-3.82957933621707,-3.14728217168119,-3.47074844462327,0,0,1,0,107.2,"Q3"
"841",28,8.28601746839997,104,-3.34351827007548,-3.82957933621707,-3.47074844462327,-3.47074844462327,0,1,1,0,107.4,"Q3"
"842",28,9.24028744829999,105,-3.47074844462327,-3.82957933621707,-3.14728217168119,-3.47074844462327,0,0,1,1,107.4,"Q3"
"843",28,8.05070338149999,106,-3.47074844462327,-3.7014582363208,-3.24660037288306,-3.63415455442469,1,1,1,0,107.4,"Q3"
"844",28,8.47637119690002,107,-3.52230625428812,-3.7014582363208,-3.14728217168119,-3.63415455442469,0,0,1,0,107.4,"Q3"
"845",28,8.11012680190003,111,-3.34351827007548,-3.7014582363208,-3.20722520764823,-3.47074844462327,0,1,1,0,116,"Q4"
"846",28,8.12917499690002,112,-3.7601069634023,-3.7014582363208,-3.14728217168119,-3.47074844462327,0,0,0,0,116,"Q4"
"847",28,8.0709060888,113,-3.34351827007548,-3.7014582363208,-3.14728217168119,-3.47074844462327,1,0,0,0,127.3,"Q4"
"848",28,8.44934252449998,114,-3.34351827007548,-3.7014582363208,-3.14728217168119,-3.48084954060977,0,0,1,0,127.3,"Q4"
"849",28,8.34853782539999,115,-3.47074844462327,-3.7014582363208,-3.47074844462327,-3.47074844462327,0,1,1,0,127.3,"Q4"
"850",28,8.14786712990004,116,-3.47074844462327,-3.7014582363208,-3.14728217168119,-3.90424086498609,1,0,0,0,127.3,"Q4"
"851",28,8.34853782539999,117,-3.47074844462327,-3.7014582363208,-3.14728217168119,-3.69514906712753,0,0,0,0,131.5,"Q4"
"852",28,8.00903068509998,118,-3.34351827007548,-3.7014582363208,-3.14728217168119,-3.52230625428812,1,0,0,0,131.5,"Q4"
"853",28,8.20193435119999,119,-3.34351827007548,-3.7014582363208,-3.14728217168119,-3.63415455442469,0,0,1,0,131.5,"Q4"
"854",28,8.85936344920003,121,-3.47074844462327,-3.7014582363208,-3.28758971741625,-3.57666746350701,0,0,0,0,135.1,"Q1"
"855",28,8.23642052730002,122,-3.47074844462327,-3.7014582363208,-3.33033126579352,-3.7601069634023,0,1,1,0,135.1,"Q1"
"856",28,8.54090971799997,124,-3.24660037288306,-3.7014582363208,-3.06360969595708,-3.57666746350701,0,0,1,1,135.1,"Q1"
"857",28,7.92008319910002,125,-3.24660037288306,-3.7014582363208,-3.06360969595708,-3.57666746350701,0,0,0,0,135.1,"Q1"
"858",28,8.71275997499997,126,-3.18055696056606,-3.7014582363208,-3.06360969595708,-3.7601069634023,0,0,1,0,134.7,"Q1"
"859",28,8.30201780980003,127,-3.47074844462327,-3.7014582363208,-3.47074844462327,-4.16893341921317,0,1,0,0,134.7,"Q1"
"860",28,8.55333223800003,129,-3.47074844462327,-3.7014582363208,-3.47074844462327,-3.57666746350701,0,1,1,0,134.7,"Q1"
"861",28,8.30201780980003,130,-3.18055696056606,-3.7014582363208,-3.57666746350701,-3.63415455442469,1,0,0,0,134.7,"Q1"
"862",28,8.00903068509998,133,-3.18055696056606,-3.7014582363208,-3.1328414875264,-3.90424086498609,0,0,1,0,134.7,"Q1"
"863",28,8.88627090209996,134,-3.47074844462327,-3.7014582363208,-3.24259235148552,-3.90424086498609,0,1,1,1,134.3,"Q2"
"864",28,8.37839078850004,136,-3.18055696056606,-3.90424086498609,-3.07707791300794,-3.63415455442469,1,0,0,0,134.3,"Q2"
"865",28,9.63115375699996,137,-3.47074844462327,-3.90424086498609,-3.07707791300794,-3.57666746350701,0,0,1,1,134.3,"Q2"
"866",28,7.74240202179999,138,-3.18055696056606,-3.52230625428812,-3.35240721749272,-3.57666746350701,0,1,1,0,134.3,"Q2"
"867",28,8.85936344920003,140,-3.18055696056606,-3.47074844462327,-3.09762658123533,-3.57666746350701,0,0,0,0,126.2,"Q2"
"868",28,9.45720044990004,141,-3.47074844462327,-3.63415455442469,-3.06360969595708,-3.57666746350701,0,0,1,1,126.2,"Q2"
"869",28,7.62461898619999,143,-3.16934188974592,-3.63415455442469,-3.24660037288306,-3.57666746350701,0,1,1,0,118.5,"Q2"
"870",28,8.05070338149999,144,-3.16934188974592,-3.47074844462327,-3.24660037288306,-3.57666746350701,0,0,0,0,118.5,"Q2"
"871",28,7.94307271730001,145,-3.16934188974592,-3.47074844462327,-3.47074844462327,-3.57666746350701,0,1,1,0,118.5,"Q2"
"872",28,7.87245515010004,146,-3.16934188974592,-3.47074844462327,-3.06360969595708,-3.57666746350701,0,1,1,0,118.5,"Q2"
"873",28,8.91247327449998,147,-3.44768491382464,-3.47074844462327,-3.16934188974592,-3.57666746350701,0,0,1,1,115.5,"Q3"
"874",28,8.33327035329998,148,-3.37498153953126,-3.90424086498609,-3.16934188974592,-3.57666746350701,0,0,1,1,115.5,"Q3"
"875",28,8.33327035329998,149,-3.16934188974592,-3.47074844462327,-3.06360969595708,-3.57666746350701,0,0,0,0,115.5,"Q3"
"876",28,9.30054663989996,150,-3.33033126579352,-3.63415455442469,-3.1328414875264,-3.57666746350701,0,1,1,1,115.5,"Q3"
"877",28,8.14786712990004,151,-3.16934188974592,-3.7601069634023,-3.06360969595708,-3.57666746350701,1,0,0,0,115.5,"Q3"
"878",28,10.208616539,153,-3.47074844462327,-3.47074844462327,-3.06360969595708,-3.57666746350701,0,0,1,1,114.5,"Q3"
"879",28,9.7610019042,154,-3.47074844462327,-3.57666746350701,-3.1328414875264,-3.57666746350701,0,1,1,1,114.5,"Q3"
"880",28,8.55333223800003,155,-3.63415455442469,-3.90424086498609,-3.09762658123533,-3.57666746350701,0,1,1,0,114.5,"Q3"
"881",28,8.40737832540001,156,-3.63415455442469,-3.47074844462327,-3.24660037288306,-3.50655789731998,0,1,1,0,112.5,"Q3"
"882",28,9.52952111149995,157,-3.47074844462327,-3.40276110363834,-3.24660037288306,-3.50655789731998,0,0,1,1,112.5,"Q3"
"883",28,8.55333223800003,158,-3.16934188974592,-3.40276110363834,-3.06360969595708,-3.69514906712753,0,0,1,0,112.5,"Q3"
"884",28,8.30201780980003,159,-3.24660037288306,-3.7601069634023,-3.1328414875264,-3.69514906712753,0,1,0,0,112.5,"Q3"
"885",28,10.140297295,160,-3.37498153953126,-3.40276110363834,-2.99573227355399,-3.50655789731998,0,0,1,1,106.5,"Q4"
"886",32,8.09070871610001,40,-3.00515149547048,-3.69514906712753,-3.16934188974592,-3.7601069634023,1,1,1,0,160,"Q2"
"887",32,8.0709060888,42,-3.00515149547048,-3.16934188974592,-2.99886216656292,-3.52230625428812,0,0,1,0,160,"Q2"
"888",32,8.61323037960001,43,-3.00515149547048,-3.16934188974592,-2.99886216656292,-3.47074844462327,0,0,1,0,160.4,"Q3"
"889",32,10.869406193,44,-3.20722520764823,-3.16934188974592,-2.99886216656292,-3.18432344336154,0,0,1,1,160.4,"Q3"
"890",32,8.05070338149999,45,-3.00515149547048,-3.16934188974592,-2.99886216656292,-3.28758971741625,0,0,0,0,160.4,"Q3"
"891",32,9.25263328419997,46,-3.00515149547048,-3.16934188974592,-3.09762658123533,-3.57666746350701,0,1,1,0,160.4,"Q3"
"892",32,8.39298958799997,48,-3.00515149547048,-3.42171901738295,-2.99886216656292,-3.28758971741625,0,0,1,0,160.8,"Q3"
"893",32,8.23642052730002,50,-3.00515149547048,-3.42171901738295,-3.1328414875264,-3.47074844462327,0,1,1,0,160.8,"Q3"
"894",32,8.54090971799997,51,-3.00515149547048,-3.52230625428812,-3.1328414875264,-3.33033126579352,1,0,1,0,160.8,"Q3"
"895",32,8.58969988220001,52,-3.00515149547048,-3.52230625428812,-3.1328414875264,-3.47074844462327,0,0,1,0,150.9,"Q3"
"896",32,10.691217376,53,-3.37498153953126,-3.52230625428812,-2.99886216656292,-3.47074844462327,0,0,1,1,150.9,"Q3"
"897",32,8.21932609390002,54,-3.00515149547048,-3.57666746350701,-2.99886216656292,-3.28758971741625,0,0,1,0,150.9,"Q3"
"898",32,8.5656023306,55,-3.00515149547048,-3.57666746350701,-2.99886216656292,-3.28758971741625,1,0,0,0,150.9,"Q3"
"899",32,9.46715078080002,56,-3.00515149547048,-3.57666746350701,-2.99886216656292,-3.47074844462327,0,1,1,0,147.2,"Q4"
"900",32,10.943340146,57,-3.47074844462327,-3.16934188974592,-3.03071199245002,-3.47074844462327,0,0,1,1,147.2,"Q4"
"901",32,8.62479120200004,58,-3.09070126416997,-3.94377170374273,-3.06360969595708,-3.47074844462327,1,1,0,0,147.2,"Q4"
"902",32,8.44934252449998,59,-3.00515149547048,-3.69514906712753,-3.06360969595708,-3.47074844462327,0,0,1,0,147.2,"Q4"
"903",32,10.670628413,60,-3.47074844462327,-3.69514906712753,-3.06360969595708,-3.47074844462327,1,0,1,1,120.9,"Q4"
"904",32,8.3635757028,61,-3.00515149547048,-3.90424086498609,-3.06360969595708,-3.47074844462327,0,1,1,0,120.9,"Q4"
"905",32,10.948980319,62,-3.47074844462327,-4.16893341921317,-3.06360969595708,-3.16934188974592,0,0,1,1,120.9,"Q4"
"906",32,9.83563688559998,63,-3.47074844462327,-3.69514906712753,-3.06360969595708,-3.33033126579352,1,0,0,0,120.9,"Q4"
"907",32,9.37381884100003,64,-3.00515149547048,-3.24660037288306,-3.06360969595708,-3.47074844462327,1,0,1,0,120.9,"Q4"
"908",32,9.57941808260001,69,-3.47074844462327,-3.16934188974592,-3.52230625428812,-3.47074844462327,0,1,1,0,114.4,"Q1"
"909",32,8.95467362900003,70,-3.20722520764823,-4.16893341921317,-3.20722520764823,-3.24660037288306,1,0,1,0,114.4,"Q1"
"910",32,9.01869548770001,71,-3.20722520764823,-3.16934188974592,-3.20722520764823,-3.63415455442469,0,0,1,0,114.4,"Q1"
"911",32,10.969025533,72,-3.47074844462327,-3.16934188974592,-2.99886216656292,-3.63415455442469,0,0,1,1,114.4,"Q1"
"912",32,9.20873909060002,73,-3.20722520764823,-3.7601069634023,-2.99886216656292,-3.47074844462327,1,0,0,0,114.4,"Q1"
"913",32,9.12869638290002,74,-3.24660037288306,-3.7601069634023,-3.24660037288306,-3.47074844462327,0,0,1,0,114.4,"Q1"
"914",32,8.73359406190002,75,-3.24660037288306,-3.16934188974592,-3.16934188974592,-3.7601069634023,0,0,1,0,114.4,"Q1"
"915",32,9.49642116310001,76,-3.24660037288306,-3.16934188974592,-2.99886216656292,-3.7601069634023,0,0,1,0,114.4,"Q1"
"916",32,10.338899737,77,-3.47074844462327,-3.47074844462327,-2.99886216656292,-3.37498153953126,1,0,1,1,114.4,"Q1"
"917",32,8.95467362900003,78,-3.20722520764823,-4.07270538711862,-2.99886216656292,-3.37498153953126,1,0,0,0,111.7,"Q1"
"918",32,10.064244931,79,-3.20722520764823,-3.16934188974592,-2.99886216656292,-3.57666746350701,0,0,1,0,111.7,"Q1"
"919",32,10.099054336,81,-3.63415455442469,-3.69514906712753,-3.63415455442469,-3.37498153953126,1,1,0,0,111.7,"Q1"
"920",32,9.52017524910003,83,-3.42171901738295,-3.69514906712753,-3.47074844462327,-4.03666545063542,0,1,0,0,111.7,"Q2"
"921",32,9.65605130869996,84,-3.42171901738295,-4.16893341921317,-2.99886216656292,-3.57666746350701,1,0,0,0,111.7,"Q2"
"922",32,9.3462688892,85,-3.42171901738295,-3.16934188974592,-3.47074844462327,-3.57666746350701,1,1,0,0,111.7,"Q2"
"923",32,10.274775209,86,-3.42171901738295,-3.16934188974592,-3.47074844462327,-3.7601069634023,0,1,0,0,111,"Q2"
"924",32,12.024454841,87,-3.82957933621707,-3.16934188974592,-3.20722520764823,-3.7601069634023,0,0,1,1,111,"Q2"
"925",32,9.01869548770001,88,-3.28758971741625,-3.16934188974592,-3.33033126579352,-3.7601069634023,0,1,1,0,111,"Q2"
"926",32,8.9871968207,89,-3.28758971741625,-3.69514906712753,-2.99886216656292,-3.7601069634023,1,0,0,0,111,"Q2"
"927",32,9.23405689859997,90,-3.28758971741625,-3.69514906712753,-2.99886216656292,-4.03666545063542,0,0,1,0,111,"Q2"
"928",32,8.7540029335,91,-3.28758971741625,-3.16934188974592,-3.47074844462327,-3.28758971741625,0,0,1,0,111,"Q2"
"929",32,10.218006279,92,-3.57666746350701,-3.7601069634023,-3.47074844462327,-3.57666746350701,1,1,1,1,111,"Q2"
"930",32,10.061516417,93,-3.28758971741625,-3.90424086498609,-3.06360969595708,-3.90424086498609,0,1,0,0,111,"Q2"
"931",32,8.51559191000002,96,-3.28758971741625,-3.69514906712753,-3.47074844462327,-3.28758971741625,1,1,0,0,111,"Q3"
"932",32,8.71275997499997,97,-3.28758971741625,-3.69514906712753,-3.47074844462327,-3.47074844462327,0,0,1,0,111,"Q3"
"933",32,8.47637119690002,98,-3.28758971741625,-3.47074844462327,-3.06884305629715,-3.47074844462327,0,1,1,0,111,"Q3"
"934",32,8.34853782539999,99,-3.28758971741625,-4.16893341921317,-3.37498153953126,-3.47074844462327,1,0,1,0,107.2,"Q3"
"935",32,8.79361207160002,100,-3.28758971741625,-4.16893341921317,-3.37498153953126,-3.52230625428812,0,0,0,0,107.2,"Q3"
"936",32,9.61420419870001,101,-3.28758971741625,-3.7601069634023,-3.28758971741625,-3.37498153953126,1,0,0,0,107.2,"Q3"
"937",32,11.711645168,102,-3.90424086498609,-3.7601069634023,-3.10457105358814,-3.37498153953126,0,0,1,1,107.2,"Q3"
"938",32,8.52833093580003,103,-3.28758971741625,-3.82957933621707,-3.10457105358814,-3.47074844462327,0,0,1,0,107.2,"Q3"
"939",32,8.92105701820002,104,-3.28758971741625,-3.82957933621707,-3.47074844462327,-3.47074844462327,0,1,1,0,107.4,"Q3"
"940",32,10.704232744,105,-3.47074844462327,-3.82957933621707,-3.10457105358814,-3.47074844462327,0,0,1,1,107.4,"Q3"
"941",32,9.25263328419997,106,-3.47074844462327,-3.7014582363208,-3.24660037288306,-3.63415455442469,1,1,1,0,107.4,"Q3"
"942",32,9.64368001690004,108,-3.57666746350701,-3.7014582363208,-3.47074844462327,-3.47074844462327,0,1,0,0,116,"Q4"
"943",32,9.24647941859996,109,-3.57666746350701,-3.7014582363208,-3.10457105358814,-3.46074836128869,1,0,0,0,116,"Q4"
"944",32,9.15609535709998,111,-3.28758971741625,-3.7014582363208,-3.20722520764823,-3.47074844462327,0,1,1,0,116,"Q4"
"945",32,10.34096799,112,-3.7601069634023,-3.7014582363208,-3.10457105358814,-3.47074844462327,0,0,0,0,116,"Q4"
"946",32,8.5777236912,113,-3.28758971741625,-3.7014582363208,-3.10457105358814,-3.47074844462327,1,0,0,0,127.3,"Q4"
"947",32,9.27687689579999,114,-3.28758971741625,-3.7014582363208,-3.10457105358814,-3.48084954060977,0,0,1,0,127.3,"Q4"
"948",32,9.64782080949995,115,-3.47074844462327,-3.7014582363208,-3.47074844462327,-3.47074844462327,0,1,1,0,127.3,"Q4"
"949",32,9.4867592521,116,-3.47074844462327,-3.7014582363208,-3.10457105358814,-3.90424086498609,1,0,0,0,127.3,"Q4"
"950",32,9.22778728560003,117,-3.47074844462327,-3.7014582363208,-3.10457105358814,-3.69514906712753,0,0,0,0,131.5,"Q4"
"951",32,8.8032739825,118,-3.28758971741625,-3.7014582363208,-3.10457105358814,-3.52230625428812,1,0,0,0,131.5,"Q4"
"952",32,8.87738195470003,119,-3.28758971741625,-3.7014582363208,-3.10457105358814,-3.63415455442469,0,0,1,0,131.5,"Q4"
"953",32,10.109525636,120,-3.47074844462327,-3.7014582363208,-3.28758971741625,-3.63415455442469,1,0,1,1,131.5,"Q4"
"954",32,9.9240741861,121,-3.47074844462327,-3.7014582363208,-3.28758971741625,-3.57666746350701,0,0,0,0,135.1,"Q1"
"955",32,8.99516499030001,122,-3.47074844462327,-3.7014582363208,-3.33033126579352,-3.7601069634023,0,1,1,0,135.1,"Q1"
"956",32,10.578878012,123,-3.24660037288306,-3.7014582363208,-3.33033126579352,-3.7601069634023,0,0,1,1,135.1,"Q1"
"957",32,10.050527295,124,-3.24660037288306,-3.7014582363208,-2.99886216656292,-3.47074844462327,0,0,1,1,135.1,"Q1"
"958",32,8.9710674387,125,-3.24660037288306,-3.7014582363208,-2.99886216656292,-3.47074844462327,0,0,0,0,135.1,"Q1"
"959",32,8.58969988220001,126,-3.1328414875264,-3.7014582363208,-2.99886216656292,-3.7601069634023,0,0,1,0,134.7,"Q1"
"960",32,9.22778728560003,127,-3.47074844462327,-3.7014582363208,-3.47074844462327,-4.16893341921317,0,1,0,0,134.7,"Q1"
"961",32,9.18276360419998,129,-3.47074844462327,-3.7014582363208,-3.47074844462327,-3.47074844462327,0,1,1,0,134.7,"Q1"
"962",32,9.09335701649998,130,-3.1328414875264,-3.7014582363208,-3.57666746350701,-3.63415455442469,1,0,0,0,134.7,"Q1"
"963",32,9.93653540660005,131,-3.47074844462327,-3.7014582363208,-3.57666746350701,-3.69514906712753,0,0,1,1,134.7,"Q1"
"964",32,9.2887817983,132,-3.47074844462327,-3.7014582363208,-3.57666746350701,-3.69514906712753,0,1,0,0,134.7,"Q1"
"965",32,9.04923221160001,133,-3.1328414875264,-3.7014582363208,-3.1328414875264,-3.90424086498609,0,0,1,0,134.7,"Q1"
"966",32,10.298767636,134,-3.47074844462327,-3.7014582363208,-3.24259235148552,-3.90424086498609,0,1,1,1,134.3,"Q2"
"967",32,9.57941808260001,135,-3.47074844462327,-3.7014582363208,-3.24259235148552,-3.63415455442469,0,0,0,0,134.3,"Q2"
"968",32,8.81284343350004,136,-3.1328414875264,-3.90424086498609,-3.04374149274035,-3.63415455442469,1,0,0,0,134.3,"Q2"
"969",32,10.648088015,137,-3.42171901738295,-3.90424086498609,-3.04374149274035,-3.47074844462327,0,0,1,1,134.3,"Q2"
"970",32,8.74385056200001,138,-3.1328414875264,-3.47074844462327,-3.28758971741625,-3.33033126579352,0,1,1,0,134.3,"Q2"
"971",32,8.96290412809996,139,-3.1328414875264,-3.47074844462327,-3.09762658123533,-3.47074844462327,0,1,1,0,126.2,"Q2"
"972",32,9.01091334729999,140,-3.1328414875264,-3.42171901738295,-3.09762658123533,-3.47074844462327,0,0,0,0,126.2,"Q2"
"973",32,10.676554356,141,-3.42171901738295,-3.63415455442469,-3.06360969595708,-3.28758971741625,0,0,1,1,126.2,"Q2"
"974",32,8.6697425899,142,-3.1328414875264,-3.63415455442469,-3.09762658123533,-3.47074844462327,0,0,1,0,126.2,"Q2"
"975",32,8.28601746839997,143,-3.09762658123533,-3.63415455442469,-3.24660037288306,-3.28758971741625,0,1,1,0,118.5,"Q2"
"976",32,8.60153433980004,144,-3.09762658123533,-3.42171901738295,-3.24660037288306,-3.36137588747548,0,0,0,0,118.5,"Q2"
"977",32,8.46294817659997,146,-3.09762658123533,-3.47074844462327,-3.06360969595708,-3.47074844462327,0,1,1,0,118.5,"Q2"
"978",32,10.254707646,147,-3.46481980094919,-3.47074844462327,-3.16934188974592,-3.47074844462327,0,0,1,1,115.5,"Q3"
"979",32,9.0861367685,148,-3.37498153953126,-3.90424086498609,-3.16934188974592,-3.52230625428812,0,0,1,1,115.5,"Q3"
"980",32,9.22778728560003,149,-3.09762658123533,-3.42171901738295,-3.06360969595708,-3.42171901738295,0,0,0,0,115.5,"Q3"
"981",32,10.975618964,150,-3.33033126579352,-3.63415455442469,-3.1328414875264,-3.42171901738295,0,1,1,1,115.5,"Q3"
"982",32,8.79361207160002,151,-3.09762658123533,-3.7601069634023,-3.06360969595708,-3.42171901738295,1,0,0,0,115.5,"Q3"
"983",32,11.3220554740001,153,-3.47074844462327,-3.42171901738295,-3.06360969595708,-3.28758971741625,0,0,1,1,114.5,"Q3"
"984",32,10.663171257,154,-3.47074844462327,-3.52230625428812,-3.1328414875264,-3.47074844462327,0,1,1,1,114.5,"Q3"
"985",32,10.064244931,156,-3.63415455442469,-3.42171901738295,-3.24660037288306,-3.47074844462327,0,1,1,0,112.5,"Q3"
"986",32,10.652636923,157,-3.47074844462327,-3.49619511028444,-3.24660037288306,-3.36137588747548,0,0,1,1,112.5,"Q3"
"987",32,8.9710674387,158,-3.09762658123533,-3.49619511028444,-3.13643215565713,-3.69514906712753,0,0,1,0,112.5,"Q3"
"988",32,8.77400360019999,159,-3.16934188974592,-3.7601069634023,-3.13643215565713,-3.69514906712753,0,1,0,0,112.5,"Q3"
"989",32,11.119230812,160,-3.37498153953126,-3.49619511028444,-3.13643215565713,-3.47074844462327,0,0,1,1,106.5,"Q4"
"990",33,8.23642052730002,40,-3.00515149547048,-3.69514906712753,-3.16934188974592,-3.54369744426944,1,1,1,0,160,"Q2"
"991",33,10.347147206,41,-3.47074844462327,-3.16934188974592,-3.16934188974592,-3.26279505880304,0,0,1,1,160,"Q2"
"992",33,8.43554920239998,42,-3.00515149547048,-3.16934188974592,-2.99886216656292,-3.52230625428812,0,0,1,0,160,"Q2"
"993",33,8.37839078850004,43,-3.00515149547048,-3.16934188974592,-2.99886216656292,-3.47074844462327,0,0,1,0,160.4,"Q3"
"994",33,10.064244931,44,-3.20722520764823,-3.16934188974592,-2.99886216656292,-3.18432344336154,0,0,1,1,160.4,"Q3"
"995",33,8.18423477410002,45,-3.00515149547048,-3.16934188974592,-2.99886216656292,-3.57666746350701,0,0,0,0,160.4,"Q3"
"996",33,8.86841328469997,46,-3.00515149547048,-3.16934188974592,-3.09762658123533,-3.57666746350701,0,1,1,0,160.4,"Q3"
"997",33,9.80079015429999,47,-3.28758971741625,-3.42171901738295,-3.09762658123533,-3.18432344336154,1,0,1,1,160.8,"Q3"
"998",33,7.9875244798,48,-3.00515149547048,-3.42171901738295,-2.99886216656292,-3.28758971741625,0,0,1,0,160.8,"Q3"
"999",33,10.170150258,49,-3.47074844462327,-3.42171901738295,-2.99886216656292,-3.28758971741625,0,0,1,1,160.8,"Q3"
"1000",33,8.16621626860002,50,-3.00515149547048,-3.42171901738295,-3.1328414875264,-3.47074844462327,0,1,1,0,160.8,"Q3"
"1001",33,8.23642052730002,51,-3.00515149547048,-3.52230625428812,-3.1328414875264,-3.33033126579352,1,0,1,0,160.8,"Q3"
"1002",33,8.12917499690002,52,-3.00515149547048,-3.52230625428812,-3.1328414875264,-3.47074844462327,0,0,1,0,150.9,"Q3"
"1003",33,10.056036951,53,-3.37498153953126,-3.52230625428812,-2.99886216656292,-3.47074844462327,0,0,1,1,150.9,"Q3"
"1004",33,8.5777236912,54,-3.00515149547048,-3.57666746350701,-2.99886216656292,-3.47074844462327,0,0,1,0,150.9,"Q3"
"1005",33,8.46294817659997,55,-3.00515149547048,-3.57666746350701,-2.99886216656292,-3.47074844462327,1,0,0,0,150.9,"Q3"
"1006",33,9.114710141,56,-3.00515149547048,-3.57666746350701,-3.06360969595708,-3.47074844462327,0,1,1,0,147.2,"Q4"
"1007",33,10.279180502,57,-3.47074844462327,-3.16934188974592,-3.06360969595708,-3.47074844462327,0,0,1,1,147.2,"Q4"
"1008",33,8.71275997499997,58,-3.08905265452171,-3.94377170374273,-3.06360969595708,-3.47074844462327,1,1,0,0,147.2,"Q4"
"1009",33,8.05070338149999,59,-3.00515149547048,-3.69514906712753,-3.06360969595708,-3.47074844462327,0,0,1,0,147.2,"Q4"
"1010",33,10.132692695,60,-3.47074844462327,-3.69514906712753,-3.06360969595708,-3.47074844462327,1,0,1,1,120.9,"Q4"
"1011",33,8.11012680190003,61,-3.00515149547048,-3.90424086498609,-3.06360969595708,-3.47074844462327,0,1,1,0,120.9,"Q4"
"1012",33,9.95494083409999,62,-3.47074844462327,-4.16893341921317,-3.06360969595708,-3.16934188974592,0,0,1,1,120.9,"Q4"
"1013",33,8.0300840943,63,-3.47074844462327,-3.69514906712753,-3.06360969595708,-3.33033126579352,1,0,0,0,120.9,"Q4"
"1014",33,9.25263328419997,64,-3.00515149547048,-3.24660037288306,-3.06360969595708,-3.47074844462327,1,0,1,0,120.9,"Q4"
"1015",33,9.21512888869999,66,-3.47074844462327,-3.82957933621707,-3.16934188974592,-3.47074844462327,1,0,0,0,117.8,"Q4"
"1016",33,9.17616292019996,69,-3.47074844462327,-3.16934188974592,-3.52230625428812,-3.47074844462327,0,1,1,0,114.4,"Q1"
"1017",33,8.73359406190002,70,-3.20722520764823,-4.16893341921317,-3.20722520764823,-3.24660037288306,1,0,1,0,114.4,"Q1"
"1018",33,8.88627090209996,71,-3.20722520764823,-3.16934188974592,-3.20722520764823,-3.63415455442469,0,0,1,0,114.4,"Q1"
"1019",33,10.349198489,72,-3.47074844462327,-3.16934188974592,-2.99886216656292,-3.63415455442469,0,0,1,1,114.4,"Q1"
"1020",33,8.68067166040002,73,-3.20722520764823,-3.7601069634023,-2.99886216656292,-3.47074844462327,1,0,0,0,114.4,"Q1"
"1021",33,9.00307016980004,74,-3.24660037288306,-3.7601069634023,-3.24660037288306,-3.47074844462327,0,0,1,0,114.4,"Q1"
"1022",33,9.06415786180001,75,-3.24660037288306,-3.16934188974592,-3.16934188974592,-3.7601069634023,0,0,1,0,114.4,"Q1"
"1023",33,9.114710141,76,-3.24660037288306,-3.16934188974592,-2.99886216656292,-3.7601069634023,0,0,1,0,114.4,"Q1"
"1024",33,10.119888423,77,-3.47074844462327,-3.47074844462327,-2.99886216656292,-3.37498153953126,1,0,1,1,114.4,"Q1"
"1025",33,8.46294817659997,78,-3.20722520764823,-4.07270538711862,-2.99886216656292,-3.37498153953126,1,0,0,0,111.7,"Q1"
"1026",33,10.774948268,80,-3.63415455442469,-3.16934188974592,-3.47074844462327,-3.37498153953126,0,0,1,1,111.7,"Q1"
"1027",33,9.47208906240003,81,-3.63415455442469,-3.69514906712753,-3.63415455442469,-3.37498153953126,1,1,0,0,111.7,"Q1"
"1028",33,8.93800657649997,83,-3.42171901738295,-3.69514906712753,-3.57666746350701,-4.03666545063542,0,1,0,0,111.7,"Q2"
"1029",33,9.47208906240003,84,-3.42171901738295,-4.16893341921317,-2.99886216656292,-3.57666746350701,1,0,0,0,111.7,"Q2"
"1030",33,9.20873909060002,85,-3.42171901738295,-3.16934188974592,-3.47074844462327,-3.57666746350701,1,1,0,0,111.7,"Q2"
"1031",33,9.74613174179998,86,-3.42171901738295,-3.16934188974592,-3.47074844462327,-3.7601069634023,0,1,0,0,111,"Q2"
"1032",33,11.446443724,87,-3.82957933621707,-3.16934188974592,-3.20722520764823,-3.7601069634023,0,0,1,1,111,"Q2"
"1033",33,8.91247327449998,88,-3.28758971741625,-3.16934188974592,-3.33033126579352,-3.7601069634023,0,1,1,0,111,"Q2"
"1034",33,9.02641753380003,89,-3.28758971741625,-3.69514906712753,-2.99886216656292,-3.7601069634023,1,0,0,0,111,"Q2"
"1035",33,9.15609535709998,90,-3.28758971741625,-3.69514906712753,-2.99886216656292,-4.03666545063542,0,0,1,0,111,"Q2"
"1036",33,8.54090971799997,91,-3.28758971741625,-3.28758971741625,-3.47074844462327,-3.28758971741625,0,0,1,0,111,"Q2"
"1037",33,9.90827606929997,92,-3.57666746350701,-3.7601069634023,-3.47074844462327,-3.57666746350701,1,1,1,1,111,"Q2"
"1038",33,9.85261522220004,93,-3.28758971741625,-3.90424086498609,-3.06360969595708,-3.90424086498609,0,1,0,0,111,"Q2"
"1039",33,10.840991681,94,-3.63415455442469,-3.47074844462327,-3.03071199245002,-3.28758971741625,0,0,1,1,111,"Q2"
"1040",33,8.5656023306,96,-3.28758971741625,-3.69514906712753,-3.47074844462327,-3.28758971741625,1,1,0,0,111,"Q3"
"1041",33,8.87738195470003,97,-3.28758971741625,-3.69514906712753,-3.47074844462327,-3.47074844462327,0,0,1,0,111,"Q3"
"1042",33,8.39298958799997,98,-3.28758971741625,-3.47074844462327,-3.05604964270236,-3.47074844462327,0,1,1,0,111,"Q3"
"1043",33,8.48961642359998,99,-3.28758971741625,-4.16893341921317,-3.37498153953126,-3.47074844462327,1,0,1,0,107.2,"Q3"
"1044",33,8.71275997499997,100,-3.28758971741625,-4.16893341921317,-3.37498153953126,-3.52230625428812,0,0,0,0,107.2,"Q3"
"1045",33,9.0567228833,101,-3.28758971741625,-3.7601069634023,-3.28758971741625,-3.37498153953126,1,0,0,0,107.2,"Q3"
"1046",33,10.92392206,102,-3.90424086498609,-3.7601069634023,-3.10457105358814,-3.37498153953126,0,0,1,1,107.2,"Q3"
"1047",33,8.71275997499997,104,-3.28758971741625,-3.82957933621707,-3.47074844462327,-3.47074844462327,0,1,1,0,107.4,"Q3"
"1048",33,10.036618865,105,-3.47074844462327,-3.82957933621707,-3.10457105358814,-3.47074844462327,0,0,1,1,107.4,"Q3"
"1049",33,9.31793838260002,106,-3.49695828142546,-3.69514906712753,-3.15441064157603,-3.63415455442469,1,1,1,0,107.4,"Q3"
"1050",33,9.10764297370002,107,-3.5392560767868,-3.69514906712753,-3.10457105358814,-3.59648245896906,0,0,1,0,107.4,"Q3"
"1051",33,9.45720044990004,108,-3.57666746350701,-3.72062815242852,-3.47074844462327,-3.46603478586082,0,1,0,0,116,"Q4"
"1052",33,11.512605414,110,-3.63415455442469,-3.71419726209823,-3.10457105358814,-3.39807725432591,0,0,1,1,116,"Q4"
"1053",33,8.63621989780004,111,-3.28758971741625,-3.47074844462327,-3.20722520764823,-3.47074844462327,0,1,1,0,116,"Q4"
"1054",33,10.019669307,112,-3.7601069634023,-3.55456711650634,-3.10457105358814,-3.47074844462327,0,0,0,0,116,"Q4"
"1055",33,8.6697425899,113,-3.31980453107267,-3.63415455442469,-3.10457105358814,-3.48084954060977,1,0,0,0,127.3,"Q4"
"1056",33,9.14248970509999,114,-3.39204199738838,-3.59356927430961,-3.10457105358814,-3.47074844462327,0,0,1,0,127.3,"Q4"
"1057",33,9.45218790810001,115,-3.47074844462327,-3.47074844462327,-3.47074844462327,-3.84407234351964,0,1,1,0,127.3,"Q4"
"1058",33,9.2887817983,116,-3.47074844462327,-3.75341797525151,-3.11489732825891,-3.82957933621707,1,0,0,0,127.3,"Q4"
"1059",33,9.0567228833,117,-3.44733888408507,-3.69514906712753,-3.10457105358814,-3.66418684152356,0,0,0,0,131.5,"Q4"
"1060",33,8.43554920239998,118,-3.28758971741625,-3.69514906712753,-3.10457105358814,-3.5629807958353,1,0,0,0,131.5,"Q4"
"1061",33,10.016816238,120,-3.47074844462327,-3.63415455442469,-3.28758971741625,-3.53409162873559,1,0,1,1,131.5,"Q4"
"1062",33,9.58822871229999,121,-3.47074844462327,-3.63415455442469,-3.30697196181541,-3.62696564577332,0,0,0,0,135.1,"Q1"
"1063",33,9.114710141,122,-3.42710909828296,-3.59356927430961,-3.33033126579352,-3.7601069634023,0,1,1,0,135.1,"Q1"
"1064",33,8.63621989780004,125,-3.21469124245847,-3.90424086498609,-2.99886216656292,-3.61839818364251,0,0,0,0,135.1,"Q1"
"1065",33,8.92105701820002,126,-3.3411114103036,-3.81529337896959,-3.00240757991919,-3.7601069634023,0,0,1,0,134.7,"Q1"
"1066",33,9.24647941859996,127,-3.47074844462327,-3.59356927430961,-3.47074844462327,-4.16893341921317,0,1,0,0,134.7,"Q1"
"1067",33,11.345027388,128,-3.47074844462327,-3.63415455442469,-3.00465601193358,-3.34621532403493,0,0,1,1,134.7,"Q1"
"1068",33,9.01091334729999,129,-3.38827785334085,-3.69514906712753,-3.47074844462327,-3.57666746350701,0,1,1,0,134.7,"Q1"
"1069",33,8.77400360019999,130,-3.3186462663675,-3.82957933621707,-3.57666746350701,-3.64605945693101,1,0,0,0,134.7,"Q1"
"1070",33,9.99369382040004,131,-3.47074844462327,-3.78044664763943,-3.57666746350701,-3.69514906712753,0,0,1,1,134.7,"Q1"
"1071",33,9.20230820029997,132,-3.3869998926683,-3.69514906712753,-3.48584563484774,-3.69514906712753,0,1,0,0,134.7,"Q1"
"1072",33,9.10052550600004,133,-3.35028784209907,-3.6223897128451,-3.1058211748733,-3.90424086498609,0,0,1,0,134.7,"Q1"
"1073",33,10.170150258,134,-3.47074844462327,-3.47074844462327,-3.24259235148552,-3.75341797525151,0,1,1,1,134.3,"Q2"
"1074",33,8.5777236912,136,-3.1360376435592,-3.90424086498609,-3.04374149274035,-3.54911751173878,1,0,0,0,134.3,"Q2"
"1075",33,10.290109573,137,-3.42171901738295,-3.7601069634023,-3.12256301150529,-3.42585522285706,0,0,1,1,134.3,"Q2"
"1076",33,8.46294817659997,138,-3.1328414875264,-3.47074844462327,-3.28758971741625,-3.33033126579352,0,1,1,0,134.3,"Q2"
"1077",33,8.71275997499997,139,-3.1328414875264,-3.47074844462327,-3.09762658123533,-3.47074844462327,0,1,1,0,126.2,"Q2"
"1078",33,8.5026885052,140,-3.1328414875264,-3.42171901738295,-3.09226983508319,-3.47074844462327,0,0,0,0,126.2,"Q2"
"1079",33,9.86931010069997,141,-3.42171901738295,-3.63415455442469,-3.06360969595708,-3.28758971741625,0,0,1,1,126.2,"Q2"
"1080",33,8.62479120200004,142,-3.11985820113522,-3.63415455442469,-3.09762658123533,-3.47074844462327,0,0,1,0,126.2,"Q2"
"1081",33,8.30201780980003,143,-3.09762658123533,-3.59356927430961,-3.24660037288306,-3.30873215399006,0,1,1,0,118.5,"Q2"
"1082",33,8.60153433980004,144,-3.09762658123533,-3.42171901738295,-3.31766103585547,-3.36137588747548,0,0,0,0,118.5,"Q2"
"1083",33,8.62479120200004,145,-3.09762658123533,-3.44593327550355,-3.47074844462327,-3.37809339514829,0,1,1,0,118.5,"Q2"
"1084",33,8.71275997499997,146,-3.27439481124522,-3.47074844462327,-3.09817039911207,-3.47074844462327,0,1,1,0,118.5,"Q2"
"1085",33,9.98192897880002,147,-3.46993852305007,-3.61655879253431,-3.16934188974592,-3.42630718666518,0,0,1,1,115.5,"Q3"
"1086",33,8.74385056200001,149,-3.09762658123533,-3.50136308044288,-3.09820830002028,-3.42171901738295,0,0,0,0,115.5,"Q3"
"1087",33,10.406925958,150,-3.33033126579352,-3.63415455442469,-3.1328414875264,-3.42171901738295,0,1,1,1,115.5,"Q3"
"1088",33,8.86841328469997,151,-3.10457105358814,-3.7601069634023,-3.07781134637903,-3.40276110363834,1,0,0,0,115.5,"Q3"
"1089",33,10.807867633,153,-3.47074844462327,-3.46074836128869,-3.06360969595708,-3.28758971741625,0,0,1,1,114.5,"Q3"
"1090",33,10.439278922,154,-3.49547753522569,-3.86621346939685,-3.1328414875264,-3.47074844462327,0,1,1,1,114.5,"Q3"
"1091",33,9.71571114510001,156,-3.60546600056193,-3.40746699467575,-3.24660037288306,-3.47074844462327,0,1,1,0,112.5,"Q3"
"1092",33,10.416550671,157,-3.47074844462327,-3.35240721749272,-3.18460562173615,-3.33033126579352,0,0,1,1,112.5,"Q3"
"1093",33,9.44715011409995,158,-3.54775164843316,-3.48084954060977,-2.99573227355399,-3.69514906712753,0,0,1,0,112.5,"Q3"
"1094",33,8.8032739825,159,-3.15328601824367,-3.7601069634023,-3.1328414875264,-3.88158455135879,0,1,0,0,112.5,"Q3"
"1095",33,10.794829639,160,-3.37498153953126,-3.6282548322975,-3.04961024006741,-3.44104329020936,0,0,1,1,106.5,"Q4"
"1096",40,8.0300840943,40,-3.19570876558667,-3.69514906712753,-3.20722520764823,-3.7601069634023,1,1,1,0,160,"Q2"
"1097",40,8.5026885052,42,-3.19570876558667,-3.54369744426944,-3.17401768574907,-3.52230625428812,0,0,1,0,160,"Q2"
"1098",40,8.05070338149999,50,-3.19570876558667,-3.54369744426944,-3.18226723910108,-3.52230625428812,0,1,1,0,160.8,"Q3"
"1099",40,8.26975694750001,51,-3.19570876558667,-3.54369744426944,-3.18084395994193,-3.52230625428812,1,0,1,0,160.8,"Q3"
"1100",40,8.28601746839997,52,-3.19570876558667,-3.54369744426944,-3.18390456053916,-3.52230625428812,0,0,1,0,150.9,"Q3"
"1101",40,9.91145572220004,53,-3.37498153953126,-3.54369744426944,-3.17799594802316,-3.52230625428812,0,0,1,1,150.9,"Q3"
"1102",40,7.82244472949999,54,-3.19570876558667,-3.57666746350701,-3.18079440469354,-3.52230625428812,0,0,1,0,150.9,"Q3"
"1103",40,8.23642052730002,55,-3.19570876558667,-3.57666746350701,-3.17799594802316,-3.52230625428812,1,0,0,0,150.9,"Q3"
"1104",40,8.76405326930003,56,-3.19570876558667,-3.57666746350701,-3.1775627541456,-3.52230625428812,0,1,1,0,147.2,"Q4"
"1105",40,10.351245573,57,-3.47074844462327,-3.54369744426944,-3.17530258090795,-3.52230625428812,0,0,1,1,147.2,"Q4"
"1106",40,8.73359406190002,58,-3.32631570924883,-4.24226469229872,-3.17910969798004,-3.52230625428812,1,1,0,0,147.2,"Q4"
"1107",40,7.62461898619999,59,-3.19570876558667,-3.69514906712753,-3.17909743070942,-3.52230625428812,0,0,1,0,147.2,"Q4"
"1108",40,10.013955006,60,-3.47074844462327,-3.69514906712753,-3.174197497965,-3.52230625428812,1,0,1,1,120.9,"Q4"
"1109",40,7.82244472949999,61,-3.19570876558667,-3.90424086498609,-3.1816459189804,-3.47074844462327,0,1,1,0,120.9,"Q4"
"1110",40,10.5491237499999,62,-3.47074844462327,-4.16893341921317,-3.17744278427463,-3.43133447608239,0,0,1,1,120.9,"Q4"
"1111",40,9.10764297370002,63,-3.47074844462327,-3.69514906712753,-3.17611888596083,-3.47578623865323,1,0,0,0,120.9,"Q4"
"1112",40,8.74385056200001,64,-3.19570876558667,-3.54369744426944,-3.20722520764823,-3.47578623865323,1,0,1,0,120.9,"Q4"
"1113",40,9.14931567009999,69,-3.47074844462327,-3.54369744426944,-3.52230625428812,-3.52230625428812,0,1,1,0,114.4,"Q1"
"1114",40,8.5777236912,70,-3.47578623865323,-4.16893341921317,-3.20722520764823,-3.52230625428812,1,0,1,0,114.4,"Q1"
"1115",40,8.34853782539999,71,-3.47578623865323,-3.54369744426944,-3.20722520764823,-3.63415455442469,0,0,1,0,114.4,"Q1"
"1116",40,10.450452223,72,-3.47578623865323,-3.54369744426944,-3.20722520764823,-3.63415455442469,0,0,1,1,114.4,"Q1"
"1117",40,9.18932100480001,73,-3.47578623865323,-3.7601069634023,-3.20722520764823,-3.52230625428812,1,0,0,0,114.4,"Q1"
"1118",40,9.14248970509999,74,-3.52230625428812,-3.7601069634023,-3.24660037288306,-3.52230625428812,0,0,1,0,114.4,"Q1"
"1119",40,8.44934252449998,75,-3.52230625428812,-3.54369744426944,-3.20722520764823,-3.7601069634023,0,0,1,0,114.4,"Q1"
"1120",40,8.51559191000002,78,-3.47578623865323,-4.24226469229872,-3.20722520764823,-3.52230625428812,1,0,0,0,111.7,"Q1"
"1121",40,9.57941808260001,79,-3.47578623865323,-3.54369744426944,-3.20722520764823,-3.57666746350701,0,0,1,0,111.7,"Q1"
"1122",40,8.48961642359998,83,-3.54369744426944,-3.69514906712753,-3.47074844462327,-4.25319376283091,0,1,0,0,111.7,"Q2"
"1123",40,8.40737832540001,84,-3.54369744426944,-4.16893341921317,-3.1545814741628,-3.57666746350701,1,0,0,0,111.7,"Q2"
"1124",40,8.7540029335,85,-3.54369744426944,-3.57666746350701,-3.47074844462327,-3.57666746350701,1,1,0,0,111.7,"Q2"
"1125",40,9.44208681210002,86,-3.54369744426944,-3.57666746350701,-3.47074844462327,-3.7601069634023,0,1,0,0,111,"Q2"
"1126",40,11.588403926,87,-3.82957933621707,-3.57666746350701,-3.20722520764823,-3.7601069634023,0,0,1,1,111,"Q2"
"1127",40,8.33327035329998,88,-3.54369744426944,-3.57666746350701,-3.33033126579352,-3.7601069634023,0,1,1,0,111,"Q2"
"1128",40,8.63621989780004,89,-3.54369744426944,-3.69514906712753,-3.1545814741628,-3.7601069634023,1,0,0,0,111,"Q2"
"1129",40,8.5656023306,90,-3.54369744426944,-3.69514906712753,-3.1545814741628,-4.25319376283091,0,0,1,0,111,"Q2"
"1130",40,8.65869275369998,91,-3.54369744426944,-3.69514906712753,-3.47074844462327,-3.56004658227097,0,0,1,0,111,"Q2"
"1131",40,9.25263328419997,92,-3.83679958419056,-3.98492977623623,-3.47074844462327,-3.85139838361171,1,1,1,1,111,"Q2"
"1132",40,9.28284706280001,93,-3.54369744426944,-3.90424086498609,-3.1545814741628,-3.90424086498609,0,1,0,0,111,"Q2"
"1133",40,10.780288735,94,-3.63415455442469,-3.69514906712753,-3.1545814741628,-3.56004658227097,0,0,1,1,111,"Q2"
"1134",40,8.74385056200001,96,-3.54369744426944,-3.69514906712753,-3.47074844462327,-3.56004658227097,1,1,0,0,111,"Q3"
"1135",40,8.68067166040002,97,-3.54369744426944,-3.69514906712753,-3.47074844462327,-3.56004658227097,0,0,1,0,111,"Q3"
"1136",40,8.52833093580003,98,-3.54369744426944,-3.69514906712753,-3.1545814741628,-3.56004658227097,0,1,1,0,111,"Q3"
"1137",40,8.0709060888,99,-3.54369744426944,-4.16893341921317,-3.37498153953126,-3.56004658227097,1,0,1,0,107.2,"Q3"
"1138",40,8.63621989780004,100,-3.54369744426944,-4.16893341921317,-3.37498153953126,-3.56004658227097,0,0,0,0,107.2,"Q3"
"1139",40,9.44715011409995,101,-3.54369744426944,-3.7601069634023,-3.28758971741625,-3.56004658227097,1,0,0,0,107.2,"Q3"
"1140",40,8.76405326930003,103,-3.54369744426944,-3.82957933621707,-3.22671900232923,-3.56004658227097,0,0,1,0,107.2,"Q3"
"1141",40,8.85023096560004,104,-3.54369744426944,-3.82957933621707,-3.47074844462327,-3.56004658227097,0,1,1,0,107.4,"Q3"
"1142",40,10.069679727,105,-3.54369744426944,-3.82957933621707,-3.22671900232923,-3.56004658227097,0,0,1,1,107.4,"Q3"
"1143",40,8.47637119690002,106,-3.54369744426944,-3.69514906712753,-3.22671900232923,-3.63415455442469,1,1,1,0,107.4,"Q3"
"1144",40,8.72323127479999,107,-3.56124405675964,-3.69514906712753,-3.22671900232923,-3.6149020039064,0,0,1,0,107.4,"Q3"
"1145",40,8.92956770779998,108,-3.57666746350701,-3.73361534795533,-3.47074844462327,-3.97656152656572,0,1,0,0,116,"Q4"
"1146",40,9.04168500589999,109,-3.57218640249661,-3.7601069634023,-3.22671900232923,-3.98492977623623,1,0,0,0,116,"Q4"
"1147",40,9.13561682580005,111,-3.57955978346371,-3.69514906712753,-3.22671900232923,-3.67645693411538,0,1,1,0,116,"Q4"
"1148",40,10.661673129,112,-3.7605570233218,-3.69514906712753,-3.22671900232923,-3.64605945693101,0,0,0,0,116,"Q4"
"1149",40,8.92105701820002,113,-3.55304980350868,-3.69514906712753,-3.22671900232923,-3.56004658227097,1,0,0,0,127.3,"Q4"
"1150",40,8.86841328469997,114,-3.54982317283293,-3.69514906712753,-3.22671900232923,-3.56004658227097,0,0,1,0,127.3,"Q4"
"1151",40,8.9871968207,115,-3.54369744426944,-3.69514906712753,-3.47074844462327,-3.90424086498609,0,1,1,0,127.3,"Q4"
"1152",40,8.68067166040002,116,-3.54369744426944,-3.75341797525151,-3.22671900232923,-3.71419726209823,1,0,0,0,127.3,"Q4"
"1153",40,8.86841328469997,117,-3.54369744426944,-3.69514906712753,-3.22671900232923,-3.6826489043633,0,0,0,0,131.5,"Q4"
"1154",40,8.64751945309997,118,-3.54369744426944,-3.69514906712753,-3.22671900232923,-3.57895551552736,1,0,0,0,131.5,"Q4"
"1155",40,8.79361207160002,119,-3.54369744426944,-3.69514906712753,-3.22671900232923,-3.63415455442469,0,0,1,0,131.5,"Q4"
"1156",40,8.96290412809996,120,-3.54369744426944,-3.69514906712753,-3.28758971741625,-3.59129693439425,1,0,1,1,131.5,"Q4"
"1157",40,9.20230820029997,121,-3.54369744426944,-3.69514906712753,-3.31055700297188,-3.65771168287982,0,0,0,0,135.1,"Q1"
"1158",40,8.37839078850004,122,-3.49979019662265,-3.69514906712753,-3.33033126579352,-3.7601069634023,0,1,1,0,135.1,"Q1"
"1159",40,9.30637756020002,123,-3.24660037288306,-3.69514906712753,-3.30539682120499,-3.73747738216192,0,0,1,1,135.1,"Q1"
"1160",40,7.87245515010004,125,-3.28827191692335,-3.90424086498609,-3.20722520764823,-3.64847813430488,0,0,0,0,135.1,"Q1"
"1161",40,8.26975694750001,126,-3.40025638953415,-3.88885594614661,-3.20722520764823,-3.7601069634023,0,0,1,0,134.7,"Q1"
"1162",40,8.48961642359998,127,-3.47074844462327,-3.71419726209823,-3.47074844462327,-4.16893341921317,0,1,0,0,134.7,"Q1"
"1163",40,8.7540029335,129,-3.44088227292943,-3.74677343253284,-3.47074844462327,-3.63415455442469,0,1,1,0,134.7,"Q1"
"1164",40,8.42156296040003,130,-3.40633300844728,-3.82957933621707,-3.57666746350701,-3.69514906712753,1,0,0,0,134.7,"Q1"
"1165",40,9.6803440012,131,-3.47074844462327,-3.80120863908786,-3.57666746350701,-3.69514906712753,0,0,1,1,134.7,"Q1"
"1166",40,8.85936344920003,132,-3.4570910891099,-3.69514906712753,-3.45135887572476,-3.72062815242852,0,1,0,0,134.7,"Q1"
"1167",40,8.18423477410002,133,-3.40465123435039,-3.69514906712753,-3.22668484354257,-3.90424086498609,0,0,1,0,134.7,"Q1"
"1168",40,9.44715011409995,134,-3.47074844462327,-3.69514906712753,-3.24259235148552,-3.82957933621707,0,1,1,1,134.3,"Q2"
"1169",40,9.27687689579999,135,-3.45390408285973,-3.78731952692719,-3.23860033021598,-3.63415455442469,0,0,0,0,134.3,"Q2"
"1170",40,8.5777236912,136,-3.34795286714334,-3.90424086498609,-3.20722520764823,-3.68887945411394,1,0,0,0,134.3,"Q2"
"1171",40,10.45783233,137,-3.6400892899445,-3.86621346939685,-3.33743850124044,-3.57666746350701,0,0,1,1,134.3,"Q2"
"1172",40,8.25322764560004,138,-3.34795286714334,-3.69514906712753,-3.49619511028444,-3.57666746350701,0,1,1,0,134.3,"Q2"
"1173",40,8.62479120200004,139,-3.34795286714334,-3.66418684152356,-3.20722520764823,-3.57666746350701,0,1,1,0,126.2,"Q2"
"1174",40,8.46294817659997,140,-3.34795286714334,-3.57666746350701,-3.20722520764823,-3.57666746350701,0,0,0,0,126.2,"Q2"
"1175",40,10.678030371,141,-3.6400892899445,-3.63415455442469,-3.20722520764823,-3.57666746350701,0,0,1,1,126.2,"Q2"
"1176",40,8.51559191000002,142,-3.32357529517577,-3.63415455442469,-3.19368910997623,-3.57666746350701,0,0,1,0,126.2,"Q2"
"1177",40,8.12917499690002,143,-3.24660037288306,-3.63415455442469,-3.24660037288306,-3.57666746350701,0,1,1,0,118.5,"Q2"
"1178",40,7.82244472949999,144,-3.24660037288306,-3.57666746350701,-3.35688149788764,-3.57666746350701,0,0,0,0,118.5,"Q2"
"1179",40,8.11012680190003,145,-3.24660037288306,-3.57666746350701,-3.47074844462327,-3.57666746350701,0,1,1,0,118.5,"Q2"
"1180",40,8.33327035329998,146,-3.31422735352738,-3.57666746350701,-3.3333778442625,-3.57666746350701,0,1,1,0,118.5,"Q2"
"1181",40,9.96100145870002,147,-3.46955450278121,-3.59356927430961,-3.44104329020936,-3.57666746350701,0,0,1,1,115.5,"Q3"
"1182",40,8.48961642359998,149,-3.24660037288306,-3.59356927430961,-3.18432344336154,-3.57666746350701,0,0,0,0,115.5,"Q3"
"1183",40,10.585371541,150,-3.33033126579352,-3.63415455442469,-3.18432344336154,-3.57666746350701,0,1,1,1,115.5,"Q3"
"1184",40,8.26975694750001,151,-3.25095066668437,-3.7601069634023,-3.18432344336154,-3.59926729542425,1,0,0,0,115.5,"Q3"
"1185",40,10.885116486,153,-3.47074844462327,-3.6223897128451,-3.18432344336154,-3.57666746350701,0,0,1,1,114.5,"Q3"
"1186",40,10.389364531,154,-3.48784290703819,-3.82241084673846,-3.18109243022014,-3.57666746350701,0,1,1,1,114.5,"Q3"
"1187",40,9.28284706280001,155,-3.63415455442469,-4.11966237020639,-3.16740916238477,-3.56004658227097,0,1,1,0,114.5,"Q3"
"1188",40,9.16951837750003,156,-3.59298514312927,-3.56004658227097,-3.24660037288306,-3.50655789731998,0,1,1,0,112.5,"Q3"
"1189",40,10.042205472,157,-3.47074844462327,-3.50655789731998,-3.22671900232923,-3.50655789731998,0,0,1,1,112.5,"Q3"
"1190",40,8.20193435119999,158,-3.24660037288306,-3.6282548322975,-3.11507903118656,-3.69514906712753,0,0,1,0,112.5,"Q3"
"1191",40,8.14786712990004,159,-3.25935549777885,-3.7601069634023,-3.1328414875264,-3.86492650326627,0,1,0,0,112.5,"Q3"
"1192",40,10.753296543,160,-3.37498153953126,-3.81529337896959,-3.11507903118656,-3.50655789731998,0,0,1,1,106.5,"Q4"
"1193",44,8.34853782539999,40,-3.06360969595708,-3.69514906712753,-3.16934188974592,-3.54369744426944,1,1,1,0,160,"Q2"
"1194",44,8.64751945309997,43,-3.06360969595708,-3.24660037288306,-3.01148063052213,-3.47074844462327,0,0,1,0,160.4,"Q3"
"1195",44,10.495708815,44,-3.20722520764823,-3.24660037288306,-3.01148063052213,-3.25062452318278,0,0,1,1,160.4,"Q3"
"1196",44,8.0709060888,45,-3.06360969595708,-3.24660037288306,-3.01148063052213,-3.28758971741625,0,0,0,0,160.4,"Q3"
"1197",44,9.97002407629995,47,-3.28758971741625,-3.42171901738295,-3.09762658123533,-3.25062452318278,1,0,1,1,160.8,"Q3"
"1198",44,8.20193435119999,48,-3.06360969595708,-3.42171901738295,-3.01148063052213,-3.28758971741625,0,0,1,0,160.8,"Q3"
"1199",44,8.11012680190003,50,-3.06360969595708,-3.42171901738295,-3.1328414875264,-3.47074844462327,0,1,1,0,160.8,"Q3"
"1200",44,8.31776616669999,51,-3.06360969595708,-3.52230625428812,-3.1328414875264,-3.33033126579352,1,0,1,0,160.8,"Q3"
"1201",44,8.48961642359998,52,-3.06360969595708,-3.52230625428812,-3.1328414875264,-3.47074844462327,0,0,1,0,150.9,"Q3"
"1202",44,10.499242387,53,-3.37498153953126,-3.52230625428812,-3.01148063052213,-3.47074844462327,0,0,1,1,150.9,"Q3"
"1203",44,8.0300840943,54,-3.06360969595708,-3.57666746350701,-3.01148063052213,-3.29178259567629,0,0,1,0,150.9,"Q3"
"1204",44,8.48961642359998,55,-3.06360969595708,-3.57666746350701,-3.01148063052213,-3.29178259567629,1,0,0,0,150.9,"Q3"
"1205",44,9.12172771360001,56,-3.06360969595708,-3.57666746350701,-3.01148063052213,-3.47074844462327,0,1,1,0,147.2,"Q4"
"1206",44,10.66765222,57,-3.47074844462327,-3.24660037288306,-3.02748097186857,-3.47074844462327,0,0,1,1,147.2,"Q4"
"1207",44,8.30201780980003,58,-3.10576142367911,-3.94377170374273,-3.06360969595708,-3.47074844462327,1,1,0,0,147.2,"Q4"
"1208",44,8.30201780980003,59,-3.06360969595708,-3.69514906712753,-3.06360969595708,-3.47074844462327,0,0,1,0,147.2,"Q4"
"1209",44,10.513253124,60,-3.47074844462327,-3.69514906712753,-3.06360969595708,-3.47074844462327,1,0,1,1,120.9,"Q4"
"1210",44,8.34853782539999,61,-3.06360969595708,-3.90424086498609,-3.06360969595708,-3.47074844462327,0,1,1,0,120.9,"Q4"
"1211",44,10.15034763,62,-3.47074844462327,-4.16893341921317,-3.06360969595708,-3.2188758248682,0,0,1,1,120.9,"Q4"
"1212",44,9.22778728560003,63,-3.47074844462327,-3.69514906712753,-3.06360969595708,-3.33033126579352,1,0,0,0,120.9,"Q4"
"1213",44,9.50599061410004,66,-3.47074844462327,-3.82957933621707,-3.16934188974592,-3.47074844462327,1,0,0,0,117.8,"Q4"
"1214",44,9.6353466353,67,-3.47074844462327,-3.37498153953126,-3.28758971741625,-3.47074844462327,0,0,1,0,117.8,"Q4"
"1215",44,9.61420419870001,71,-3.2587217334154,-3.37498153953126,-3.20722520764823,-3.63415455442469,0,0,1,0,114.4,"Q1"
"1216",44,10.52707027,72,-3.47074844462327,-3.37498153953126,-3.01148063052213,-3.63415455442469,0,0,1,1,114.4,"Q1"
"1217",44,8.78385589659998,73,-3.2587217334154,-3.7601069634023,-3.01148063052213,-3.47074844462327,1,0,0,0,114.4,"Q1"
"1218",44,8.73359406190002,74,-3.27925633585711,-3.7601069634023,-3.24660037288306,-3.47074844462327,0,0,1,0,114.4,"Q1"
"1219",44,8.39298958799997,75,-3.27925633585711,-3.37498153953126,-3.16934188974592,-3.7601069634023,0,0,1,0,114.4,"Q1"
"1220",44,9.12869638290002,76,-3.27925633585711,-3.37498153953126,-3.01148063052213,-3.7601069634023,0,0,1,0,114.4,"Q1"
"1221",44,10.152844511,77,-3.47074844462327,-3.47074844462327,-3.01148063052213,-3.37498153953126,1,0,1,1,114.4,"Q1"
"1222",44,8.55333223800003,78,-3.2587217334154,-4.07270538711862,-3.01148063052213,-3.37498153953126,1,0,0,0,111.7,"Q1"
"1223",44,9.63115375699996,79,-3.2587217334154,-3.37498153953126,-3.01148063052213,-3.57666746350701,0,0,1,0,111.7,"Q1"
"1224",44,11.372651391,80,-3.63415455442469,-3.37498153953126,-3.01148063052213,-3.37498153953126,0,0,1,1,111.7,"Q1"
"1225",44,9.87919486000003,81,-3.63415455442469,-3.69514906712753,-3.63415455442469,-3.37498153953126,1,1,0,0,111.7,"Q1"
"1226",44,9.02641753380003,83,-3.42171901738295,-3.69514906712753,-3.47074844462327,-4.03666545063542,0,1,0,0,111.7,"Q2"
"1227",44,8.91247327449998,84,-3.42171901738295,-4.16893341921317,-3.01148063052213,-3.57666746350701,1,0,0,0,111.7,"Q2"
"1228",44,8.82232217749998,85,-3.42171901738295,-3.37498153953126,-3.47074844462327,-3.57666746350701,1,1,0,0,111.7,"Q2"
"1229",44,9.97301361520005,86,-3.42171901738295,-3.37498153953126,-3.47074844462327,-3.7601069634023,0,1,0,0,111,"Q2"
"1230",44,8.54090971799997,88,-3.34351827007548,-3.37498153953126,-3.33033126579352,-3.7601069634023,0,1,1,0,111,"Q2"
"1231",44,8.64751945309997,89,-3.34351827007548,-3.69514906712753,-3.01148063052213,-3.7601069634023,1,0,0,0,111,"Q2"
"1232",44,8.60153433980004,90,-3.34351827007548,-3.69514906712753,-3.01148063052213,-4.03666545063542,0,0,1,0,111,"Q2"
"1233",44,8.16621626860002,91,-3.34351827007548,-3.42171901738295,-3.47074844462327,-3.34351827007548,0,0,1,0,111,"Q2"
"1234",44,9.88246818529995,92,-3.63415455442469,-3.81529337896959,-3.47074844462327,-3.63415455442469,1,1,1,1,111,"Q2"
"1235",44,8.85936344920003,93,-3.34351827007548,-3.90424086498609,-3.06360969595708,-3.90424086498609,0,1,0,0,111,"Q2"
"1236",44,10.578878012,94,-3.63415455442469,-3.52230625428812,-3.03071199245002,-3.34351827007548,0,0,1,1,111,"Q2"
"1237",44,9.32936707840001,95,-3.63415455442469,-3.52230625428812,-3.47074844462327,-3.34351827007548,0,0,1,0,111,"Q3"
"1238",44,8.48961642359998,96,-3.34351827007548,-3.69514906712753,-3.47074844462327,-3.34351827007548,1,1,0,0,111,"Q3"
"1239",44,8.55333223800003,97,-3.34351827007548,-3.69514906712753,-3.47074844462327,-3.47074844462327,0,0,1,0,111,"Q3"
"1240",44,8.12917499690002,98,-3.34351827007548,-3.52230625428812,-3.09976001330788,-3.47074844462327,0,1,1,0,111,"Q3"
"1241",44,8.21932609390002,99,-3.34351827007548,-4.16893341921317,-3.37498153953126,-3.47074844462327,1,0,1,0,107.2,"Q3"
"1242",44,8.26975694750001,100,-3.34351827007548,-4.16893341921317,-3.37498153953126,-3.52230625428812,0,0,0,0,107.2,"Q3"
"1243",44,9.10052550600004,101,-3.34351827007548,-3.7601069634023,-3.28758971741625,-3.37498153953126,1,0,0,0,107.2,"Q3"
"1244",44,11.327462981,102,-3.90424086498609,-3.7601069634023,-3.14728217168119,-3.37498153953126,0,0,1,1,107.2,"Q3"
"1245",44,8.33327035329998,103,-3.34351827007548,-3.82957933621707,-3.14728217168119,-3.47074844462327,0,0,1,0,107.2,"Q3"
"1246",44,8.5026885052,104,-3.34351827007548,-3.82957933621707,-3.47074844462327,-3.47074844462327,0,1,1,0,107.4,"Q3"
"1247",44,10.443017244,105,-3.47074844462327,-3.82957933621707,-3.14728217168119,-3.47074844462327,0,0,1,1,107.4,"Q3"
"1248",44,8.81284343350004,106,-3.4901142908438,-3.69514906712753,-3.15391471568978,-3.63415455442469,1,1,1,0,107.4,"Q3"
"1249",44,9.44208681210002,107,-3.54323767365582,-3.69514906712753,-3.14728217168119,-3.59778496604607,0,0,1,0,107.4,"Q3"
"1250",44,9.3462688892,108,-3.57666746350701,-3.72710066693413,-3.47074844462327,-3.46074836128869,0,1,0,0,116,"Q4"
"1251",44,9.14931567009999,109,-3.51714173909883,-3.7601069634023,-3.14728217168119,-3.43617710055818,1,0,0,0,116,"Q4"
"1252",44,9.12869638290002,111,-3.34351827007548,-3.52230625428812,-3.20722520764823,-3.47074844462327,0,1,1,0,116,"Q4"
"1253",44,10.793516441,112,-3.7601069634023,-3.56004658227097,-3.14728217168119,-3.47074844462327,0,0,0,0,116,"Q4"
"1254",44,8.42156296040003,113,-3.35948477009902,-3.63415455442469,-3.71942723459328,-3.48084954060977,1,0,0,0,127.3,"Q4"
"1255",44,8.9871968207,114,-3.42920457511144,-3.61076167484998,-3.14728217168119,-3.48084954060977,0,0,1,0,127.3,"Q4"
"1256",44,9.31793838260002,115,-3.47074844462327,-3.52230625428812,-3.47074844462327,-3.80120863908786,0,1,1,0,127.3,"Q4"
"1257",44,9.25874951120003,116,-3.47074844462327,-3.75341797525151,-3.15644282738441,-3.88125134676139,1,0,0,0,127.3,"Q4"
"1258",44,8.90381521169997,117,-3.42670721115832,-3.69514906712753,-3.14728217168119,-3.65206548099122,0,0,0,0,131.5,"Q4"
"1259",44,8.43554920239998,118,-3.34351827007548,-3.69514906712753,-3.14728217168119,-3.54004489700318,1,0,0,0,131.5,"Q4"
"1260",44,8.74385056200001,119,-3.40562577152262,-3.68887945411394,-3.14933130156909,-3.63415455442469,0,0,1,0,131.5,"Q4"
"1261",44,9.75359446299998,120,-3.47074844462327,-3.63415455442469,-3.28758971741625,-3.61082179226394,1,0,1,1,131.5,"Q4"
"1262",44,9.84924253769996,121,-3.47074844462327,-3.63415455442469,-3.30593041824619,-3.72350443981872,0,0,0,0,135.1,"Q1"
"1263",44,8.91247327449998,122,-3.39465330591065,-3.6223897128451,-3.33033126579352,-3.7601069634023,0,1,1,0,135.1,"Q1"
"1264",44,9.56156046519999,123,-3.24660037288306,-3.58790353677393,-3.24660037288306,-3.7211850951052,0,0,1,1,135.1,"Q1"
"1265",44,9.3406666337,124,-3.24660037288306,-3.77362068256903,-3.06360969595708,-3.57666746350701,0,0,1,1,135.1,"Q1"
"1266",44,8.33327035329998,125,-3.22202116878019,-3.90424086498609,-3.06360969595708,-3.6715393111471,0,0,0,0,135.1,"Q1"
"1267",44,8.55333223800003,126,-3.29786424474847,-3.88125134676139,-3.06360969595708,-3.7601069634023,0,0,1,0,134.7,"Q1"
"1268",44,8.76405326930003,127,-3.47074844462327,-4.09122443488586,-3.47074844462327,-4.16893341921317,0,1,0,0,134.7,"Q1"
"1269",44,8.95467362900003,130,-3.32425150730771,-3.82957933621707,-3.57666746350701,-3.65810779544718,1,0,0,0,134.7,"Q1"
"1270",44,9.82876400630004,131,-3.47074844462327,-3.79423996977176,-3.57666746350701,-3.69514906712753,0,0,1,1,134.7,"Q1"
"1271",44,8.85936344920003,132,-3.39324014957279,-3.69514906712753,-3.50948676226054,-3.70780746399946,0,1,0,0,134.7,"Q1"
"1272",44,8.5777236912,133,-3.30813283959772,-3.64605945693101,-3.1489643887243,-3.90424086498609,0,0,1,0,134.7,"Q1"
"1273",44,10.042205472,134,-3.47074844462327,-3.52230625428812,-3.24259235148552,-3.85877849090933,0,1,1,1,134.3,"Q2"
"1274",44,8.90381521169997,135,-3.3621190478751,-3.78731952692719,-3.1896903884355,-3.63415455442469,0,0,0,0,134.3,"Q2"
"1275",44,8.69148257649997,136,-3.18055696056606,-3.90424086498609,-3.07707791300794,-3.60499797013323,1,0,0,0,134.3,"Q2"
"1276",44,10.199137795,137,-3.47074844462327,-3.82957933621707,-3.20139514856794,-3.57666746350701,0,0,1,1,134.3,"Q2"
"1277",44,8.5026885052,138,-3.18055696056606,-3.52230625428812,-3.35240721749272,-3.57666746350701,0,1,1,0,134.3,"Q2"
"1278",44,8.85023096560004,139,-3.18055696056606,-3.50136308044288,-3.09762658123533,-3.57666746350701,0,1,1,0,126.2,"Q2"
"1279",44,8.78385589659998,140,-3.18055696056606,-3.47074844462327,-3.09602390219792,-3.57666746350701,0,0,0,0,126.2,"Q2"
"1280",44,10.379473253,141,-3.47074844462327,-3.63415455442469,-3.06360969595708,-3.57666746350701,0,0,1,1,126.2,"Q2"
"1281",44,8.5656023306,142,-3.17826392121549,-3.63415455442469,-3.09762658123533,-3.57666746350701,0,0,1,0,126.2,"Q2"
"1282",44,8.54090971799997,143,-3.16934188974592,-3.61655879253431,-3.24660037288306,-3.57666746350701,0,1,1,0,118.5,"Q2"
"1283",44,8.76405326930003,144,-3.16934188974592,-3.47578623865323,-3.36391111430479,-3.57666746350701,0,0,0,0,118.5,"Q2"
"1284",44,8.48961642359998,145,-3.16934188974592,-3.47074844462327,-3.47074844462327,-3.57666746350701,0,1,1,0,118.5,"Q2"
"1285",44,8.8032739825,146,-3.2746010970288,-3.47074844462327,-3.09946892173191,-3.57666746350701,0,1,1,0,118.5,"Q2"
"1286",44,9.81836529910001,147,-3.46271309369408,-3.81529337896959,-3.16934188974592,-3.57666746350701,0,0,1,1,115.5,"Q3"
"1287",44,9.00307016980004,149,-3.16934188974592,-3.52230625428812,-3.09501491916306,-3.57666746350701,0,0,0,0,115.5,"Q3"
"1288",44,10.6250278080001,150,-3.33033126579352,-3.63415455442469,-3.1328414875264,-3.57666746350701,0,1,1,1,115.5,"Q3"
"1289",44,8.76405326930003,151,-3.17313674624434,-3.7601069634023,-3.07526878653235,-3.59356927430961,1,0,0,0,115.5,"Q3"
"1290",44,11.243947377,153,-3.47074844462327,-3.52230625428812,-3.06360969595708,-3.57666746350701,0,0,1,1,114.5,"Q3"
"1291",44,10.296610137,154,-3.48679484923842,-3.85139838361171,-3.1328414875264,-3.57666746350701,0,1,1,1,114.5,"Q3"
"1292",44,9.51074121679997,155,-3.63415455442469,-4.1006141752357,-3.14808033507432,-3.57666746350701,0,1,1,0,114.5,"Q3"
"1293",44,9.23405689859997,156,-3.56886125429913,-3.45084729030598,-3.24660037288306,-3.50655789731998,0,1,1,0,112.5,"Q3"
"1294",44,10.657165233,157,-3.47074844462327,-3.40276110363834,-3.19028954391591,-3.50655789731998,0,0,1,1,112.5,"Q3"
"1295",44,8.7540029335,158,-3.2119645130998,-3.58790353677393,-3.04374149274035,-3.69514906712753,0,0,1,0,112.5,"Q3"
"1296",44,8.63621989780004,159,-3.22965406699535,-3.7601069634023,-3.1328414875264,-3.68887945411394,0,1,0,0,112.5,"Q3"
"1297",44,11.082511711,160,-3.37498153953126,-3.61655879253431,-3.06392495313704,-3.50655789731998,0,0,1,1,106.5,"Q4"
"1298",45,8.00903068509998,43,-3.19570876558667,-3.33033126579352,-3.01148063052213,-3.47074844462327,0,0,1,0,160.4,"Q3"
"1299",45,9.82876400630004,44,-3.20722520764823,-3.33033126579352,-3.01148063052213,-3.33033126579352,0,0,1,1,160.4,"Q3"
"1300",45,8.47637119690002,45,-3.19570876558667,-3.33033126579352,-3.01148063052213,-3.57666746350701,0,0,0,0,160.4,"Q3"
"1301",45,8.26975694750001,46,-3.19570876558667,-3.33033126579352,-3.09762658123533,-3.57666746350701,0,1,1,0,160.4,"Q3"
"1302",45,9.19583568579999,47,-3.28758971741625,-3.42171901738295,-3.09762658123533,-3.33033126579352,1,0,1,1,160.8,"Q3"
"1303",45,8.0300840943,48,-3.19570876558667,-3.42171901738295,-3.01148063052213,-3.33033126579352,0,0,1,0,160.8,"Q3"
"1304",45,8.05070338149999,50,-3.19570876558667,-3.42171901738295,-3.1328414875264,-3.47074844462327,0,1,1,0,160.8,"Q3"
"1305",45,8.0709060888,52,-3.19570876558667,-3.52230625428812,-3.1328414875264,-3.47074844462327,0,0,1,0,150.9,"Q3"
"1306",45,9.18276360419998,53,-3.37498153953126,-3.52230625428812,-3.01148063052213,-3.47074844462327,0,0,1,1,150.9,"Q3"
"1307",45,7.65539064479997,54,-3.19570876558667,-3.57666746350701,-3.01148063052213,-3.47074844462327,0,0,1,0,150.9,"Q3"
"1308",45,8.00903068509998,55,-3.19570876558667,-3.57666746350701,-3.01148063052213,-3.47074844462327,1,0,0,0,150.9,"Q3"
"1309",45,8.5026885052,56,-3.19570876558667,-3.57666746350701,-3.06360969595708,-3.47074844462327,0,1,1,0,147.2,"Q4"
"1310",45,9.79723775270002,57,-3.47074844462327,-3.33033126579352,-3.06360969595708,-3.47074844462327,0,0,1,1,147.2,"Q4"
"1311",45,8.3635757028,58,-3.29945709212225,-4.02785482095327,-3.06360969595708,-3.47074844462327,1,1,0,0,147.2,"Q4"
"1312",45,8.0709060888,59,-3.19570876558667,-3.69514906712753,-3.06360969595708,-3.47074844462327,0,0,1,0,147.2,"Q4"
"1313",45,9.74613174179998,60,-3.47074844462327,-3.69514906712753,-3.06360969595708,-3.47074844462327,1,0,1,1,120.9,"Q4"
"1314",45,7.87245515010004,61,-3.19570876558667,-3.90424086498609,-3.06360969595708,-3.47074844462327,0,1,1,0,120.9,"Q4"
"1315",45,9.52952111149995,62,-3.47074844462327,-4.16893341921317,-3.06360969595708,-3.33033126579352,0,0,1,1,120.9,"Q4"
"1316",45,8.55333223800003,63,-3.47074844462327,-3.69514906712753,-3.06360969595708,-3.33033126579352,1,0,0,0,120.9,"Q4"
"1317",45,8.69148257649997,64,-3.19570876558667,-3.33033126579352,-3.06360969595708,-3.47074844462327,1,0,1,0,120.9,"Q4"
"1318",45,9.61846859750004,65,-3.47074844462327,-3.52230625428812,-3.16934188974592,-3.47074844462327,0,0,1,1,117.8,"Q4"
"1319",45,8.5026885052,68,-3.47074844462327,-3.52230625428812,-3.28758971741625,-3.63415455442469,0,0,1,0,117.8,"Q4"
"1320",45,8.81284343350004,69,-3.47074844462327,-3.52230625428812,-3.52230625428812,-3.47074844462327,0,1,1,0,114.4,"Q1"
"1321",45,8.3635757028,70,-3.3841559158073,-4.16893341921317,-3.20722520764823,-3.3841559158073,1,0,1,0,114.4,"Q1"
"1322",45,8.23642052730002,71,-3.3841559158073,-3.52230625428812,-3.20722520764823,-3.63415455442469,0,0,1,0,114.4,"Q1"
"1323",45,9.74613174179998,72,-3.47074844462327,-3.52230625428812,-3.06360969595708,-3.63415455442469,0,0,1,1,114.4,"Q1"
"1324",45,8.55333223800003,73,-3.3841559158073,-3.7601069634023,-3.06360969595708,-3.47074844462327,1,0,0,0,114.4,"Q1"
"1325",45,8.46294817659997,74,-3.40746699467575,-3.7601069634023,-3.24660037288306,-3.47074844462327,0,0,1,0,114.4,"Q1"
"1326",45,8.16621626860002,75,-3.40746699467575,-3.52230625428812,-3.16934188974592,-3.7601069634023,0,0,1,0,114.4,"Q1"
"1327",45,8.44934252449998,76,-3.40746699467575,-3.52230625428812,-3.06360969595708,-3.7601069634023,0,0,1,0,114.4,"Q1"
"1328",45,9.40063009839998,77,-3.47074844462327,-3.52230625428812,-3.06360969595708,-3.3841559158073,1,0,1,1,114.4,"Q1"
"1329",45,8.30201780980003,78,-3.3841559158073,-4.22075848707776,-3.06360969595708,-3.3841559158073,1,0,0,0,111.7,"Q1"
"1330",45,9.03408040660004,79,-3.3841559158073,-3.52230625428812,-3.06360969595708,-3.57666746350701,0,0,1,0,111.7,"Q1"
"1331",45,10.629682587,80,-3.63415455442469,-3.52230625428812,-3.06360969595708,-3.47074844462327,0,0,1,1,111.7,"Q1"
"1332",45,9.10052550600004,81,-3.63415455442469,-3.69514906712753,-3.7601069634023,-3.47074844462327,1,1,0,0,111.7,"Q1"
"1333",45,8.39298958799997,83,-3.42171901738295,-3.69514906712753,-3.47074844462327,-4.16893341921317,0,1,0,0,111.7,"Q2"
"1334",45,8.16621626860002,84,-3.42171901738295,-4.16893341921317,-3.06360969595708,-3.57666746350701,1,0,0,0,111.7,"Q2"
"1335",45,8.0300840943,85,-3.42171901738295,-3.52230625428812,-3.47074844462327,-3.57666746350701,1,1,0,0,111.7,"Q2"
"1336",45,9.16282938930003,86,-3.42171901738295,-3.52230625428812,-3.47074844462327,-3.7601069634023,0,1,0,0,111,"Q2"
"1337",45,10.699913083,87,-3.82957933621707,-3.37498153953126,-3.20722520764823,-3.7601069634023,0,0,1,1,111,"Q2"
"1338",45,8.26975694750001,88,-3.34351827007548,-3.37498153953126,-3.33033126579352,-3.7601069634023,0,1,1,0,111,"Q2"
"1339",45,8.20193435119999,89,-3.34351827007548,-3.69514906712753,-3.01148063052213,-3.7601069634023,1,0,0,0,111,"Q2"
"1340",45,8.39298958799997,90,-3.34351827007548,-3.69514906712753,-3.01148063052213,-4.03666545063542,0,0,1,0,111,"Q2"
"1341",45,8.31776616669999,91,-3.34351827007548,-3.42171901738295,-3.47074844462327,-3.34351827007548,0,0,1,0,111,"Q2"
"1342",45,9.18276360419998,92,-3.63415455442469,-3.81529337896959,-3.47074844462327,-3.63415455442469,1,1,1,1,111,"Q2"
"1343",45,10.290109573,94,-3.63415455442469,-3.52230625428812,-3.03071199245002,-3.34351827007548,0,0,1,1,111,"Q2"
"1344",45,8.85936344920003,95,-3.63415455442469,-3.52230625428812,-3.47074844462327,-3.34351827007548,0,0,1,0,111,"Q3"
"1345",45,7.94307271730001,96,-3.34351827007548,-3.69514906712753,-3.47074844462327,-3.34351827007548,1,1,0,0,111,"Q3"
"1346",45,7.84776253750002,97,-3.34351827007548,-3.69514906712753,-3.47074844462327,-3.47074844462327,0,0,1,0,111,"Q3"
"1347",45,8.05070338149999,98,-3.34351827007548,-3.52230625428812,-3.0931735537405,-3.47074844462327,0,1,1,0,111,"Q3"
"1348",45,8.09070871610001,100,-3.34351827007548,-4.16893341921317,-3.37498153953126,-3.52230625428812,0,0,0,0,107.2,"Q3"
"1349",45,9.00307016980004,101,-3.34351827007548,-3.7601069634023,-3.28758971741625,-3.37498153953126,1,0,0,0,107.2,"Q3"
"1350",45,10.513253124,102,-3.90424086498609,-3.7601069634023,-3.14728217168119,-3.37498153953126,0,0,1,1,107.2,"Q3"
"1351",45,8.05070338149999,103,-3.34351827007548,-3.82957933621707,-3.14728217168119,-3.47074844462327,0,0,1,0,107.2,"Q3"
"1352",45,8.0709060888,104,-3.34351827007548,-3.82957933621707,-3.47074844462327,-3.47074844462327,0,1,1,0,107.4,"Q3"
"1353",45,9.40590715550004,105,-3.47074844462327,-3.82957933621707,-3.14728217168119,-3.47074844462327,0,0,1,1,107.4,"Q3"
"1354",45,9.17616292019996,106,-3.47074844462327,-3.7014582363208,-3.24660037288306,-3.63415455442469,1,1,1,0,107.4,"Q3"
"1355",45,9.06415786180001,107,-3.52230625428812,-3.7014582363208,-3.14728217168119,-3.63415455442469,0,0,1,0,107.4,"Q3"
"1356",45,9.31793838260002,108,-3.57666746350701,-3.7014582363208,-3.47074844462327,-3.47074844462327,0,1,0,0,116,"Q4"
"1357",45,9.24647941859996,109,-3.57666746350701,-3.7014582363208,-3.14728217168119,-3.46074836128869,1,0,0,0,116,"Q4"
"1358",45,11.2905815940001,110,-3.63415455442469,-3.7014582363208,-3.14728217168119,-3.37498153953126,0,0,1,1,116,"Q4"
"1359",45,8.34853782539999,111,-3.34351827007548,-3.7014582363208,-3.20722520764823,-3.47074844462327,0,1,1,0,116,"Q4"
"1360",45,9.6601412939,112,-3.7601069634023,-3.7014582363208,-3.14728217168119,-3.47074844462327,0,0,0,0,116,"Q4"
"1361",45,7.84776253750002,113,-3.34351827007548,-3.7014582363208,-3.14728217168119,-3.47074844462327,1,0,0,0,127.3,"Q4"
"1362",45,8.37839078850004,114,-3.34351827007548,-3.7014582363208,-3.14728217168119,-3.48084954060977,0,0,1,0,127.3,"Q4"
"1363",45,8.46294817659997,115,-3.47074844462327,-3.7014582363208,-3.47074844462327,-3.47074844462327,0,1,1,0,127.3,"Q4"
"1364",45,8.33327035329998,116,-3.47074844462327,-3.7014582363208,-3.14728217168119,-3.90424086498609,1,0,0,0,127.3,"Q4"
"1365",45,8.43554920239998,117,-3.47074844462327,-3.7014582363208,-3.14728217168119,-3.69514906712753,0,0,0,0,131.5,"Q4"
"1366",45,7.5928702878,118,-3.34351827007548,-3.7014582363208,-3.14728217168119,-3.52230625428812,1,0,0,0,131.5,"Q4"
"1367",45,7.96554557310002,119,-3.34351827007548,-3.7014582363208,-3.14728217168119,-3.63415455442469,0,0,1,0,131.5,"Q4"
"1368",45,9.07886400919999,120,-3.47074844462327,-3.7014582363208,-3.28758971741625,-3.63415455442469,1,0,1,1,131.5,"Q4"
"1369",45,8.97916464900004,121,-3.47074844462327,-3.7014582363208,-3.28758971741625,-3.57666746350701,0,0,0,0,135.1,"Q1"
"1370",45,8.26975694750001,122,-3.47074844462327,-3.7014582363208,-3.33033126579352,-3.7601069634023,0,1,1,0,135.1,"Q1"
"1371",45,7.9875244798,125,-3.24660037288306,-3.7014582363208,-3.06360969595708,-3.57666746350701,0,0,0,0,135.1,"Q1"
"1372",45,7.87245515010004,126,-3.18055696056606,-3.7014582363208,-3.06360969595708,-3.7601069634023,0,0,1,0,134.7,"Q1"
"1373",45,8.42156296040003,127,-3.47074844462327,-3.7014582363208,-3.47074844462327,-4.16893341921317,0,1,0,0,134.7,"Q1"
"1374",45,10.666160796,128,-3.47074844462327,-3.7014582363208,-3.06360969595708,-3.57666746350701,0,0,1,1,134.7,"Q1"
"1375",45,8.34853782539999,129,-3.47074844462327,-3.7014582363208,-3.47074844462327,-3.57666746350701,0,1,1,0,134.7,"Q1"
"1376",45,8.09070871610001,130,-3.18055696056606,-3.7014582363208,-3.57666746350701,-3.63415455442469,1,0,0,0,134.7,"Q1"
"1377",45,8.77400360019999,132,-3.47074844462327,-3.7014582363208,-3.57666746350701,-3.69514906712753,0,1,0,0,134.7,"Q1"
"1378",45,8.11012680190003,133,-3.18055696056606,-3.7014582363208,-3.1328414875264,-3.90424086498609,0,0,1,0,134.7,"Q1"
"1379",45,9.43188264189999,134,-3.47074844462327,-3.7014582363208,-3.24259235148552,-3.90424086498609,0,1,1,1,134.3,"Q2"
"1380",45,8.33327035329998,136,-3.18055696056606,-3.90424086498609,-3.07707791300794,-3.63415455442469,1,0,0,0,134.3,"Q2"
"1381",45,9.55704578489998,137,-3.47074844462327,-3.90424086498609,-3.07707791300794,-3.57666746350701,0,0,1,1,134.3,"Q2"
"1382",45,7.89655270159997,138,-3.18055696056606,-3.52230625428812,-3.35240721749272,-3.57666746350701,0,1,1,0,134.3,"Q2"
"1383",45,8.14786712990004,139,-3.18055696056606,-3.52230625428812,-3.09762658123533,-3.57666746350701,0,1,1,0,126.2,"Q2"
"1384",45,8.26975694750001,140,-3.18055696056606,-3.47074844462327,-3.09762658123533,-3.57666746350701,0,0,0,0,126.2,"Q2"
"1385",45,9.45218790810001,141,-3.47074844462327,-3.63415455442469,-3.06360969595708,-3.57666746350701,0,0,1,1,126.2,"Q2"
"1386",45,7.87245515010004,142,-3.18055696056606,-3.63415455442469,-3.09762658123533,-3.57666746350701,0,0,1,0,126.2,"Q2"
"1387",45,8.40737832540001,144,-3.16934188974592,-3.47074844462327,-3.24660037288306,-3.57666746350701,0,0,0,0,118.5,"Q2"
"1388",45,7.92008319910002,145,-3.16934188974592,-3.47074844462327,-3.47074844462327,-3.57666746350701,0,1,1,0,118.5,"Q2"
"1389",45,7.49108759349998,146,-3.16934188974592,-3.47074844462327,-3.06360969595708,-3.57666746350701,0,1,1,0,118.5,"Q2"
"1390",45,8.26975694750001,149,-3.16934188974592,-3.47074844462327,-3.06360969595708,-3.57666746350701,0,0,0,0,115.5,"Q3"
"1391",45,9.81487489420003,150,-3.33033126579352,-3.63415455442469,-3.1328414875264,-3.57666746350701,0,1,1,1,115.5,"Q3"
"1392",45,8.18423477410002,151,-3.16934188974592,-3.7601069634023,-3.06360969595708,-3.57666746350701,1,0,0,0,115.5,"Q3"
"1393",45,10.179906433,153,-3.47074844462327,-3.47074844462327,-3.06360969595708,-3.57666746350701,0,0,1,1,114.5,"Q3"
"1394",45,9.58822871229999,154,-3.47074844462327,-3.57666746350701,-3.1328414875264,-3.57666746350701,0,1,1,1,114.5,"Q3"
"1395",45,9.04168500589999,155,-3.63415455442469,-3.90424086498609,-3.13643215565713,-3.57666746350701,0,1,1,0,114.5,"Q3"
"1396",45,8.93800657649997,156,-3.63415455442469,-3.47074844462327,-3.24660037288306,-3.65206548099122,0,1,1,0,112.5,"Q3"
"1397",45,9.62694322449997,157,-3.47074844462327,-3.54369744426944,-3.24660037288306,-3.57666746350701,0,0,1,1,112.5,"Q3"
"1398",45,8.11012680190003,158,-3.16934188974592,-3.54369744426944,-3.13643215565713,-3.69514906712753,0,0,1,0,112.5,"Q3"
"1399",45,8.0709060888,159,-3.24660037288306,-3.7601069634023,-3.13643215565713,-3.69514906712753,0,1,0,0,112.5,"Q3"
"1400",45,9.98782870100001,160,-3.37498153953126,-3.54369744426944,-3.13643215565713,-3.57666746350701,0,0,1,1,106.5,"Q4"
"1401",47,8.14786712990004,42,-3.06360969595708,-3.24660037288306,-3.01148063052213,-3.52230625428812,0,0,1,0,160,"Q2"
"1402",47,8.0709060888,43,-3.06360969595708,-3.24660037288306,-3.01148063052213,-3.47074844462327,0,0,1,0,160.4,"Q3"
"1403",47,10.122462427,44,-3.20722520764823,-3.24660037288306,-3.01148063052213,-3.25062452318278,0,0,1,1,160.4,"Q3"
"1404",47,7.94307271730001,45,-3.06360969595708,-3.24660037288306,-3.01148063052213,-3.57666746350701,0,0,0,0,160.4,"Q3"
"1405",47,8.7540029335,46,-3.06360969595708,-3.24660037288306,-3.09762658123533,-3.57666746350701,0,1,1,0,160.4,"Q3"
"1406",47,9.80785732149999,47,-3.28758971741625,-3.42171901738295,-3.09762658123533,-3.25062452318278,1,0,1,1,160.8,"Q3"
"1407",47,8.21932609390002,48,-3.06360969595708,-3.42171901738295,-3.01148063052213,-3.28758971741625,0,0,1,0,160.8,"Q3"
"1408",47,8.12917499690002,50,-3.06360969595708,-3.42171901738295,-3.1328414875264,-3.47074844462327,0,1,1,0,160.8,"Q3"
"1409",47,8.11012680190003,51,-3.06360969595708,-3.52230625428812,-3.1328414875264,-3.33033126579352,1,0,1,0,160.8,"Q3"
"1410",47,8.05070338149999,52,-3.06360969595708,-3.52230625428812,-3.1328414875264,-3.47074844462327,0,0,1,0,150.9,"Q3"
"1411",47,9.58822871229999,53,-3.37498153953126,-3.52230625428812,-3.01148063052213,-3.47074844462327,0,0,1,1,150.9,"Q3"
"1412",47,8.00903068509998,54,-3.06360969595708,-3.57666746350701,-3.01148063052213,-3.47074844462327,0,0,1,0,150.9,"Q3"
"1413",47,8.25322764560004,55,-3.06360969595708,-3.57666746350701,-3.01148063052213,-3.47074844462327,1,0,0,0,150.9,"Q3"
"1414",47,8.95467362900003,56,-3.06360969595708,-3.57666746350701,-3.06360969595708,-3.47074844462327,0,1,1,0,147.2,"Q4"
"1415",47,10.096419288,57,-3.47074844462327,-3.24660037288306,-3.06360969595708,-3.47074844462327,0,0,1,1,147.2,"Q4"
"1416",47,8.85023096560004,58,-3.18891361128951,-3.94377170374273,-3.06360969595708,-3.47074844462327,1,1,0,0,147.2,"Q4"
"1417",47,8.5026885052,59,-3.06360969595708,-3.69514906712753,-3.06360969595708,-3.47074844462327,0,0,1,0,147.2,"Q4"
"1418",47,9.84585843970004,60,-3.47074844462327,-3.69514906712753,-3.06360969595708,-3.47074844462327,1,0,1,1,120.9,"Q4"
"1419",47,8.0709060888,61,-3.06360969595708,-3.90424086498609,-3.06360969595708,-3.47074844462327,0,1,1,0,120.9,"Q4"
"1420",47,10.157819645,62,-3.47074844462327,-4.16893341921317,-3.06360969595708,-3.2188758248682,0,0,1,1,120.9,"Q4"
"1421",47,9.20873909060002,63,-3.47074844462327,-3.69514906712753,-3.06360969595708,-3.33033126579352,1,0,0,0,120.9,"Q4"
"1422",47,9.20230820029997,64,-3.06360969595708,-3.24660037288306,-3.06360969595708,-3.47074844462327,1,0,1,0,120.9,"Q4"
"1423",47,8.91247327449998,69,-3.47074844462327,-3.37498153953126,-3.52230625428812,-3.47074844462327,0,1,1,0,114.4,"Q1"
"1424",47,8.14786712990004,70,-3.2587217334154,-4.16893341921317,-3.20722520764823,-3.30022146432215,1,0,1,0,114.4,"Q1"
"1425",47,8.70217786560003,71,-3.2587217334154,-3.37498153953126,-3.20722520764823,-3.63415455442469,0,0,1,0,114.4,"Q1"
"1426",47,10.367473109,72,-3.47074844462327,-3.37498153953126,-3.01148063052213,-3.63415455442469,0,0,1,1,114.4,"Q1"
"1427",47,8.69148257649997,73,-3.2587217334154,-3.7601069634023,-3.01148063052213,-3.47074844462327,1,0,0,0,114.4,"Q1"
"1428",47,8.61323037960001,74,-3.27925633585711,-3.7601069634023,-3.24660037288306,-3.47074844462327,0,0,1,0,114.4,"Q1"
"1429",47,8.39298958799997,75,-3.27925633585711,-3.37498153953126,-3.16934188974592,-3.7601069634023,0,0,1,0,114.4,"Q1"
"1430",47,8.92105701820002,76,-3.27925633585711,-3.37498153953126,-3.01148063052213,-3.7601069634023,0,0,1,0,114.4,"Q1"
"1431",47,9.88898286629998,77,-3.47074844462327,-3.47074844462327,-3.01148063052213,-3.37498153953126,1,0,1,1,114.4,"Q1"
"1432",47,8.11012680190003,78,-3.2587217334154,-4.07270538711862,-3.01148063052213,-3.37498153953126,1,0,0,0,111.7,"Q1"
"1433",47,9.25874951120003,79,-3.2587217334154,-3.37498153953126,-3.01148063052213,-3.57666746350701,0,0,1,0,111.7,"Q1"
"1434",47,11.007949366,80,-3.63415455442469,-3.37498153953126,-3.01148063052213,-3.37498153953126,0,0,1,1,111.7,"Q1"
"1435",47,8.74385056200001,83,-3.42171901738295,-3.69514906712753,-3.47074844462327,-4.03666545063542,0,1,0,0,111.7,"Q2"
"1436",47,8.5656023306,84,-3.42171901738295,-4.16893341921317,-3.01148063052213,-3.57666746350701,1,0,0,0,111.7,"Q2"
"1437",47,8.70217786560003,85,-3.42171901738295,-3.37498153953126,-3.47074844462327,-3.57666746350701,1,1,0,0,111.7,"Q2"
"1438",47,9.75359446299998,86,-3.42171901738295,-3.37498153953126,-3.47074844462327,-3.7601069634023,0,1,0,0,111,"Q2"
"1439",47,8.12917499690002,90,-3.34351827007548,-3.69514906712753,-3.01148063052213,-4.03666545063542,0,0,1,0,111,"Q2"
"1440",47,8.00903068509998,91,-3.34351827007548,-3.42171901738295,-3.47074844462327,-3.34351827007548,0,0,1,0,111,"Q2"
"1441",47,9.6353466353,92,-3.63415455442469,-3.81529337896959,-3.47074844462327,-3.63415455442469,1,1,1,1,111,"Q2"
"1442",47,9.24028744829999,93,-3.34351827007548,-3.90424086498609,-3.06360969595708,-3.90424086498609,0,1,0,0,111,"Q2"
"1443",47,10.345091707,94,-3.63415455442469,-3.52230625428812,-3.03071199245002,-3.34351827007548,0,0,1,1,111,"Q2"
"1444",47,9.40590715550004,95,-3.63415455442469,-3.52230625428812,-3.47074844462327,-3.34351827007548,0,0,1,0,111,"Q3"
"1445",47,8.21932609390002,96,-3.34351827007548,-3.69514906712753,-3.47074844462327,-3.34351827007548,1,1,0,0,111,"Q3"
"1446",47,8.12917499690002,97,-3.34351827007548,-3.69514906712753,-3.47074844462327,-3.47074844462327,0,0,1,0,111,"Q3"
"1447",47,8.40737832540001,98,-3.34351827007548,-3.52230625428812,-3.07254852085325,-3.47074844462327,0,1,1,0,111,"Q3"
"1448",47,8.30201780980003,100,-3.34351827007548,-4.16893341921317,-3.37498153953126,-3.52230625428812,0,0,0,0,107.2,"Q3"
"1449",47,9.40063009839998,101,-3.34351827007548,-3.7601069634023,-3.28758971741625,-3.37498153953126,1,0,0,0,107.2,"Q3"
"1450",47,11.118281595,102,-3.90424086498609,-3.7601069634023,-3.14728217168119,-3.37498153953126,0,0,1,1,107.2,"Q3"
"1451",47,8.34853782539999,103,-3.34351827007548,-3.82957933621707,-3.14728217168119,-3.47074844462327,0,0,1,0,107.2,"Q3"
"1452",47,8.72323127479999,104,-3.34351827007548,-3.82957933621707,-3.47074844462327,-3.47074844462327,0,1,1,0,107.4,"Q3"
"1453",47,9.6519445267,105,-3.47074844462327,-3.82957933621707,-3.14728217168119,-3.47074844462327,0,0,1,1,107.4,"Q3"
"1454",47,9.06415786180001,106,-3.47074844462327,-3.7014582363208,-3.24660037288306,-3.63415455442469,1,1,1,0,107.4,"Q3"
"1455",47,9.35183993419999,107,-3.52230625428812,-3.7014582363208,-3.14728217168119,-3.63415455442469,0,0,1,0,107.4,"Q3"
"1456",47,9.36836923619997,108,-3.57666746350701,-3.7014582363208,-3.47074844462327,-3.47074844462327,0,1,0,0,116,"Q4"
"1457",47,9.64782080949995,109,-3.57666746350701,-3.7014582363208,-3.14728217168119,-3.46074836128869,1,0,0,0,116,"Q4"
"1458",47,8.46294817659997,111,-3.34351827007548,-3.7014582363208,-3.20722520764823,-3.47074844462327,0,1,1,0,116,"Q4"
"1459",47,8.28601746839997,113,-3.34351827007548,-3.7014582363208,-3.14728217168119,-3.47074844462327,1,0,0,0,127.3,"Q4"
"1460",47,8.83171191779997,114,-3.34351827007548,-3.7014582363208,-3.14728217168119,-3.48084954060977,0,0,1,0,127.3,"Q4"
"1461",47,8.93800657649997,116,-3.47074844462327,-3.7014582363208,-3.14728217168119,-3.90424086498609,1,0,0,0,127.3,"Q4"
"1462",47,8.31776616669999,117,-3.47074844462327,-3.7014582363208,-3.14728217168119,-3.69514906712753,0,0,0,0,131.5,"Q4"
"1463",47,8.31776616669999,118,-3.34351827007548,-3.7014582363208,-3.14728217168119,-3.52230625428812,1,0,0,0,131.5,"Q4"
"1464",47,8.68067166040002,119,-3.34351827007548,-3.7014582363208,-3.14728217168119,-3.63415455442469,0,0,1,0,131.5,"Q4"
"1465",47,9.52952111149995,120,-3.47074844462327,-3.7014582363208,-3.28758971741625,-3.63415455442469,1,0,1,1,131.5,"Q4"
"1466",47,9.4867592521,121,-3.47074844462327,-3.7014582363208,-3.28758971741625,-3.57666746350701,0,0,0,0,135.1,"Q1"
"1467",47,8.94637482609996,122,-3.47074844462327,-3.7014582363208,-3.33033126579352,-3.7601069634023,0,1,1,0,135.1,"Q1"
"1468",47,9.09335701649998,123,-3.24660037288306,-3.7014582363208,-3.33033126579352,-3.7601069634023,0,0,1,1,135.1,"Q1"
"1469",47,8.72323127479999,124,-3.24660037288306,-3.7014582363208,-3.06360969595708,-3.57666746350701,0,0,1,1,135.1,"Q1"
"1470",47,8.28601746839997,125,-3.24660037288306,-3.7014582363208,-3.06360969595708,-3.57666746350701,0,0,0,0,135.1,"Q1"
"1471",47,8.37839078850004,126,-3.18055696056606,-3.7014582363208,-3.06360969595708,-3.7601069634023,0,0,1,0,134.7,"Q1"
"1472",47,8.74385056200001,127,-3.47074844462327,-3.7014582363208,-3.47074844462327,-4.16893341921317,0,1,0,0,134.7,"Q1"
"1473",47,11.285773892,128,-3.47074844462327,-3.7014582363208,-3.06360969595708,-3.57666746350701,0,0,1,1,134.7,"Q1"
"1474",47,8.87738195470003,129,-3.47074844462327,-3.7014582363208,-3.47074844462327,-3.57666746350701,0,1,1,0,134.7,"Q1"
"1475",47,8.95467362900003,130,-3.18055696056606,-3.7014582363208,-3.57666746350701,-3.63415455442469,1,0,0,0,134.7,"Q1"
"1476",47,9.95494083409999,131,-3.47074844462327,-3.7014582363208,-3.57666746350701,-3.69514906712753,0,0,1,1,134.7,"Q1"
"1477",47,9.02641753380003,132,-3.47074844462327,-3.7014582363208,-3.57666746350701,-3.69514906712753,0,1,0,0,134.7,"Q1"
"1478",47,8.51559191000002,133,-3.18055696056606,-3.7014582363208,-3.1328414875264,-3.90424086498609,0,0,1,0,134.7,"Q1"
"1479",47,9.74987006390004,134,-3.47074844462327,-3.7014582363208,-3.24259235148552,-3.90424086498609,0,1,1,1,134.3,"Q2"
"1480",47,8.26975694750001,136,-3.18055696056606,-3.90424086498609,-3.07707791300794,-3.63415455442469,1,0,0,0,134.3,"Q2"
"1481",47,10.077776938,137,-3.47074844462327,-3.90424086498609,-3.07707791300794,-3.57666746350701,0,0,1,1,134.3,"Q2"
"1482",47,8.09070871610001,138,-3.18055696056606,-3.52230625428812,-3.35240721749272,-3.57666746350701,0,1,1,0,134.3,"Q2"
"1483",47,8.30201780980003,139,-3.18055696056606,-3.52230625428812,-3.09762658123533,-3.57666746350701,0,1,1,0,126.2,"Q2"
"1484",47,8.23642052730002,140,-3.18055696056606,-3.47074844462327,-3.09762658123533,-3.57666746350701,0,0,0,0,126.2,"Q2"
"1485",47,9.89867599549999,141,-3.47074844462327,-3.63415455442469,-3.06360969595708,-3.57666746350701,0,0,1,1,126.2,"Q2"
"1486",47,8.11012680190003,142,-3.18055696056606,-3.63415455442469,-3.09762658123533,-3.57666746350701,0,0,1,0,126.2,"Q2"
"1487",47,8.26975694750001,144,-3.16934188974592,-3.47074844462327,-3.24660037288306,-3.57666746350701,0,0,0,0,118.5,"Q2"
"1488",47,8.14786712990004,145,-3.16934188974592,-3.47074844462327,-3.47074844462327,-3.57666746350701,0,1,1,0,118.5,"Q2"
"1489",47,8.20193435119999,146,-3.16934188974592,-3.47074844462327,-3.06360969595708,-3.57666746350701,0,1,1,0,118.5,"Q2"
"1490",47,9.7610019042,147,-3.45362181870831,-3.47074844462327,-3.16934188974592,-3.57666746350701,0,0,1,1,115.5,"Q3"
"1491",47,8.33327035329998,149,-3.16934188974592,-3.47074844462327,-3.06360969595708,-3.57666746350701,0,0,0,0,115.5,"Q3"
"1492",47,9.46218799139997,150,-3.33033126579352,-3.63415455442469,-3.1328414875264,-3.57666746350701,0,1,1,1,115.5,"Q3"
"1493",47,8.21932609390002,151,-3.16934188974592,-3.7601069634023,-3.06360969595708,-3.57666746350701,1,0,0,0,115.5,"Q3"
"1494",47,10.412711895,153,-3.47074844462327,-3.47074844462327,-3.06360969595708,-3.57666746350701,0,0,1,1,114.5,"Q3"
"1495",47,10.008207863,154,-3.47074844462327,-3.57666746350701,-3.1328414875264,-3.57666746350701,0,1,1,1,114.5,"Q3"
"1496",47,9.43699774259998,155,-3.63415455442469,-3.90424086498609,-3.09762658123533,-3.57666746350701,0,1,1,0,114.5,"Q3"
"1497",47,9.07153796909997,156,-3.63415455442469,-3.47074844462327,-3.24660037288306,-3.57666746350701,0,1,1,0,112.5,"Q3"
"1498",47,9.76468514970001,157,-3.47074844462327,-3.47074844462327,-3.24660037288306,-3.57666746350701,0,0,1,1,112.5,"Q3"
"1499",47,8.23642052730002,158,-3.16934188974592,-3.47074844462327,-3.06360969595708,-3.69514906712753,0,0,1,0,112.5,"Q3"
"1500",47,10.338899737,160,-3.37498153953126,-3.47074844462327,-3.06360969595708,-3.57666746350701,0,0,1,1,106.5,"Q4"
"1501",48,10.096419288,41,-3.47074844462327,-3.24660037288306,-3.16934188974592,-3.29178259567629,0,0,1,1,160,"Q2"
"1502",48,8.43554920239998,42,-3.06360969595708,-3.24660037288306,-3.01148063052213,-3.52230625428812,0,0,1,0,160,"Q2"
"1503",48,8.77400360019999,43,-3.06360969595708,-3.24660037288306,-3.01148063052213,-3.47074844462327,0,0,1,0,160.4,"Q3"
"1504",48,9.88246818529995,44,-3.20722520764823,-3.24660037288306,-3.01148063052213,-3.25062452318278,0,0,1,1,160.4,"Q3"
"1505",48,8.55333223800003,45,-3.06360969595708,-3.24660037288306,-3.01148063052213,-3.28758971741625,0,0,0,0,160.4,"Q3"
"1506",48,9.53878043690001,47,-3.28758971741625,-3.42171901738295,-3.09762658123533,-3.25062452318278,1,0,1,1,160.8,"Q3"
"1507",48,8.5656023306,48,-3.06360969595708,-3.42171901738295,-3.01148063052213,-3.28758971741625,0,0,1,0,160.8,"Q3"
"1508",48,10.175040243,49,-3.47074844462327,-3.42171901738295,-3.01148063052213,-3.28758971741625,0,0,1,1,160.8,"Q3"
"1509",48,8.09070871610001,50,-3.06360969595708,-3.42171901738295,-3.1328414875264,-3.47074844462327,0,1,1,0,160.8,"Q3"
"1510",48,8.3635757028,52,-3.06360969595708,-3.52230625428812,-3.1328414875264,-3.47074844462327,0,0,1,0,150.9,"Q3"
"1511",48,9.17616292019996,53,-3.37498153953126,-3.52230625428812,-3.01148063052213,-3.47074844462327,0,0,1,1,150.9,"Q3"
"1512",48,8.39298958799997,54,-3.06360969595708,-3.57666746350701,-3.01148063052213,-3.29178259567629,0,0,1,0,150.9,"Q3"
"1513",48,8.55333223800003,55,-3.06360969595708,-3.57666746350701,-3.01148063052213,-3.29178259567629,1,0,0,0,150.9,"Q3"
"1514",48,9.2214781164,56,-3.06360969595708,-3.57666746350701,-3.01148063052213,-3.47074844462327,0,1,1,0,147.2,"Q4"
"1515",48,10.112126418,57,-3.47074844462327,-3.24660037288306,-3.02748097186857,-3.47074844462327,0,0,1,1,147.2,"Q4"
"1516",48,8.44934252449998,58,-3.11397014538267,-3.94377170374273,-3.06360969595708,-3.47074844462327,1,1,0,0,147.2,"Q4"
"1517",48,8.21932609390002,59,-3.06360969595708,-3.69514906712753,-3.06360969595708,-3.47074844462327,0,0,1,0,147.2,"Q4"
"1518",48,10.019669307,60,-3.47074844462327,-3.69514906712753,-3.06360969595708,-3.47074844462327,1,0,1,1,120.9,"Q4"
"1519",48,8.58969988220001,61,-3.06360969595708,-3.90424086498609,-3.06360969595708,-3.47074844462327,0,1,1,0,120.9,"Q4"
"1520",48,9.98192897880002,62,-3.47074844462327,-4.16893341921317,-3.06360969595708,-3.2188758248682,0,0,1,1,120.9,"Q4"
"1521",48,9.18932100480001,63,-3.47074844462327,-3.69514906712753,-3.06360969595708,-3.33033126579352,1,0,0,0,120.9,"Q4"
"1522",48,9.18932100480001,64,-3.06360969595708,-3.24660037288306,-3.06360969595708,-3.47074844462327,1,0,1,0,120.9,"Q4"
"1523",48,10.077776938,65,-3.47074844462327,-3.37498153953126,-3.16934188974592,-3.47074844462327,0,0,1,1,117.8,"Q4"
"1524",48,9.31217467790004,69,-3.47074844462327,-3.37498153953126,-3.52230625428812,-3.47074844462327,0,1,1,0,114.4,"Q1"
"1525",48,8.46294817659997,70,-3.2587217334154,-4.16893341921317,-3.20722520764823,-3.30022146432215,1,0,1,0,114.4,"Q1"
"1526",48,8.83171191779997,71,-3.2587217334154,-3.37498153953126,-3.20722520764823,-3.63415455442469,0,0,1,0,114.4,"Q1"
"1527",48,10.075085146,72,-3.47074844462327,-3.37498153953126,-3.01148063052213,-3.63415455442469,0,0,1,1,114.4,"Q1"
"1528",48,8.52833093580003,73,-3.2587217334154,-3.7601069634023,-3.01148063052213,-3.47074844462327,1,0,0,0,114.4,"Q1"
"1529",48,8.70217786560003,74,-3.27925633585711,-3.7601069634023,-3.24660037288306,-3.47074844462327,0,0,1,0,114.4,"Q1"
"1530",48,8.73359406190002,75,-3.27925633585711,-3.37498153953126,-3.16934188974592,-3.7601069634023,0,0,1,0,114.4,"Q1"
"1531",48,8.85936344920003,76,-3.27925633585711,-3.37498153953126,-3.01148063052213,-3.7601069634023,0,0,1,0,114.4,"Q1"
"1532",48,9.73483218649999,77,-3.47074844462327,-3.47074844462327,-3.01148063052213,-3.37498153953126,1,0,1,1,114.4,"Q1"
"1533",48,8.43554920239998,78,-3.2587217334154,-4.07270538711862,-3.01148063052213,-3.37498153953126,1,0,0,0,111.7,"Q1"
"1534",48,8.9871968207,79,-3.2587217334154,-3.37498153953126,-3.01148063052213,-3.57666746350701,0,0,1,0,111.7,"Q1"
"1535",48,10.707102186,80,-3.63415455442469,-3.37498153953126,-3.01148063052213,-3.37498153953126,0,0,1,1,111.7,"Q1"
"1536",48,9.77201118969998,81,-3.63415455442469,-3.69514906712753,-3.63415455442469,-3.37498153953126,1,1,0,0,111.7,"Q1"
"1537",48,8.83171191779997,83,-3.42171901738295,-3.69514906712753,-3.47074844462327,-4.03666545063542,0,1,0,0,111.7,"Q2"
"1538",48,9.04923221160001,84,-3.42171901738295,-4.16893341921317,-3.01148063052213,-3.57666746350701,1,0,0,0,111.7,"Q2"
"1539",48,8.7540029335,85,-3.42171901738295,-3.37498153953126,-3.47074844462327,-3.57666746350701,1,1,0,0,111.7,"Q2"
"1540",48,9.59696239229999,86,-3.42171901738295,-3.37498153953126,-3.47074844462327,-3.7601069634023,0,1,0,0,111,"Q2"
"1541",48,10.9799905560001,87,-3.82957933621707,-3.37498153953126,-3.20722520764823,-3.7601069634023,0,0,1,1,111,"Q2"
"1542",48,8.72323127479999,88,-3.34351827007548,-3.37498153953126,-3.33033126579352,-3.7601069634023,0,1,1,0,111,"Q2"
"1543",48,8.5656023306,89,-3.34351827007548,-3.69514906712753,-3.01148063052213,-3.7601069634023,1,0,0,0,111,"Q2"
"1544",48,8.52833093580003,90,-3.34351827007548,-3.69514906712753,-3.01148063052213,-4.03666545063542,0,0,1,0,111,"Q2"
"1545",48,8.46294817659997,91,-3.34351827007548,-3.42171901738295,-3.47074844462327,-3.34351827007548,0,0,1,0,111,"Q2"
"1546",48,9.68433602250001,92,-3.63415455442469,-3.81529337896959,-3.47074844462327,-3.63415455442469,1,1,1,1,111,"Q2"
"1547",48,9.2214781164,93,-3.34351827007548,-3.90424086498609,-3.06360969595708,-3.90424086498609,0,1,0,0,111,"Q2"
"1548",48,10.083138881,94,-3.63415455442469,-3.52230625428812,-3.03071199245002,-3.34351827007548,0,0,1,1,111,"Q2"
"1549",48,9.26482855730004,95,-3.63415455442469,-3.52230625428812,-3.47074844462327,-3.34351827007548,0,0,1,0,111,"Q3"
"1550",48,8.28601746839997,96,-3.34351827007548,-3.69514906712753,-3.47074844462327,-3.34351827007548,1,1,0,0,111,"Q3"
"1551",48,8.33327035329998,97,-3.34351827007548,-3.69514906712753,-3.47074844462327,-3.47074844462327,0,0,1,0,111,"Q3"
"1552",48,8.52833093580003,98,-3.34351827007548,-3.52230625428812,-3.08754963535526,-3.47074844462327,0,1,1,0,111,"Q3"
"1553",48,8.43554920239998,99,-3.34351827007548,-4.16893341921317,-3.37498153953126,-3.47074844462327,1,0,1,0,107.2,"Q3"
"1554",48,8.5656023306,100,-3.34351827007548,-4.16893341921317,-3.37498153953126,-3.52230625428812,0,0,0,0,107.2,"Q3"
"1555",48,8.90381521169997,101,-3.34351827007548,-3.7601069634023,-3.28758971741625,-3.37498153953126,1,0,0,0,107.2,"Q3"
"1556",48,10.439278922,102,-3.90424086498609,-3.7601069634023,-3.14728217168119,-3.37498153953126,0,0,1,1,107.2,"Q3"
"1557",48,8.64751945309997,103,-3.34351827007548,-3.82957933621707,-3.14728217168119,-3.47074844462327,0,0,1,0,107.2,"Q3"
"1558",48,9.24028744829999,104,-3.34351827007548,-3.82957933621707,-3.47074844462327,-3.47074844462327,0,1,1,0,107.4,"Q3"
"1559",48,9.70014662849998,105,-3.47074844462327,-3.82957933621707,-3.14728217168119,-3.47074844462327,0,0,1,1,107.4,"Q3"
"1560",48,8.73359406190002,106,-3.47074844462327,-3.7014582363208,-3.24660037288306,-3.63415455442469,1,1,1,0,107.4,"Q3"
"1561",48,9.30054663989996,107,-3.52230625428812,-3.7014582363208,-3.14728217168119,-3.63415455442469,0,0,1,0,107.4,"Q3"
"1562",48,9.26482855730004,108,-3.57666746350701,-3.7014582363208,-3.47074844462327,-3.47074844462327,0,1,0,0,116,"Q4"
"1563",48,9.2214781164,109,-3.57666746350701,-3.7014582363208,-3.14728217168119,-3.46074836128869,1,0,0,0,116,"Q4"
"1564",48,11.4059636680001,110,-3.63415455442469,-3.7014582363208,-3.14728217168119,-3.37498153953126,0,0,1,1,116,"Q4"
"1565",48,8.47637119690002,111,-3.34351827007548,-3.7014582363208,-3.20722520764823,-3.47074844462327,0,1,1,0,116,"Q4"
"1566",48,9.72722758709997,112,-3.7601069634023,-3.7014582363208,-3.14728217168119,-3.47074844462327,0,0,0,0,116,"Q4"
"1567",48,8.52833093580003,113,-3.34351827007548,-3.7014582363208,-3.14728217168119,-3.47074844462327,1,0,0,0,127.3,"Q4"
"1568",48,8.7540029335,114,-3.34351827007548,-3.7014582363208,-3.14728217168119,-3.48084954060977,0,0,1,0,127.3,"Q4"
"1569",48,8.47637119690002,118,-3.34351827007548,-3.7014582363208,-3.14728217168119,-3.52230625428812,1,0,0,0,131.5,"Q4"
"1570",48,8.62479120200004,119,-3.34351827007548,-3.7014582363208,-3.14728217168119,-3.63415455442469,0,0,1,0,131.5,"Q4"
"1571",48,8.90381521169997,121,-3.47074844462327,-3.7014582363208,-3.28758971741625,-3.57666746350701,0,0,0,0,135.1,"Q1"
"1572",48,8.61323037960001,122,-3.47074844462327,-3.7014582363208,-3.33033126579352,-3.7601069634023,0,1,1,0,135.1,"Q1"
"1573",48,8.93800657649997,123,-3.24660037288306,-3.7014582363208,-3.33033126579352,-3.7601069634023,0,0,1,1,135.1,"Q1"
"1574",48,8.14786712990004,125,-3.24660037288306,-3.7014582363208,-3.06360969595708,-3.57666746350701,0,0,0,0,135.1,"Q1"
"1575",48,8.64751945309997,126,-3.18055696056606,-3.7014582363208,-3.06360969595708,-3.7601069634023,0,0,1,0,134.7,"Q1"
"1576",48,8.94637482609996,127,-3.47074844462327,-3.7014582363208,-3.47074844462327,-4.16893341921317,0,1,0,0,134.7,"Q1"
"1577",48,11.046435655,128,-3.47074844462327,-3.7014582363208,-3.06360969595708,-3.57666746350701,0,0,1,1,134.7,"Q1"
"1578",48,8.93800657649997,129,-3.47074844462327,-3.7014582363208,-3.47074844462327,-3.57666746350701,0,1,1,0,134.7,"Q1"
"1579",48,8.78385589659998,130,-3.18055696056606,-3.7014582363208,-3.57666746350701,-3.63415455442469,1,0,0,0,134.7,"Q1"
"1580",48,9.61420419870001,131,-3.47074844462327,-3.7014582363208,-3.57666746350701,-3.69514906712753,0,0,1,1,134.7,"Q1"
"1581",48,8.8032739825,132,-3.47074844462327,-3.7014582363208,-3.57666746350701,-3.69514906712753,0,1,0,0,134.7,"Q1"
"1582",48,8.74385056200001,133,-3.18055696056606,-3.7014582363208,-3.1328414875264,-3.90424086498609,0,0,1,0,134.7,"Q1"
"1583",48,9.32936707840001,134,-3.47074844462327,-3.7014582363208,-3.24259235148552,-3.90424086498609,0,1,1,1,134.3,"Q2"
"1584",48,9.18276360419998,135,-3.47074844462327,-3.7014582363208,-3.24259235148552,-3.63415455442469,0,0,0,0,134.3,"Q2"
"1585",48,8.7540029335,136,-3.18055696056606,-3.90424086498609,-3.07707791300794,-3.63415455442469,1,0,0,0,134.3,"Q2"
"1586",48,9.69227257209996,137,-3.47074844462327,-3.90424086498609,-3.07707791300794,-3.57666746350701,0,0,1,1,134.3,"Q2"
"1587",48,8.31776616669999,138,-3.18055696056606,-3.52230625428812,-3.35240721749272,-3.57666746350701,0,1,1,0,134.3,"Q2"
"1588",48,8.62479120200004,139,-3.18055696056606,-3.52230625428812,-3.09762658123533,-3.57666746350701,0,1,1,0,126.2,"Q2"
"1589",48,8.62479120200004,140,-3.18055696056606,-3.47074844462327,-3.09762658123533,-3.57666746350701,0,0,0,0,126.2,"Q2"
"1590",48,9.63952200670001,141,-3.47074844462327,-3.63415455442469,-3.06360969595708,-3.57666746350701,0,0,1,1,126.2,"Q2"
"1591",48,8.34853782539999,142,-3.18055696056606,-3.63415455442469,-3.09762658123533,-3.57666746350701,0,0,1,0,126.2,"Q2"
"1592",48,7.92008319910002,143,-3.16934188974592,-3.63415455442469,-3.24660037288306,-3.57666746350701,0,1,1,0,118.5,"Q2"
"1593",48,8.3635757028,144,-3.16934188974592,-3.47074844462327,-3.24660037288306,-3.57666746350701,0,0,0,0,118.5,"Q2"
"1594",48,8.34853782539999,145,-3.16934188974592,-3.47074844462327,-3.47074844462327,-3.57666746350701,0,1,1,0,118.5,"Q2"
"1595",48,8.25322764560004,146,-3.16934188974592,-3.47074844462327,-3.06360969595708,-3.57666746350701,0,1,1,0,118.5,"Q2"
"1596",48,9.66421461929997,147,-3.4609929476154,-3.47074844462327,-3.16934188974592,-3.57666746350701,0,0,1,1,115.5,"Q3"
"1597",48,8.63621989780004,149,-3.16934188974592,-3.47074844462327,-3.06360969595708,-3.57666746350701,0,0,0,0,115.5,"Q3"
"1598",48,9.38999170020003,150,-3.33033126579352,-3.63415455442469,-3.1328414875264,-3.57666746350701,0,1,1,1,115.5,"Q3"
"1599",48,8.42156296040003,151,-3.16934188974592,-3.7601069634023,-3.06360969595708,-3.57666746350701,1,0,0,0,115.5,"Q3"
"1600",48,9.65605130869996,153,-3.47074844462327,-3.47074844462327,-3.06360969595708,-3.57666746350701,0,0,1,1,114.5,"Q3"
"1601",48,9.86266555800002,154,-3.47074844462327,-3.57666746350701,-3.1328414875264,-3.57666746350701,0,1,1,1,114.5,"Q3"
"1602",48,9.35183993419999,156,-3.63415455442469,-3.47074844462327,-3.24660037288306,-3.50655789731998,0,1,1,0,112.5,"Q3"
"1603",48,8.48961642359998,158,-3.16934188974592,-3.40276110363834,-3.06360969595708,-3.69514906712753,0,0,1,0,112.5,"Q3"
"1604",48,8.46294817659997,159,-3.24660037288306,-3.7601069634023,-3.1328414875264,-3.69514906712753,0,1,0,0,112.5,"Q3"
"1605",49,9.6601412939,44,-3.20722520764823,-3.24660037288306,-3.01148063052213,-3.25062452318278,0,0,1,1,160.4,"Q3"
"1606",49,7.68524360800001,45,-3.06360969595708,-3.24660037288306,-3.01148063052213,-3.28758971741625,0,0,0,0,160.4,"Q3"
"1607",49,9.32936707840001,47,-3.28758971741625,-3.42171901738295,-3.09762658123533,-3.25062452318278,1,0,1,1,160.8,"Q3"
"1608",49,7.79646924310001,50,-3.06360969595708,-3.42171901738295,-3.1328414875264,-3.47074844462327,0,1,1,0,160.8,"Q3"
"1609",49,7.84776253750002,51,-3.06360969595708,-3.52230625428812,-3.1328414875264,-3.33033126579352,1,0,1,0,160.8,"Q3"
"1610",49,7.96554557310002,52,-3.06360969595708,-3.52230625428812,-3.1328414875264,-3.47074844462327,0,0,1,0,150.9,"Q3"
"1611",49,9.6353466353,53,-3.37498153953126,-3.52230625428812,-3.01148063052213,-3.47074844462327,0,0,1,1,150.9,"Q3"
"1612",49,7.96554557310002,54,-3.06360969595708,-3.57666746350701,-3.01148063052213,-3.29178259567629,0,0,1,0,150.9,"Q3"
"1613",49,7.89655270159997,55,-3.06360969595708,-3.57666746350701,-3.01148063052213,-3.29178259567629,1,0,0,0,150.9,"Q3"
"1614",49,8.68067166040002,56,-3.06360969595708,-3.57666746350701,-3.01148063052213,-3.47074844462327,0,1,1,0,147.2,"Q4"
"1615",49,9.82530977149998,57,-3.47074844462327,-3.24660037288306,-3.02748097186857,-3.47074844462327,0,0,1,1,147.2,"Q4"
"1616",49,8.05070338149999,58,-3.12482114423687,-3.94377170374273,-3.06360969595708,-3.47074844462327,1,1,0,0,147.2,"Q4"
"1617",49,9.6883121709,60,-3.47074844462327,-3.69514906712753,-3.06360969595708,-3.47074844462327,1,0,1,1,120.9,"Q4"
"1618",49,7.89655270159997,61,-3.06360969595708,-3.90424086498609,-3.06360969595708,-3.47074844462327,0,1,1,0,120.9,"Q4"
"1619",49,10.011085563,62,-3.47074844462327,-4.16893341921317,-3.06360969595708,-3.2188758248682,0,0,1,1,120.9,"Q4"
"1620",49,8.6697425899,63,-3.47074844462327,-3.69514906712753,-3.06360969595708,-3.33033126579352,1,0,0,0,120.9,"Q4"
"1621",49,9.26482855730004,66,-3.47074844462327,-3.82957933621707,-3.16934188974592,-3.47074844462327,1,0,0,0,117.8,"Q4"
"1622",49,9.12172771360001,68,-3.47074844462327,-3.37498153953126,-3.28758971741625,-3.63415455442469,0,0,1,0,117.8,"Q4"
"1623",49,9.16282938930003,69,-3.47074844462327,-3.37498153953126,-3.52230625428812,-3.47074844462327,0,1,1,0,114.4,"Q1"
"1624",49,8.23642052730002,70,-3.2587217334154,-4.16893341921317,-3.20722520764823,-3.30022146432215,1,0,1,0,114.4,"Q1"
"1625",49,8.31776616669999,71,-3.2587217334154,-3.37498153953126,-3.20722520764823,-3.63415455442469,0,0,1,0,114.4,"Q1"
"1626",49,9.94270826569999,72,-3.47074844462327,-3.37498153953126,-3.01148063052213,-3.63415455442469,0,0,1,1,114.4,"Q1"
"1627",49,7.92008319910002,73,-3.2587217334154,-3.7601069634023,-3.01148063052213,-3.47074844462327,1,0,0,0,114.4,"Q1"
"1628",49,8.09070871610001,74,-3.27925633585711,-3.7601069634023,-3.24660037288306,-3.47074844462327,0,0,1,0,114.4,"Q1"
"1629",49,8.26975694750001,75,-3.27925633585711,-3.37498153953126,-3.16934188974592,-3.7601069634023,0,0,1,0,114.4,"Q1"
"1630",49,8.65869275369998,76,-3.27925633585711,-3.37498153953126,-3.01148063052213,-3.7601069634023,0,0,1,0,114.4,"Q1"
"1631",49,9.605620455,77,-3.47074844462327,-3.47074844462327,-3.01148063052213,-3.37498153953126,1,0,1,1,114.4,"Q1"
"1632",49,7.74240202179999,78,-3.2587217334154,-4.07270538711862,-3.01148063052213,-3.37498153953126,1,0,0,0,111.7,"Q1"
"1633",49,9.37381884100003,79,-3.2587217334154,-3.37498153953126,-3.01148063052213,-3.57666746350701,0,0,1,0,111.7,"Q1"
"1634",49,10.883916726,80,-3.63415455442469,-3.37498153953126,-3.01148063052213,-3.37498153953126,0,0,1,1,111.7,"Q1"
"1635",49,8.62479120200004,83,-3.42171901738295,-3.69514906712753,-3.47074844462327,-4.03666545063542,0,1,0,0,111.7,"Q2"
"1636",49,8.79361207160002,84,-3.42171901738295,-4.16893341921317,-3.01148063052213,-3.57666746350701,1,0,0,0,111.7,"Q2"
"1637",49,8.88627090209996,85,-3.42171901738295,-3.37498153953126,-3.47074844462327,-3.57666746350701,1,1,0,0,111.7,"Q2"
"1638",49,8.14786712990004,88,-3.34351827007548,-3.37498153953126,-3.33033126579352,-3.7601069634023,0,1,1,0,111,"Q2"
"1639",49,8.40737832540001,90,-3.34351827007548,-3.69514906712753,-3.01148063052213,-4.03666545063542,0,0,1,0,111,"Q2"
"1640",49,7.82244472949999,91,-3.34351827007548,-3.42171901738295,-3.47074844462327,-3.34351827007548,0,0,1,0,111,"Q2"
"1641",49,9.29468152039999,92,-3.63415455442469,-3.81529337896959,-3.47074844462327,-3.63415455442469,1,1,1,1,111,"Q2"
"1642",49,8.95467362900003,93,-3.34351827007548,-3.90424086498609,-3.06360969595708,-3.90424086498609,0,1,0,0,111,"Q2"
"1643",49,10.34096799,94,-3.63415455442469,-3.52230625428812,-3.03071199245002,-3.34351827007548,0,0,1,1,111,"Q2"
"1644",49,8.11012680190003,95,-3.63415455442469,-3.52230625428812,-3.47074844462327,-3.34351827007548,0,0,1,0,111,"Q3"
"1645",49,7.71423114480001,96,-3.34351827007548,-3.69514906712753,-3.47074844462327,-3.34351827007548,1,1,0,0,111,"Q3"
"1646",49,7.92008319910002,97,-3.34351827007548,-3.69514906712753,-3.47074844462327,-3.47074844462327,0,0,1,0,111,"Q3"
"1647",49,7.89655270159997,98,-3.34351827007548,-3.52230625428812,-3.05620806569611,-3.47074844462327,0,1,1,0,111,"Q3"
"1648",49,7.5928702878,99,-3.34351827007548,-4.16893341921317,-3.37498153953126,-3.47074844462327,1,0,1,0,107.2,"Q3"
"1649",49,7.5928702878,100,-3.34351827007548,-4.16893341921317,-3.37498153953126,-3.52230625428812,0,0,0,0,107.2,"Q3"
"1650",49,9.04168500589999,101,-3.34351827007548,-3.7601069634023,-3.28758971741625,-3.37498153953126,1,0,0,0,107.2,"Q3"
"1651",49,10.848482353,102,-3.90424086498609,-3.7601069634023,-3.14728217168119,-3.37498153953126,0,0,1,1,107.2,"Q3"
"1652",49,7.9875244798,103,-3.34351827007548,-3.82957933621707,-3.14728217168119,-3.47074844462327,0,0,1,0,107.2,"Q3"
"1653",49,8.37839078850004,104,-3.34351827007548,-3.82957933621707,-3.47074844462327,-3.47074844462327,0,1,1,0,107.4,"Q3"
"1654",49,9.70406052779999,105,-3.47074844462327,-3.82957933621707,-3.14728217168119,-3.47074844462327,0,0,1,1,107.4,"Q3"
"1655",49,8.16621626860002,106,-3.47074844462327,-3.7014582363208,-3.24660037288306,-3.63415455442469,1,1,1,0,107.4,"Q3"
"1656",49,8.78385589659998,107,-3.52230625428812,-3.7014582363208,-3.14728217168119,-3.63415455442469,0,0,1,0,107.4,"Q3"
"1657",49,9.04923221160001,108,-3.57666746350701,-3.7014582363208,-3.47074844462327,-3.47074844462327,0,1,0,0,116,"Q4"
"1658",49,8.9710674387,109,-3.57666746350701,-3.7014582363208,-3.14728217168119,-3.46074836128869,1,0,0,0,116,"Q4"
"1659",49,11.562553373,110,-3.63415455442469,-3.7014582363208,-3.14728217168119,-3.37498153953126,0,0,1,1,116,"Q4"
"1660",49,8.72323127479999,111,-3.34351827007548,-3.7014582363208,-3.20722520764823,-3.47074844462327,0,1,1,0,116,"Q4"
"1661",49,7.84776253750002,113,-3.34351827007548,-3.7014582363208,-3.14728217168119,-3.47074844462327,1,0,0,0,127.3,"Q4"
"1662",49,8.47637119690002,114,-3.34351827007548,-3.7014582363208,-3.14728217168119,-3.48084954060977,0,0,1,0,127.3,"Q4"
"1663",49,8.93800657649997,115,-3.47074844462327,-3.7014582363208,-3.47074844462327,-3.47074844462327,0,1,1,0,127.3,"Q4"
"1664",49,8.61323037960001,116,-3.47074844462327,-3.7014582363208,-3.14728217168119,-3.90424086498609,1,0,0,0,127.3,"Q4"
"1665",49,8.26975694750001,117,-3.47074844462327,-3.7014582363208,-3.14728217168119,-3.69514906712753,0,0,0,0,131.5,"Q4"
"1666",49,7.96554557310002,118,-3.34351827007548,-3.7014582363208,-3.14728217168119,-3.52230625428812,1,0,0,0,131.5,"Q4"
"1667",49,7.9875244798,119,-3.34351827007548,-3.7014582363208,-3.14728217168119,-3.63415455442469,0,0,1,0,131.5,"Q4"
"1668",49,9.30637756020002,120,-3.47074844462327,-3.7014582363208,-3.28758971741625,-3.63415455442469,1,0,1,1,131.5,"Q4"
"1669",49,8.18423477410002,122,-3.47074844462327,-3.7014582363208,-3.33033126579352,-3.7601069634023,0,1,1,0,135.1,"Q1"
"1670",49,8.91247327449998,123,-3.24660037288306,-3.7014582363208,-3.33033126579352,-3.7601069634023,0,0,1,1,135.1,"Q1"
"1671",49,8.34853782539999,124,-3.24660037288306,-3.7014582363208,-3.06360969595708,-3.57666746350701,0,0,1,1,135.1,"Q1"
"1672",49,7.84776253750002,125,-3.24660037288306,-3.7014582363208,-3.06360969595708,-3.57666746350701,0,0,0,0,135.1,"Q1"
"1673",49,7.84776253750002,126,-3.18055696056606,-3.7014582363208,-3.06360969595708,-3.7601069634023,0,0,1,0,134.7,"Q1"
"1674",49,8.33327035329998,130,-3.18055696056606,-3.7014582363208,-3.57666746350701,-3.63415455442469,1,0,0,0,134.7,"Q1"
"1675",49,9.52485909839998,131,-3.47074844462327,-3.7014582363208,-3.57666746350701,-3.69514906712753,0,0,1,1,134.7,"Q1"
"1676",49,8.51559191000002,132,-3.47074844462327,-3.7014582363208,-3.57666746350701,-3.69514906712753,0,1,0,0,134.7,"Q1"
"1677",49,9.4818930625,134,-3.47074844462327,-3.7014582363208,-3.24259235148552,-3.90424086498609,0,1,1,1,134.3,"Q2"
"1678",49,8.31776616669999,136,-3.18055696056606,-3.90424086498609,-3.07707791300794,-3.63415455442469,1,0,0,0,134.3,"Q2"
"1679",49,9.54795481319998,137,-3.47074844462327,-3.90424086498609,-3.07707791300794,-3.57666746350701,0,0,1,1,134.3,"Q2"
"1680",49,7.79646924310001,138,-3.18055696056606,-3.52230625428812,-3.35240721749272,-3.57666746350701,0,1,1,0,134.3,"Q2"
"1681",49,7.87245515010004,139,-3.18055696056606,-3.52230625428812,-3.09762658123533,-3.57666746350701,0,1,1,0,126.2,"Q2"
"1682",49,8.0300840943,140,-3.18055696056606,-3.47074844462327,-3.09762658123533,-3.57666746350701,0,0,0,0,126.2,"Q2"
"1683",49,9.65605130869996,141,-3.47074844462327,-3.63415455442469,-3.06360969595708,-3.57666746350701,0,0,1,1,126.2,"Q2"
"1684",49,7.62461898619999,143,-3.16934188974592,-3.63415455442469,-3.24660037288306,-3.57666746350701,0,1,1,0,118.5,"Q2"
"1685",49,7.79646924310001,144,-3.16934188974592,-3.47074844462327,-3.24660037288306,-3.57666746350701,0,0,0,0,118.5,"Q2"
"1686",49,7.65539064479997,146,-3.16934188974592,-3.47074844462327,-3.06360969595708,-3.57666746350701,0,1,1,0,118.5,"Q2"
"1687",49,8.99516499030001,147,-3.45866817016834,-3.47074844462327,-3.16934188974592,-3.57666746350701,0,0,1,1,115.5,"Q3"
"1688",49,8.16621626860002,148,-3.37498153953126,-3.90424086498609,-3.16934188974592,-3.57666746350701,0,0,1,1,115.5,"Q3"
"1689",49,9.93653540660005,150,-3.33033126579352,-3.63415455442469,-3.1328414875264,-3.57666746350701,0,1,1,1,115.5,"Q3"
"1690",49,7.94307271730001,151,-3.16934188974592,-3.7601069634023,-3.06360969595708,-3.57666746350701,1,0,0,0,115.5,"Q3"
"1691",49,10.51151248,153,-3.47074844462327,-3.47074844462327,-3.06360969595708,-3.57666746350701,0,0,1,1,114.5,"Q3"
"1692",49,9.96702557330002,154,-3.47074844462327,-3.57666746350701,-3.1328414875264,-3.57666746350701,0,1,1,1,114.5,"Q3"
"1693",49,9.47208906240003,157,-3.47074844462327,-3.47074844462327,-3.24660037288306,-3.57666746350701,0,0,1,1,112.5,"Q3"
"1694",49,7.76980099600004,159,-3.24660037288306,-3.7601069634023,-3.1328414875264,-3.69514906712753,0,1,0,0,112.5,"Q3"
"1695",49,10.324300938,160,-3.37498153953126,-3.47074844462327,-3.06360969595708,-3.57666746350701,0,0,1,1,106.5,"Q4"
"1696",50,7.65539064479997,42,-3.19570876558667,-3.33033126579352,-3.01148063052213,-3.52230625428812,0,0,1,0,160,"Q2"
"1697",50,7.71423114480001,43,-3.19570876558667,-3.33033126579352,-3.01148063052213,-3.47074844462327,0,0,1,0,160.4,"Q3"
"1698",50,9.41115651140004,44,-3.20722520764823,-3.33033126579352,-3.01148063052213,-3.37498153953126,0,0,1,1,160.4,"Q3"
"1699",50,7.82244472949999,45,-3.19570876558667,-3.33033126579352,-3.01148063052213,-3.37498153953126,0,0,0,0,160.4,"Q3"
"1700",50,7.82244472949999,48,-3.19570876558667,-3.42171901738295,-3.01148063052213,-3.37498153953126,0,0,1,0,160.8,"Q3"
"1701",50,7.82244472949999,50,-3.19570876558667,-3.42171901738295,-3.1328414875264,-3.47074844462327,0,1,1,0,160.8,"Q3"
"1702",50,7.84776253750002,52,-3.19570876558667,-3.52230625428812,-3.1328414875264,-3.47074844462327,0,0,1,0,150.9,"Q3"
"1703",50,9.5525106297,53,-3.37498153953126,-3.52230625428812,-3.01148063052213,-3.47074844462327,0,0,1,1,150.9,"Q3"
"1704",50,7.79646924310001,54,-3.19570876558667,-3.57666746350701,-3.01148063052213,-3.42171901738295,0,0,1,0,150.9,"Q3"
"1705",50,8.20193435119999,55,-3.19570876558667,-3.57666746350701,-3.01148063052213,-3.42171901738295,1,0,0,0,150.9,"Q3"
"1706",50,8.70217786560003,56,-3.19570876558667,-3.57666746350701,-3.01148063052213,-3.47074844462327,0,1,1,0,147.2,"Q4"
"1707",50,9.96702557330002,57,-3.47074844462327,-3.33033126579352,-3.02748097186857,-3.47074844462327,0,0,1,1,147.2,"Q4"
"1708",50,8.0300840943,58,-3.25470232289247,-4.02785482095327,-3.06360969595708,-3.47074844462327,1,1,0,0,147.2,"Q4"
"1709",50,7.5928702878,59,-3.19570876558667,-3.69514906712753,-3.06360969595708,-3.47074844462327,0,0,1,0,147.2,"Q4"
"1710",50,9.3350328159,60,-3.47074844462327,-3.69514906712753,-3.06360969595708,-3.47074844462327,1,0,1,1,120.9,"Q4"
"1711",50,7.87245515010004,61,-3.19570876558667,-3.90424086498609,-3.06360969595708,-3.47074844462327,0,1,1,0,120.9,"Q4"
"1712",50,9.40063009839998,62,-3.47074844462327,-4.16893341921317,-3.06360969595708,-3.37498153953126,0,0,1,1,120.9,"Q4"
"1713",50,8.95467362900003,63,-3.47074844462327,-3.69514906712753,-3.06360969595708,-3.3841559158073,1,0,0,0,120.9,"Q4"
"1714",50,8.7540029335,64,-3.19570876558667,-3.33033126579352,-3.06360969595708,-3.47074844462327,1,0,1,0,120.9,"Q4"
"1715",50,8.58969988220001,68,-3.47074844462327,-3.52230625428812,-3.28758971741625,-3.63415455442469,0,0,1,0,117.8,"Q4"
"1716",50,8.90381521169997,69,-3.47074844462327,-3.52230625428812,-3.52230625428812,-3.47074844462327,0,1,1,0,114.4,"Q1"
"1717",50,8.00903068509998,70,-3.3841559158073,-4.16893341921317,-3.20722520764823,-3.3841559158073,1,0,1,0,114.4,"Q1"
"1718",50,8.16621626860002,71,-3.3841559158073,-3.52230625428812,-3.20722520764823,-3.63415455442469,0,0,1,0,114.4,"Q1"
"1719",50,9.81487489420003,72,-3.47074844462327,-3.52230625428812,-3.06360969595708,-3.63415455442469,0,0,1,1,114.4,"Q1"
"1720",50,8.63621989780004,73,-3.3841559158073,-3.7601069634023,-3.06360969595708,-3.47074844462327,1,0,0,0,114.4,"Q1"
"1721",50,8.37839078850004,74,-3.40746699467575,-3.7601069634023,-3.24660037288306,-3.47074844462327,0,0,1,0,114.4,"Q1"
"1722",50,8.16621626860002,75,-3.40746699467575,-3.52230625428812,-3.16934188974592,-3.7601069634023,0,0,1,0,114.4,"Q1"
"1723",50,8.65869275369998,76,-3.52230625428812,-3.57666746350701,-3.1545814741628,-3.7601069634023,0,0,1,0,114.4,"Q1"
"1724",50,9.3406666337,77,-3.47074844462327,-3.52230625428812,-3.06360969595708,-3.3841559158073,1,0,1,1,114.4,"Q1"
"1725",50,8.28601746839997,78,-3.3841559158073,-4.22075848707776,-3.06360969595708,-3.3841559158073,1,0,0,0,111.7,"Q1"
"1726",50,8.94637482609996,79,-3.3841559158073,-3.52230625428812,-3.06360969595708,-3.57666746350701,0,0,1,0,111.7,"Q1"
"1727",50,9.72340349069997,81,-3.63415455442469,-3.69514906712753,-3.7601069634023,-3.47074844462327,1,1,0,0,111.7,"Q1"
"1728",50,7.96554557310002,83,-3.42171901738295,-3.69514906712753,-3.47074844462327,-4.16893341921317,0,1,0,0,111.7,"Q2"
"1729",50,8.09070871610001,84,-3.42171901738295,-4.16893341921317,-3.06360969595708,-3.57666746350701,1,0,0,0,111.7,"Q2"
"1730",50,8.0709060888,85,-3.42171901738295,-3.52230625428812,-3.47074844462327,-3.57666746350701,1,1,0,0,111.7,"Q2"
"1731",50,9.19583568579999,86,-3.42171901738295,-3.52230625428812,-3.47074844462327,-3.7601069634023,0,1,0,0,111,"Q2"
"1732",50,8.0300840943,88,-3.34351827007548,-3.37498153953126,-3.33033126579352,-3.7601069634023,0,1,1,0,111,"Q2"
"1733",50,8.31776616669999,89,-3.34351827007548,-3.69514906712753,-3.01148063052213,-3.7601069634023,1,0,0,0,111,"Q2"
"1734",50,8.21932609390002,90,-3.34351827007548,-3.69514906712753,-3.01148063052213,-4.03666545063542,0,0,1,0,111,"Q2"
"1735",50,7.5928702878,91,-3.34351827007548,-3.42171901738295,-3.47074844462327,-3.34351827007548,0,0,1,0,111,"Q2"
"1736",50,9.2214781164,92,-3.63415455442469,-3.81529337896959,-3.47074844462327,-3.63415455442469,1,1,1,1,111,"Q2"
"1737",50,8.77400360019999,93,-3.34351827007548,-3.90424086498609,-3.06360969595708,-3.90424086498609,0,1,0,0,111,"Q2"
"1738",50,10.0024275,94,-3.63415455442469,-3.52230625428812,-3.03071199245002,-3.34351827007548,0,0,1,1,111,"Q2"
"1739",50,9.0861367685,95,-3.63415455442469,-3.52230625428812,-3.47074844462327,-3.34351827007548,0,0,1,0,111,"Q3"
"1740",50,7.89655270159997,96,-3.34351827007548,-3.69514906712753,-3.47074844462327,-3.34351827007548,1,1,0,0,111,"Q3"
"1741",50,7.89655270159997,97,-3.34351827007548,-3.69514906712753,-3.47074844462327,-3.47074844462327,0,0,1,0,111,"Q3"
"1742",50,7.79646924310001,99,-3.34351827007548,-4.16893341921317,-3.37498153953126,-3.47074844462327,1,0,1,0,107.2,"Q3"
"1743",50,7.96554557310002,100,-3.34351827007548,-4.16893341921317,-3.37498153953126,-3.52230625428812,0,0,0,0,107.2,"Q3"
"1744",50,8.71275997499997,101,-3.34351827007548,-3.7601069634023,-3.28758971741625,-3.37498153953126,1,0,0,0,107.2,"Q3"
"1745",50,8.28601746839997,103,-3.34351827007548,-3.82957933621707,-3.14728217168119,-3.47074844462327,0,0,1,0,107.2,"Q3"
"1746",50,8.23642052730002,104,-3.34351827007548,-3.82957933621707,-3.47074844462327,-3.47074844462327,0,1,1,0,107.4,"Q3"
"1747",50,9.605620455,105,-3.47074844462327,-3.82957933621707,-3.14728217168119,-3.47074844462327,0,0,1,1,107.4,"Q3"
"1748",50,8.21932609390002,106,-3.47074844462327,-3.7014582363208,-3.24660037288306,-3.63415455442469,1,1,1,0,107.4,"Q3"
"1749",50,8.70217786560003,107,-3.52230625428812,-3.7014582363208,-3.14728217168119,-3.63415455442469,0,0,1,0,107.4,"Q3"
"1750",50,8.86841328469997,108,-3.57666746350701,-3.7014582363208,-3.47074844462327,-3.47074844462327,0,1,0,0,116,"Q4"
"1751",50,11.339714282,110,-3.63415455442469,-3.7014582363208,-3.14728217168119,-3.37498153953126,0,0,1,1,116,"Q4"
"1752",50,8.99516499030001,111,-3.34351827007548,-3.7014582363208,-3.20722520764823,-3.47074844462327,0,1,1,0,116,"Q4"
"1753",50,7.87245515010004,113,-3.34351827007548,-3.7014582363208,-3.14728217168119,-3.47074844462327,1,0,0,0,127.3,"Q4"
"1754",50,8.47637119690002,114,-3.34351827007548,-3.7014582363208,-3.14728217168119,-3.48084954060977,0,0,1,0,127.3,"Q4"
"1755",50,8.8032739825,115,-3.47074844462327,-3.7014582363208,-3.47074844462327,-3.47074844462327,0,1,1,0,127.3,"Q4"
"1756",50,8.55333223800003,116,-3.47074844462327,-3.7014582363208,-3.14728217168119,-3.90424086498609,1,0,0,0,127.3,"Q4"
"1757",50,8.54090971799997,117,-3.47074844462327,-3.7014582363208,-3.14728217168119,-3.69514906712753,0,0,0,0,131.5,"Q4"
"1758",50,7.76980099600004,118,-3.34351827007548,-3.7014582363208,-3.14728217168119,-3.52230625428812,1,0,0,0,131.5,"Q4"
"1759",50,7.76980099600004,119,-3.34351827007548,-3.7014582363208,-3.14728217168119,-3.63415455442469,0,0,1,0,131.5,"Q4"
"1760",50,9.2887817983,120,-3.47074844462327,-3.7014582363208,-3.28758971741625,-3.63415455442469,1,0,1,1,131.5,"Q4"
"1761",50,8.95467362900003,121,-3.47074844462327,-3.7014582363208,-3.28758971741625,-3.57666746350701,0,0,0,0,135.1,"Q1"
"1762",50,7.94307271730001,122,-3.47074844462327,-3.7014582363208,-3.33033126579352,-3.7601069634023,0,1,1,0,135.1,"Q1"
"1763",50,8.51559191000002,124,-3.24660037288306,-3.7014582363208,-3.06360969595708,-3.57666746350701,0,0,1,1,135.1,"Q1"
"1764",50,7.49108759349998,126,-3.18055696056606,-3.7014582363208,-3.06360969595708,-3.7601069634023,0,0,1,0,134.7,"Q1"
"1765",50,8.39298958799997,127,-3.47074844462327,-3.7014582363208,-3.47074844462327,-4.16893341921317,0,1,0,0,134.7,"Q1"
"1766",50,8.52833093580003,129,-3.47074844462327,-3.7014582363208,-3.47074844462327,-3.57666746350701,0,1,1,0,134.7,"Q1"
"1767",50,7.89655270159997,130,-3.18055696056606,-3.7014582363208,-3.57666746350701,-3.63415455442469,1,0,0,0,134.7,"Q1"
"1768",50,9.52952111149995,131,-3.47074844462327,-3.7014582363208,-3.57666746350701,-3.69514906712753,0,0,1,1,134.7,"Q1"
"1769",50,8.58969988220001,132,-3.47074844462327,-3.7014582363208,-3.57666746350701,-3.69514906712753,0,1,0,0,134.7,"Q1"
"1770",50,8.20193435119999,133,-3.18055696056606,-3.7014582363208,-3.1328414875264,-3.90424086498609,0,0,1,0,134.7,"Q1"
"1771",50,9.43188264189999,134,-3.47074844462327,-3.7014582363208,-3.24259235148552,-3.90424086498609,0,1,1,1,134.3,"Q2"
"1772",50,7.92008319910002,136,-3.18055696056606,-3.90424086498609,-3.07707791300794,-3.63415455442469,1,0,0,0,134.3,"Q2"
"1773",50,9.69227257209996,137,-3.47074844462327,-3.90424086498609,-3.07707791300794,-3.57666746350701,0,0,1,1,134.3,"Q2"
"1774",50,7.52617891330001,138,-3.18055696056606,-3.52230625428812,-3.35240721749272,-3.57666746350701,0,1,1,0,134.3,"Q2"
"1775",50,8.05070338149999,139,-3.18055696056606,-3.52230625428812,-3.09762658123533,-3.57666746350701,0,1,1,0,126.2,"Q2"
"1776",50,8.0300840943,140,-3.18055696056606,-3.47074844462327,-3.09762658123533,-3.57666746350701,0,0,0,0,126.2,"Q2"
"1777",50,9.46715078080002,141,-3.47074844462327,-3.63415455442469,-3.06360969595708,-3.57666746350701,0,0,1,1,126.2,"Q2"
"1778",50,7.87245515010004,142,-3.18055696056606,-3.63415455442469,-3.09762658123533,-3.57666746350701,0,0,1,0,126.2,"Q2"
"1779",50,7.65539064479997,143,-3.16934188974592,-3.63415455442469,-3.24660037288306,-3.57666746350701,0,1,1,0,118.5,"Q2"
"1780",50,7.71423114480001,144,-3.16934188974592,-3.47074844462327,-3.24660037288306,-3.57666746350701,0,0,0,0,118.5,"Q2"
"1781",50,7.49108759349998,145,-3.16934188974592,-3.47074844462327,-3.47074844462327,-3.57666746350701,0,1,1,0,118.5,"Q2"
"1782",50,7.71423114480001,146,-3.16934188974592,-3.47074844462327,-3.06360969595708,-3.57666746350701,0,1,1,0,118.5,"Q2"
"1783",50,9.74237939209997,147,-3.46415736055336,-3.47074844462327,-3.16934188974592,-3.57666746350701,0,0,1,1,115.5,"Q3"
"1784",50,8.16621626860002,149,-3.16934188974592,-3.47074844462327,-3.06360969595708,-3.57666746350701,0,0,0,0,115.5,"Q3"
"1785",50,9.30054663989996,150,-3.33033126579352,-3.63415455442469,-3.1328414875264,-3.57666746350701,0,1,1,1,115.5,"Q3"
"1786",50,8.0709060888,151,-3.16934188974592,-3.7601069634023,-3.06360969595708,-3.57666746350701,1,0,0,0,115.5,"Q3"
"1787",50,9.88573083089996,154,-3.47074844462327,-3.57666746350701,-3.1328414875264,-3.57666746350701,0,1,1,1,114.5,"Q3"
"1788",50,9.10764297370002,156,-3.63415455442469,-3.47074844462327,-3.24660037288306,-3.50655789731998,0,1,1,0,112.5,"Q3"
"1789",50,9.31793838260002,157,-3.47074844462327,-3.40276110363834,-3.24660037288306,-3.50655789731998,0,0,1,1,112.5,"Q3"
"1790",50,10.554144681,160,-3.37498153953126,-3.40276110363834,-2.99573227355399,-3.50655789731998,0,0,1,1,106.5,"Q4"
"1791",51,8.0709060888,42,-3.06360969595708,-3.24660037288306,-3.01148063052213,-3.52230625428812,0,0,1,0,160,"Q2"
"1792",51,8.3635757028,43,-3.06360969595708,-3.24660037288306,-3.01148063052213,-3.47074844462327,0,0,1,0,160.4,"Q3"
"1793",51,10.238816278,44,-3.20722520764823,-3.24660037288306,-3.01148063052213,-3.25062452318278,0,0,1,1,160.4,"Q3"
"1794",51,8.20193435119999,45,-3.06360969595708,-3.24660037288306,-3.01148063052213,-3.28758971741625,0,0,0,0,160.4,"Q3"
"1795",51,8.3635757028,46,-3.06360969595708,-3.24660037288306,-3.09762658123533,-3.57666746350701,0,1,1,0,160.4,"Q3"
"1796",51,9.9518966917,47,-3.28758971741625,-3.42171901738295,-3.09762658123533,-3.25062452318278,1,0,1,1,160.8,"Q3"
"1797",51,8.21932609390002,48,-3.06360969595708,-3.42171901738295,-3.01148063052213,-3.28758971741625,0,0,1,0,160.8,"Q3"
"1798",51,8.14786712990004,50,-3.06360969595708,-3.42171901738295,-3.1328414875264,-3.47074844462327,0,1,1,0,160.8,"Q3"
"1799",51,8.09070871610001,52,-3.06360969595708,-3.52230625428812,-3.1328414875264,-3.47074844462327,0,0,1,0,150.9,"Q3"
"1800",51,10.101682458,53,-3.37498153953126,-3.52230625428812,-3.01148063052213,-3.47074844462327,0,0,1,1,150.9,"Q3"
"1801",51,7.94307271730001,54,-3.06360969595708,-3.57666746350701,-3.01148063052213,-3.29178259567629,0,0,1,0,150.9,"Q3"
"1802",51,8.20193435119999,55,-3.06360969595708,-3.57666746350701,-3.01148063052213,-3.29178259567629,1,0,0,0,150.9,"Q3"
"1803",51,9.07886400919999,56,-3.06360969595708,-3.57666746350701,-3.01148063052213,-3.47074844462327,0,1,1,0,147.2,"Q4"
"1804",51,10.459668878,57,-3.47074844462327,-3.24660037288306,-3.02748097186857,-3.47074844462327,0,0,1,1,147.2,"Q4"
"1805",51,8.40737832540001,58,-3.14073387248602,-3.94377170374273,-3.06360969595708,-3.47074844462327,1,1,0,0,147.2,"Q4"
"1806",51,8.00903068509998,59,-3.06360969595708,-3.69514906712753,-3.06360969595708,-3.47074844462327,0,0,1,0,147.2,"Q4"
"1807",51,9.93653540660005,60,-3.47074844462327,-3.69514906712753,-3.06360969595708,-3.47074844462327,1,0,1,1,120.9,"Q4"
"1808",51,7.92008319910002,61,-3.06360969595708,-3.90424086498609,-3.06360969595708,-3.47074844462327,0,1,1,0,120.9,"Q4"
"1809",51,10.220340002,62,-3.47074844462327,-4.16893341921317,-3.06360969595708,-3.2188758248682,0,0,1,1,120.9,"Q4"
"1810",51,9.25874951120003,63,-3.47074844462327,-3.69514906712753,-3.06360969595708,-3.33033126579352,1,0,0,0,120.9,"Q4"
"1811",51,9.22778728560003,64,-3.06360969595708,-3.24660037288306,-3.06360969595708,-3.47074844462327,1,0,1,0,120.9,"Q4"
"1812",51,9.35183993419999,69,-3.47074844462327,-3.37498153953126,-3.52230625428812,-3.47074844462327,0,1,1,0,114.4,"Q1"
"1813",51,8.23642052730002,70,-3.20722520764823,-4.16893341921317,-3.20722520764823,-3.30022146432215,1,0,1,0,114.4,"Q1"
"1814",51,8.73359406190002,71,-3.20722520764823,-3.37498153953126,-3.20722520764823,-3.63415455442469,0,0,1,0,114.4,"Q1"
"1815",51,10.564111541,72,-3.47074844462327,-3.37498153953126,-3.01148063052213,-3.63415455442469,0,0,1,1,114.4,"Q1"
"1816",51,8.16621626860002,73,-3.20722520764823,-3.7601069634023,-3.01148063052213,-3.47074844462327,1,0,0,0,114.4,"Q1"
"1817",51,8.14786712990004,74,-3.24660037288306,-3.7601069634023,-3.24660037288306,-3.47074844462327,0,0,1,0,114.4,"Q1"
"1818",51,8.5026885052,75,-3.24660037288306,-3.37498153953126,-3.16934188974592,-3.7601069634023,0,0,1,0,114.4,"Q1"
"1819",51,8.23642052730002,78,-3.20722520764823,-4.07270538711862,-3.01148063052213,-3.37498153953126,1,0,0,0,111.7,"Q1"
"1820",51,9.59260508690002,79,-3.20722520764823,-3.37498153953126,-3.01148063052213,-3.57666746350701,0,0,1,0,111.7,"Q1"
"1821",51,8.44934252449998,85,-3.42171901738295,-3.37498153953126,-3.47074844462327,-3.57666746350701,1,1,0,0,111.7,"Q2"
"1822",51,9.5838331008,86,-3.42171901738295,-3.37498153953126,-3.47074844462327,-3.7601069634023,0,1,0,0,111,"Q2"
"1823",51,8.09070871610001,88,-3.34351827007548,-3.37498153953126,-3.33033126579352,-3.7601069634023,0,1,1,0,111,"Q2"
"1824",51,8.18423477410002,89,-3.34351827007548,-3.69514906712753,-3.01148063052213,-3.7601069634023,1,0,0,0,111,"Q2"
"1825",51,8.12917499690002,90,-3.34351827007548,-3.69514906712753,-3.01148063052213,-4.03666545063542,0,0,1,0,111,"Q2"
"1826",51,7.92008319910002,91,-3.34351827007548,-3.37498153953126,-3.47074844462327,-3.34351827007548,0,0,1,0,111,"Q2"
"1827",51,10.21332243,92,-3.63415455442469,-3.81529337896959,-3.47074844462327,-3.63415455442469,1,1,1,1,111,"Q2"
"1828",51,9.20230820029997,93,-3.34351827007548,-3.90424086498609,-3.06360969595708,-3.90424086498609,0,1,0,0,111,"Q2"
"1829",51,10.533907903,94,-3.63415455442469,-3.52230625428812,-3.03071199245002,-3.34351827007548,0,0,1,1,111,"Q2"
"1830",51,8.94637482609996,95,-3.63415455442469,-3.52230625428812,-3.47074844462327,-3.34351827007548,0,0,1,0,111,"Q3"
"1831",51,8.05070338149999,96,-3.34351827007548,-3.69514906712753,-3.47074844462327,-3.34351827007548,1,1,0,0,111,"Q3"
"1832",51,7.79646924310001,97,-3.34351827007548,-3.69514906712753,-3.47074844462327,-3.47074844462327,0,0,1,0,111,"Q3"
"1833",51,7.76980099600004,98,-3.34351827007548,-3.52230625428812,-3.10376823836956,-3.47074844462327,0,1,1,0,111,"Q3"
"1834",51,7.82244472949999,99,-3.34351827007548,-4.16893341921317,-3.37498153953126,-3.47074844462327,1,0,1,0,107.2,"Q3"
"1835",51,7.82244472949999,100,-3.34351827007548,-4.16893341921317,-3.37498153953126,-3.52230625428812,0,0,0,0,107.2,"Q3"
"1836",51,9.2887817983,101,-3.34351827007548,-3.7601069634023,-3.28758971741625,-3.37498153953126,1,0,0,0,107.2,"Q3"
"1837",51,8.16621626860002,103,-3.34351827007548,-3.82957933621707,-3.14728217168119,-3.47074844462327,0,0,1,0,107.2,"Q3"
"1838",51,8.78385589659998,104,-3.34351827007548,-3.82957933621707,-3.47074844462327,-3.47074844462327,0,1,1,0,107.4,"Q3"
"1839",51,10.042205472,105,-3.47074844462327,-3.82957933621707,-3.14728217168119,-3.47074844462327,0,0,1,1,107.4,"Q3"
"1840",51,8.39298958799997,106,-3.47074844462327,-3.7014582363208,-3.24660037288306,-3.63415455442469,1,1,1,0,107.4,"Q3"
"1841",51,8.95467362900003,107,-3.52230625428812,-3.7014582363208,-3.14728217168119,-3.63415455442469,0,0,1,0,107.4,"Q3"
"1842",51,9.10764297370002,108,-3.57666746350701,-3.7014582363208,-3.47074844462327,-3.47074844462327,0,1,0,0,116,"Q4"
"1843",51,9.04923221160001,109,-3.57666746350701,-3.7014582363208,-3.14728217168119,-3.46074836128869,1,0,0,0,116,"Q4"
"1844",51,8.33327035329998,111,-3.34351827007548,-3.7014582363208,-3.20722520764823,-3.47074844462327,0,1,1,0,116,"Q4"
"1845",51,8.77400360019999,112,-3.7601069634023,-3.7014582363208,-3.14728217168119,-3.47074844462327,0,0,0,0,116,"Q4"
"1846",51,8.28601746839997,113,-3.34351827007548,-3.7014582363208,-3.14728217168119,-3.47074844462327,1,0,0,0,127.3,"Q4"
"1847",51,8.34853782539999,114,-3.34351827007548,-3.7014582363208,-3.14728217168119,-3.48084954060977,0,0,1,0,127.3,"Q4"
"1848",51,8.72323127479999,115,-3.47074844462327,-3.7014582363208,-3.47074844462327,-3.47074844462327,0,1,1,0,127.3,"Q4"
"1849",51,8.68067166040002,116,-3.47074844462327,-3.7014582363208,-3.14728217168119,-3.90424086498609,1,0,0,0,127.3,"Q4"
"1850",51,8.5656023306,117,-3.47074844462327,-3.7014582363208,-3.14728217168119,-3.69514906712753,0,0,0,0,131.5,"Q4"
"1851",51,8.00903068509998,118,-3.34351827007548,-3.7014582363208,-3.14728217168119,-3.52230625428812,1,0,0,0,131.5,"Q4"
"1852",51,8.30201780980003,119,-3.34351827007548,-3.7014582363208,-3.14728217168119,-3.63415455442469,0,0,1,0,131.5,"Q4"
"1853",51,9.37923890839995,120,-3.47074844462327,-3.7014582363208,-3.28758971741625,-3.63415455442469,1,0,1,1,131.5,"Q4"
"1854",51,9.30054663989996,121,-3.47074844462327,-3.7014582363208,-3.28758971741625,-3.57666746350701,0,0,0,0,135.1,"Q1"
"1855",51,8.43554920239998,122,-3.47074844462327,-3.7014582363208,-3.33033126579352,-3.7601069634023,0,1,1,0,135.1,"Q1"
"1856",51,8.58969988220001,124,-3.24660037288306,-3.7014582363208,-3.03071199245002,-3.47074844462327,0,0,1,1,135.1,"Q1"
"1857",51,8.3635757028,125,-3.24660037288306,-3.7014582363208,-3.03071199245002,-3.47074844462327,0,0,0,0,135.1,"Q1"
"1858",51,7.9875244798,126,-3.18055696056606,-3.7014582363208,-3.03071199245002,-3.7601069634023,0,0,1,0,134.7,"Q1"
"1859",51,8.12917499690002,127,-3.47074844462327,-3.7014582363208,-3.47074844462327,-4.16893341921317,0,1,0,0,134.7,"Q1"
"1860",51,8.5656023306,129,-3.47074844462327,-3.7014582363208,-3.47074844462327,-3.47074844462327,0,1,1,0,134.7,"Q1"
"1861",51,8.21932609390002,130,-3.18055696056606,-3.7014582363208,-3.57666746350701,-3.63415455442469,1,0,0,0,134.7,"Q1"
"1862",51,9.31793838260002,131,-3.47074844462327,-3.7014582363208,-3.57666746350701,-3.69514906712753,0,0,1,1,134.7,"Q1"
"1863",51,10.096419288,134,-3.47074844462327,-3.7014582363208,-3.24259235148552,-3.90424086498609,0,1,1,1,134.3,"Q2"
"1864",51,8.95467362900003,135,-3.47074844462327,-3.7014582363208,-3.24259235148552,-3.63415455442469,0,0,0,0,134.3,"Q2"
"1865",51,8.0300840943,136,-3.18055696056606,-3.90424086498609,-3.06360969595708,-3.63415455442469,1,0,0,0,134.3,"Q2"
"1866",51,10.047761042,137,-3.47074844462327,-3.90424086498609,-3.06360969595708,-3.47074844462327,0,0,1,1,134.3,"Q2"
"1867",51,7.82244472949999,138,-3.18055696056606,-3.52230625428812,-3.32163555882597,-3.35240721749272,0,1,1,0,134.3,"Q2"
"1868",51,8.40737832540001,139,-3.18055696056606,-3.52230625428812,-3.09762658123533,-3.47074844462327,0,1,1,0,126.2,"Q2"
"1869",51,8.20193435119999,140,-3.18055696056606,-3.47074844462327,-3.09762658123533,-3.47074844462327,0,0,0,0,126.2,"Q2"
"1870",51,9.96401805229999,141,-3.47074844462327,-3.63415455442469,-3.06360969595708,-3.30022146432215,0,0,1,1,126.2,"Q2"
"1871",51,8.21932609390002,142,-3.18055696056606,-3.63415455442469,-3.09762658123533,-3.47074844462327,0,0,1,0,126.2,"Q2"
"1872",51,7.71423114480001,143,-3.1328414875264,-3.63415455442469,-3.24660037288306,-3.30022146432215,0,1,1,0,118.5,"Q2"
"1873",51,7.89655270159997,144,-3.1328414875264,-3.47074844462327,-3.24660037288306,-3.36137588747548,0,0,0,0,118.5,"Q2"
"1874",51,8.00903068509998,146,-3.1328414875264,-3.47074844462327,-3.06360969595708,-3.47074844462327,0,1,1,0,118.5,"Q2"
"1875",51,9.85597656990001,147,-3.45978572666066,-3.47074844462327,-3.16934188974592,-3.47074844462327,0,0,1,1,115.5,"Q3"
"1876",51,8.86841328469997,149,-3.1328414875264,-3.47074844462327,-3.06360969595708,-3.43617710055818,0,0,0,0,115.5,"Q3"
"1877",51,10.401106349,150,-3.33033126579352,-3.63415455442469,-3.1328414875264,-3.43617710055818,0,1,1,1,115.5,"Q3"
"1878",51,7.82244472949999,151,-3.1328414875264,-3.7601069634023,-3.06360969595708,-3.43617710055818,1,0,0,0,115.5,"Q3"
"1879",51,10.908814277,153,-3.47074844462327,-3.47074844462327,-3.06360969595708,-3.30022146432215,0,0,1,1,114.5,"Q3"
"1880",51,10.2879332930001,154,-3.47074844462327,-3.57666746350701,-3.1328414875264,-3.47074844462327,0,1,1,1,114.5,"Q3"
"1881",51,9.00307016980004,155,-3.63415455442469,-3.90424086498609,-3.13643215565713,-3.47074844462327,0,1,1,0,114.5,"Q3"
"1882",51,8.73359406190002,156,-3.63415455442469,-3.47074844462327,-3.24660037288306,-3.65206548099122,0,1,1,0,112.5,"Q3"
"1883",51,9.91462529690003,157,-3.47074844462327,-3.54369744426944,-3.24660037288306,-3.57666746350701,0,0,1,1,112.5,"Q3"
"1884",51,8.18423477410002,158,-3.1328414875264,-3.54369744426944,-3.13643215565713,-3.69514906712753,0,0,1,0,112.5,"Q3"
"1885",51,8.21932609390002,159,-3.20722520764823,-3.7601069634023,-3.13643215565713,-3.69514906712753,0,1,0,0,112.5,"Q3"
"1886",51,10.658670124,160,-3.37498153953126,-3.54369744426944,-3.13643215565713,-3.57666746350701,0,0,1,1,106.5,"Q4"
"1887",52,10.577248019,41,-3.47074844462327,-3.16934188974592,-3.16934188974592,-3.26279505880304,0,0,1,1,160,"Q2"
"1888",52,8.63621989780004,42,-3.00515149547048,-3.16934188974592,-2.99886216656292,-3.52230625428812,0,0,1,0,160,"Q2"
"1889",52,8.60153433980004,43,-3.00515149547048,-3.16934188974592,-2.99886216656292,-3.47074844462327,0,0,1,0,160.4,"Q3"
"1890",52,9.97002407629995,44,-3.20722520764823,-3.16934188974592,-2.99886216656292,-3.18432344336154,0,0,1,1,160.4,"Q3"
"1891",52,8.54090971799997,45,-3.00515149547048,-3.16934188974592,-2.99886216656292,-3.28758971741625,0,0,0,0,160.4,"Q3"
"1892",52,9.17616292019996,46,-3.00515149547048,-3.16934188974592,-3.09762658123533,-3.57666746350701,0,1,1,0,160.4,"Q3"
"1893",52,10.290109573,47,-3.28758971741625,-3.42171901738295,-3.09762658123533,-3.18432344336154,1,0,1,1,160.8,"Q3"
"1894",52,8.42156296040003,48,-3.00515149547048,-3.42171901738295,-2.99886216656292,-3.28758971741625,0,0,1,0,160.8,"Q3"
"1895",52,8.5777236912,50,-3.00515149547048,-3.42171901738295,-3.1328414875264,-3.47074844462327,0,1,1,0,160.8,"Q3"
"1896",52,8.68067166040002,51,-3.00515149547048,-3.52230625428812,-3.1328414875264,-3.33033126579352,1,0,1,0,160.8,"Q3"
"1897",52,10.506272293,53,-3.37498153953126,-3.52230625428812,-2.99886216656292,-3.47074844462327,0,0,1,1,150.9,"Q3"
"1898",52,8.46294817659997,54,-3.00515149547048,-3.57666746350701,-2.99886216656292,-3.28758971741625,0,0,1,0,150.9,"Q3"
"1899",52,8.62479120200004,55,-3.00515149547048,-3.57666746350701,-2.99886216656292,-3.28758971741625,1,0,0,0,150.9,"Q3"
"1900",52,9.7610019042,56,-3.00515149547048,-3.57666746350701,-2.99886216656292,-3.47074844462327,0,1,1,0,147.2,"Q4"
"1901",52,10.666160796,57,-3.47074844462327,-3.16934188974592,-3.03071199245002,-3.47074844462327,0,0,1,1,147.2,"Q4"
"1902",52,8.83171191779997,58,-3.11215452524698,-3.94377170374273,-3.06360969595708,-3.47074844462327,1,1,0,0,147.2,"Q4"
"1903",52,8.47637119690002,59,-3.00515149547048,-3.69514906712753,-3.06360969595708,-3.47074844462327,0,0,1,0,147.2,"Q4"
"1904",52,10.583752107,60,-3.47074844462327,-3.69514906712753,-3.06360969595708,-3.47074844462327,1,0,1,1,120.9,"Q4"
"1905",52,8.46294817659997,61,-3.00515149547048,-3.90424086498609,-3.06360969595708,-3.47074844462327,0,1,1,0,120.9,"Q4"
"1906",52,10.688301922,62,-3.47074844462327,-4.16893341921317,-3.06360969595708,-3.16934188974592,0,0,1,1,120.9,"Q4"
"1907",52,9.66827142000002,63,-3.47074844462327,-3.69514906712753,-3.06360969595708,-3.33033126579352,1,0,0,0,120.9,"Q4"
"1908",52,9.44715011409995,64,-3.00515149547048,-3.24660037288306,-3.06360969595708,-3.47074844462327,1,0,1,0,120.9,"Q4"
"1909",52,9.66421461929997,69,-3.47074844462327,-3.16934188974592,-3.52230625428812,-3.47074844462327,0,1,1,0,114.4,"Q1"
"1910",52,8.88627090209996,70,-3.20722520764823,-4.16893341921317,-3.20722520764823,-3.24660037288306,1,0,1,0,114.4,"Q1"
"1911",52,9.35183993419999,71,-3.20722520764823,-3.16934188974592,-3.20722520764823,-3.63415455442469,0,0,1,0,114.4,"Q1"
"1912",52,10.760113202,72,-3.47074844462327,-3.16934188974592,-2.99886216656292,-3.63415455442469,0,0,1,1,114.4,"Q1"
"1913",52,9.24028744829999,73,-3.20722520764823,-3.7601069634023,-2.99886216656292,-3.47074844462327,1,0,0,0,114.4,"Q1"
"1914",52,9.07886400919999,74,-3.24660037288306,-3.7601069634023,-3.24660037288306,-3.47074844462327,0,0,1,0,114.4,"Q1"
"1915",52,9.20873909060002,75,-3.24660037288306,-3.16934188974592,-3.16934188974592,-3.7601069634023,0,0,1,0,114.4,"Q1"
"1916",52,9.65605130869996,76,-3.24660037288306,-3.16934188974592,-2.99886216656292,-3.7601069634023,0,0,1,0,114.4,"Q1"
"1917",52,10.361418601,77,-3.47074844462327,-3.47074844462327,-2.99886216656292,-3.37498153953126,1,0,1,1,114.4,"Q1"
"1918",52,8.87738195470003,78,-3.20722520764823,-4.07270538711862,-2.99886216656292,-3.37498153953126,1,0,0,0,111.7,"Q1"
"1919",52,9.55704578489998,79,-3.20722520764823,-3.16934188974592,-2.99886216656292,-3.57666746350701,0,0,1,0,111.7,"Q1"
"1920",52,11.264669213,80,-3.63415455442469,-3.16934188974592,-2.99886216656292,-3.37498153953126,0,0,1,1,111.7,"Q1"
"1921",52,10.093777279,81,-3.63415455442469,-3.69514906712753,-3.63415455442469,-3.37498153953126,1,1,0,0,111.7,"Q1"
"1922",52,9.43188264189999,83,-3.42171901738295,-3.69514906712753,-3.47074844462327,-4.03666545063542,0,1,0,0,111.7,"Q2"
"1923",52,9.36288977040002,84,-3.42171901738295,-4.16893341921317,-2.99886216656292,-3.57666746350701,1,0,0,0,111.7,"Q2"
"1924",52,9.2887817983,85,-3.42171901738295,-3.16934188974592,-3.47074844462327,-3.57666746350701,1,1,0,0,111.7,"Q2"
"1925",52,10.140297295,86,-3.42171901738295,-3.16934188974592,-3.47074844462327,-3.7601069634023,0,1,0,0,111,"Q2"
"1926",52,8.93800657649997,88,-3.28758971741625,-3.16934188974592,-3.33033126579352,-3.7601069634023,0,1,1,0,111,"Q2"
"1927",52,9.10764297370002,89,-3.28758971741625,-3.69514906712753,-2.99886216656292,-3.7601069634023,1,0,0,0,111,"Q2"
"1928",52,9.12172771360001,90,-3.28758971741625,-3.69514906712753,-2.99886216656292,-4.03666545063542,0,0,1,0,111,"Q2"
"1929",52,8.79361207160002,91,-3.28758971741625,-3.16934188974592,-3.47074844462327,-3.28758971741625,0,0,1,0,111,"Q2"
"1930",52,9.97599424330003,92,-3.57666746350701,-3.7601069634023,-3.47074844462327,-3.57666746350701,1,1,1,1,111,"Q2"
"1931",52,9.84246285069996,93,-3.28758971741625,-3.90424086498609,-3.06360969595708,-3.90424086498609,0,1,0,0,111,"Q2"
"1932",52,10.7269609950001,94,-3.63415455442469,-3.47074844462327,-3.03071199245002,-3.28758971741625,0,0,1,1,111,"Q2"
"1933",52,9.65605130869996,96,-3.28758971741625,-3.69514906712753,-3.47074844462327,-3.28758971741625,1,1,0,0,111,"Q3"
"1934",52,8.6697425899,99,-3.28758971741625,-4.16893341921317,-3.37498153953126,-3.47074844462327,1,0,1,0,107.2,"Q3"
"1935",52,8.78385589659998,100,-3.28758971741625,-4.16893341921317,-3.37498153953126,-3.52230625428812,0,0,0,0,107.2,"Q3"
"1936",52,9.78650419709995,101,-3.28758971741625,-3.7601069634023,-3.28758971741625,-3.37498153953126,1,0,0,0,107.2,"Q3"
"1937",52,11.1923895680001,102,-3.90424086498609,-3.7601069634023,-3.10457105358814,-3.37498153953126,0,0,1,1,107.2,"Q3"
"1938",52,8.78385589659998,103,-3.28758971741625,-3.82957933621707,-3.10457105358814,-3.47074844462327,0,0,1,0,107.2,"Q3"
"1939",52,9.17616292019996,104,-3.28758971741625,-3.82957933621707,-3.47074844462327,-3.47074844462327,0,1,1,0,107.4,"Q3"
"1940",52,10.296610137,105,-3.47074844462327,-3.82957933621707,-3.10457105358814,-3.47074844462327,0,0,1,1,107.4,"Q3"
"1941",52,9.3462688892,106,-3.47074844462327,-3.7014582363208,-3.24660037288306,-3.63415455442469,1,1,1,0,107.4,"Q3"
"1942",52,9.54795481319998,107,-3.52230625428812,-3.7014582363208,-3.10457105358814,-3.63415455442469,0,0,1,0,107.4,"Q3"
"1943",52,10.033813814,108,-3.57666746350701,-3.7014582363208,-3.47074844462327,-3.47074844462327,0,1,0,0,116,"Q4"
"1944",52,9.26482855730004,109,-3.57666746350701,-3.7014582363208,-3.10457105358814,-3.46074836128869,1,0,0,0,116,"Q4"
"1945",52,11.738561906,110,-3.63415455442469,-3.7014582363208,-3.10457105358814,-3.37498153953126,0,0,1,1,116,"Q4"
"1946",52,9.07153796909997,111,-3.28758971741625,-3.7014582363208,-3.20722520764823,-3.47074844462327,0,1,1,0,116,"Q4"
"1947",52,10.51151248,112,-3.7601069634023,-3.7014582363208,-3.10457105358814,-3.47074844462327,0,0,0,0,116,"Q4"
"1948",52,9.46218799139997,115,-3.47074844462327,-3.7014582363208,-3.47074844462327,-3.47074844462327,0,1,1,0,127.3,"Q4"
"1949",52,9.42674124240004,116,-3.47074844462327,-3.7014582363208,-3.10457105358814,-3.90424086498609,1,0,0,0,127.3,"Q4"
"1950",52,9.28284706280001,117,-3.47074844462327,-3.7014582363208,-3.10457105358814,-3.69514906712753,0,0,0,0,131.5,"Q4"
"1951",52,9.00307016980004,118,-3.28758971741625,-3.7014582363208,-3.10457105358814,-3.52230625428812,1,0,0,0,131.5,"Q4"
"1952",52,9.114710141,119,-3.28758971741625,-3.7014582363208,-3.10457105358814,-3.63415455442469,0,0,1,0,131.5,"Q4"
"1953",52,9.96100145870002,120,-3.47074844462327,-3.7014582363208,-3.28758971741625,-3.63415455442469,1,0,1,1,131.5,"Q4"
"1954",52,9.88246818529995,121,-3.47074844462327,-3.7014582363208,-3.28758971741625,-3.57666746350701,0,0,0,0,135.1,"Q1"
"1955",52,9.30054663989996,122,-3.47074844462327,-3.7014582363208,-3.33033126579352,-3.7601069634023,0,1,1,0,135.1,"Q1"
"1956",52,8.77400360019999,125,-3.24660037288306,-3.7014582363208,-2.99886216656292,-3.47074844462327,0,0,0,0,135.1,"Q1"
"1957",52,8.82232217749998,126,-3.1328414875264,-3.7014582363208,-2.99886216656292,-3.7601069634023,0,0,1,0,134.7,"Q1"
"1958",52,9.42674124240004,127,-3.47074844462327,-3.7014582363208,-3.47074844462327,-4.16893341921317,0,1,0,0,134.7,"Q1"
"1959",52,11.429891622,128,-3.47074844462327,-3.7014582363208,-2.99886216656292,-3.28758971741625,0,0,1,1,134.7,"Q1"
"1960",52,9.24647941859996,129,-3.47074844462327,-3.7014582363208,-3.47074844462327,-3.47074844462327,0,1,1,0,134.7,"Q1"
"1961",52,8.97916464900004,130,-3.1328414875264,-3.7014582363208,-3.57666746350701,-3.63415455442469,1,0,0,0,134.7,"Q1"
"1962",52,10.177476298,131,-3.47074844462327,-3.7014582363208,-3.57666746350701,-3.69514906712753,0,0,1,1,134.7,"Q1"
"1963",52,9.43699774259998,132,-3.47074844462327,-3.7014582363208,-3.57666746350701,-3.69514906712753,0,1,0,0,134.7,"Q1"
"1964",52,8.9871968207,133,-3.1328414875264,-3.7014582363208,-3.1328414875264,-3.90424086498609,0,0,1,0,134.7,"Q1"
"1965",52,10.167696269,134,-3.47074844462327,-3.7014582363208,-3.24259235148552,-3.90424086498609,0,1,1,1,134.3,"Q2"
"1966",52,9.07153796909997,136,-3.1328414875264,-3.90424086498609,-3.04374149274035,-3.63415455442469,1,0,0,0,134.3,"Q2"
"1967",52,10.395252674,137,-3.42171901738295,-3.90424086498609,-3.04374149274035,-3.47074844462327,0,0,1,1,134.3,"Q2"
"1968",52,8.5656023306,138,-3.1328414875264,-3.47074844462327,-3.28758971741625,-3.33033126579352,0,1,1,0,134.3,"Q2"
"1969",52,8.92956770779998,139,-3.1328414875264,-3.47074844462327,-3.09762658123533,-3.47074844462327,0,1,1,0,126.2,"Q2"
"1970",52,8.88627090209996,140,-3.1328414875264,-3.42171901738295,-3.09762658123533,-3.47074844462327,0,0,0,0,126.2,"Q2"
"1971",52,10.43176009,141,-3.42171901738295,-3.63415455442469,-3.06360969595708,-3.28758971741625,0,0,1,1,126.2,"Q2"
"1972",52,8.92105701820002,142,-3.1328414875264,-3.63415455442469,-3.09762658123533,-3.47074844462327,0,0,1,0,126.2,"Q2"
"1973",52,8.26975694750001,143,-3.09762658123533,-3.63415455442469,-3.24660037288306,-3.28758971741625,0,1,1,0,118.5,"Q2"
"1974",52,8.76405326930003,144,-3.09762658123533,-3.42171901738295,-3.24660037288306,-3.36137588747548,0,0,0,0,118.5,"Q2"
"1975",52,8.64751945309997,145,-3.09762658123533,-3.42171901738295,-3.47074844462327,-3.36137588747548,0,1,1,0,118.5,"Q2"
"1976",52,8.68067166040002,146,-3.09762658123533,-3.47074844462327,-3.06360969595708,-3.47074844462327,0,1,1,0,118.5,"Q2"
"1977",52,8.92956770779998,149,-3.09762658123533,-3.42171901738295,-3.06360969595708,-3.42171901738295,0,0,0,0,115.5,"Q3"
"1978",52,9.88573083089996,150,-3.33033126579352,-3.63415455442469,-3.1328414875264,-3.42171901738295,0,1,1,1,115.5,"Q3"
"1979",52,8.89508153180002,151,-3.09762658123533,-3.7601069634023,-3.06360969595708,-3.42171901738295,1,0,0,0,115.5,"Q3"
"1980",52,10.987595155,153,-3.47074844462327,-3.42171901738295,-3.06360969595708,-3.28758971741625,0,0,1,1,114.5,"Q3"
"1981",52,10.495708815,154,-3.47074844462327,-3.52230625428812,-3.1328414875264,-3.47074844462327,0,1,1,1,114.5,"Q3"
"1982",52,10.132692695,155,-3.63415455442469,-3.90424086498609,-3.09762658123533,-3.47074844462327,0,1,1,0,114.5,"Q3"
"1983",52,9.84585843970004,156,-3.63415455442469,-3.42171901738295,-3.24660037288306,-3.47074844462327,0,1,1,0,112.5,"Q3"
"1984",52,10.52363384,157,-3.47074844462327,-3.42171901738295,-3.24660037288306,-3.28758971741625,0,0,1,1,112.5,"Q3"
"1985",52,9.07886400919999,158,-3.09762658123533,-3.42171901738295,-3.06360969595708,-3.69514906712753,0,0,1,0,112.5,"Q3"
"1986",52,8.8032739825,159,-3.16934188974592,-3.7601069634023,-3.1328414875264,-3.69514906712753,0,1,0,0,112.5,"Q3"
"1987",52,10.885116486,160,-3.37498153953126,-3.42171901738295,-3.06360969595708,-3.47074844462327,0,0,1,1,106.5,"Q4"
"1988",53,8.0709060888,42,-3.00515149547048,-3.16934188974592,-2.99886216656292,-3.52230625428812,0,0,1,0,160,"Q2"
"1989",53,7.9875244798,43,-3.00515149547048,-3.16934188974592,-2.99886216656292,-3.47074844462327,0,0,1,0,160.4,"Q3"
"1990",53,10.572342041,44,-3.20722520764823,-3.16934188974592,-2.99886216656292,-3.18432344336154,0,0,1,1,160.4,"Q3"
"1991",53,8.09070871610001,45,-3.00515149547048,-3.16934188974592,-2.99886216656292,-3.28758971741625,0,0,0,0,160.4,"Q3"
"1992",53,9.01091334729999,46,-3.00515149547048,-3.16934188974592,-3.09762658123533,-3.57666746350701,0,1,1,0,160.4,"Q3"
"1993",53,7.94307271730001,48,-3.00515149547048,-3.42171901738295,-2.99886216656292,-3.28758971741625,0,0,1,0,160.8,"Q3"
"1994",53,8.23642052730002,50,-3.00515149547048,-3.42171901738295,-3.1328414875264,-3.47074844462327,0,1,1,0,160.8,"Q3"
"1995",53,8.44934252449998,51,-3.00515149547048,-3.52230625428812,-3.1328414875264,-3.33033126579352,1,0,1,0,160.8,"Q3"
"1996",53,8.30201780980003,52,-3.00515149547048,-3.52230625428812,-3.1328414875264,-3.47074844462327,0,0,1,0,150.9,"Q3"
"1997",53,10.764181004,53,-3.37498153953126,-3.52230625428812,-2.99886216656292,-3.47074844462327,0,0,1,1,150.9,"Q3"
"1998",53,8.18423477410002,54,-3.00515149547048,-3.57666746350701,-2.99886216656292,-3.28758971741625,0,0,1,0,150.9,"Q3"
"1999",53,8.73359406190002,55,-3.00515149547048,-3.57666746350701,-2.99886216656292,-3.28758971741625,1,0,0,0,150.9,"Q3"
"2000",53,9.5660548548,56,-3.00515149547048,-3.57666746350701,-2.99886216656292,-3.47074844462327,0,1,1,0,147.2,"Q4"
"2001",53,10.596634733,57,-3.47074844462327,-3.16934188974592,-3.03071199245002,-3.47074844462327,0,0,1,1,147.2,"Q4"
"2002",53,8.39298958799997,58,-3.11835226293282,-3.94377170374273,-3.06360969595708,-3.47074844462327,1,1,0,0,147.2,"Q4"
"2003",53,10.770924118,60,-3.47074844462327,-3.69514906712753,-3.06360969595708,-3.47074844462327,1,0,1,1,120.9,"Q4"
"2004",53,10.761470976,62,-3.47074844462327,-4.16893341921317,-3.06360969595708,-3.16934188974592,0,0,1,1,120.9,"Q4"
"2005",53,9.6519445267,63,-3.47074844462327,-3.69514906712753,-3.06360969595708,-3.33033126579352,1,0,0,0,120.9,"Q4"
"2006",53,10.785600833,65,-3.47074844462327,-3.16934188974592,-3.16934188974592,-3.47074844462327,0,0,1,1,117.8,"Q4"
"2007",53,10.206255262,66,-3.47074844462327,-3.82957933621707,-3.16934188974592,-3.47074844462327,1,0,0,0,117.8,"Q4"
"2008",53,9.97301361520005,69,-3.47074844462327,-3.16934188974592,-3.52230625428812,-3.47074844462327,0,1,1,0,114.4,"Q1"
"2009",53,8.42156296040003,70,-3.20722520764823,-4.16893341921317,-3.20722520764823,-3.24660037288306,1,0,1,0,114.4,"Q1"
"2010",53,8.62479120200004,71,-3.20722520764823,-3.16934188974592,-3.20722520764823,-3.63415455442469,0,0,1,0,114.4,"Q1"
"2011",53,10.948980319,72,-3.47074844462327,-3.16934188974592,-2.99886216656292,-3.63415455442469,0,0,1,1,114.4,"Q1"
"2012",53,8.97916464900004,73,-3.20722520764823,-3.7601069634023,-2.99886216656292,-3.47074844462327,1,0,0,0,114.4,"Q1"
"2013",53,9.01869548770001,74,-3.24660037288306,-3.7601069634023,-3.24660037288306,-3.47074844462327,0,0,1,0,114.4,"Q1"
"2014",53,8.51559191000002,75,-3.24660037288306,-3.16934188974592,-3.16934188974592,-3.7601069634023,0,0,1,0,114.4,"Q1"
"2015",53,9.74237939209997,76,-3.24660037288306,-3.16934188974592,-2.99886216656292,-3.7601069634023,0,0,1,0,114.4,"Q1"
"2016",53,10.427979367,77,-3.47074844462327,-3.47074844462327,-2.99886216656292,-3.37498153953126,1,0,1,1,114.4,"Q1"
"2017",53,8.42156296040003,78,-3.20722520764823,-4.07270538711862,-2.99886216656292,-3.37498153953126,1,0,0,0,111.7,"Q1"
"2018",53,9.90827606929997,79,-3.20722520764823,-3.16934188974592,-2.99886216656292,-3.57666746350701,0,0,1,0,111.7,"Q1"
"2019",53,10.263676316,81,-3.63415455442469,-3.69514906712753,-3.63415455442469,-3.37498153953126,1,1,0,0,111.7,"Q1"
"2020",53,9.72722758709997,82,-3.20722520764823,-3.69514906712753,-3.70780746399946,-3.29178259567629,0,1,1,1,111.7,"Q2"
"2021",53,9.39532504620004,83,-3.42171901738295,-3.69514906712753,-3.47074844462327,-4.03666545063542,0,1,0,0,111.7,"Q2"
"2022",53,9.01869548770001,84,-3.42171901738295,-4.16893341921317,-2.99886216656292,-3.57666746350701,1,0,0,0,111.7,"Q2"
"2023",53,9.25263328419997,85,-3.42171901738295,-3.16934188974592,-3.47074844462327,-3.57666746350701,1,1,0,0,111.7,"Q2"
"2024",53,10.525353531,86,-3.42171901738295,-3.16934188974592,-3.47074844462327,-3.7601069634023,0,1,0,0,111,"Q2"
"2025",53,9.0567228833,88,-3.28758971741625,-3.16934188974592,-3.33033126579352,-3.7601069634023,0,1,1,0,111,"Q2"
"2026",53,9.21512888869999,89,-3.28758971741625,-3.69514906712753,-2.99886216656292,-3.7601069634023,1,0,0,0,111,"Q2"
"2027",53,9.01869548770001,90,-3.28758971741625,-3.69514906712753,-2.99886216656292,-4.03666545063542,0,0,1,0,111,"Q2"
"2028",53,8.82232217749998,91,-3.28758971741625,-3.28758971741625,-3.47074844462327,-3.28758971741625,0,0,1,0,111,"Q2"
"2029",53,9.90827606929997,92,-3.57666746350701,-3.7601069634023,-3.47074844462327,-3.57666746350701,1,1,1,1,111,"Q2"
"2030",53,8.16621626860002,96,-3.28758971741625,-3.69514906712753,-3.47074844462327,-3.28758971741625,1,1,0,0,111,"Q3"
"2031",53,8.64751945309997,97,-3.28758971741625,-3.69514906712753,-3.47074844462327,-3.47074844462327,0,0,1,0,111,"Q3"
"2032",53,8.37839078850004,98,-3.28758971741625,-3.47074844462327,-3.0672382946433,-3.47074844462327,0,1,1,0,111,"Q3"
"2033",53,7.9875244798,99,-3.28758971741625,-4.16893341921317,-3.37498153953126,-3.47074844462327,1,0,1,0,107.2,"Q3"
"2034",53,8.54090971799997,100,-3.28758971741625,-4.16893341921317,-3.37498153953126,-3.52230625428812,0,0,0,0,107.2,"Q3"
"2035",53,9.9579757378,101,-3.28758971741625,-3.7601069634023,-3.28758971741625,-3.37498153953126,1,0,0,0,107.2,"Q3"
"2036",53,8.52833093580003,103,-3.28758971741625,-3.82957933621707,-3.10457105358814,-3.47074844462327,0,0,1,0,107.2,"Q3"
"2037",53,8.40737832540001,104,-3.28758971741625,-3.82957933621707,-3.47074844462327,-3.47074844462327,0,1,1,0,107.4,"Q3"
"2038",53,10.788246337,105,-3.47074844462327,-3.82957933621707,-3.10457105358814,-3.47074844462327,0,0,1,1,107.4,"Q3"
"2039",53,9.30637756020002,106,-3.47074844462327,-3.7014582363208,-3.24660037288306,-3.63415455442469,1,1,1,0,107.4,"Q3"
"2040",53,9.79723775270002,107,-3.52230625428812,-3.7014582363208,-3.10457105358814,-3.63415455442469,0,0,1,0,107.4,"Q3"
"2041",53,10.114720453,108,-3.57666746350701,-3.7014582363208,-3.47074844462327,-3.47074844462327,0,1,0,0,116,"Q4"
"2042",53,9.83905569240002,109,-3.57666746350701,-3.7014582363208,-3.10457105358814,-3.46074836128869,1,0,0,0,116,"Q4"
"2043",53,9.01869548770001,111,-3.28758971741625,-3.7014582363208,-3.20722520764823,-3.47074844462327,0,1,1,0,116,"Q4"
"2044",53,8.31776616669999,113,-3.28758971741625,-3.7014582363208,-3.10457105358814,-3.47074844462327,1,0,0,0,127.3,"Q4"
"2045",53,8.63621989780004,114,-3.28758971741625,-3.7014582363208,-3.10457105358814,-3.48084954060977,0,0,1,0,127.3,"Q4"
"2046",53,9.3350328159,115,-3.47074844462327,-3.7014582363208,-3.47074844462327,-3.47074844462327,0,1,1,0,127.3,"Q4"
"2047",53,9.41637845540003,116,-3.47074844462327,-3.7014582363208,-3.10457105358814,-3.90424086498609,1,0,0,0,127.3,"Q4"
"2048",53,9.26482855730004,117,-3.47074844462327,-3.7014582363208,-3.10457105358814,-3.69514906712753,0,0,0,0,131.5,"Q4"
"2049",53,8.12917499690002,118,-3.28758971741625,-3.7014582363208,-3.10457105358814,-3.52230625428812,1,0,0,0,131.5,"Q4"
"2050",53,8.70217786560003,119,-3.28758971741625,-3.7014582363208,-3.10457105358814,-3.63415455442469,0,0,1,0,131.5,"Q4"
"2051",53,10.206255262,120,-3.47074844462327,-3.7014582363208,-3.28758971741625,-3.63415455442469,1,0,1,1,131.5,"Q4"
"2052",53,9.15609535709998,122,-3.47074844462327,-3.7014582363208,-3.33033126579352,-3.7601069634023,0,1,1,0,135.1,"Q1"
"2053",53,9.79723775270002,123,-3.24660037288306,-3.7014582363208,-3.33033126579352,-3.7601069634023,0,0,1,1,135.1,"Q1"
"2054",53,9.24647941859996,124,-3.24660037288306,-3.7014582363208,-2.99886216656292,-3.47074844462327,0,0,1,1,135.1,"Q1"
"2055",53,8.81284343350004,125,-3.24660037288306,-3.7014582363208,-2.99886216656292,-3.47074844462327,0,0,0,0,135.1,"Q1"
"2056",53,8.88627090209996,126,-3.1328414875264,-3.7014582363208,-2.99886216656292,-3.7601069634023,0,0,1,0,134.7,"Q1"
"2057",53,9.114710141,127,-3.47074844462327,-3.7014582363208,-3.47074844462327,-4.16893341921317,0,1,0,0,134.7,"Q1"
"2058",53,11.702685951,128,-3.47074844462327,-3.7014582363208,-2.99886216656292,-3.28758971741625,0,0,1,1,134.7,"Q1"
"2059",53,9.39532504620004,129,-3.47074844462327,-3.7014582363208,-3.47074844462327,-3.47074844462327,0,1,1,0,134.7,"Q1"
"2060",53,9.27687689579999,130,-3.1328414875264,-3.7014582363208,-3.57666746350701,-3.63415455442469,1,0,0,0,134.7,"Q1"
"2061",53,10.135233993,131,-3.47074844462327,-3.7014582363208,-3.57666746350701,-3.69514906712753,0,0,1,1,134.7,"Q1"
"2062",53,9.31217467790004,132,-3.47074844462327,-3.7014582363208,-3.57666746350701,-3.69514906712753,0,1,0,0,134.7,"Q1"
"2063",53,10.44114983,134,-3.47074844462327,-3.7014582363208,-3.24259235148552,-3.90424086498609,0,1,1,1,134.3,"Q2"
"2064",53,8.68067166040002,136,-3.1328414875264,-3.90424086498609,-3.04374149274035,-3.63415455442469,1,0,0,0,134.3,"Q2"
"2065",53,10.187161604,137,-3.42171901738295,-3.90424086498609,-3.04374149274035,-3.47074844462327,0,0,1,1,134.3,"Q2"
"2066",53,8.3635757028,138,-3.1328414875264,-3.47074844462327,-3.28758971741625,-3.33033126579352,0,1,1,0,134.3,"Q2"
"2067",53,9.02641753380003,139,-3.1328414875264,-3.47074844462327,-3.09762658123533,-3.47074844462327,0,1,1,0,126.2,"Q2"
"2068",53,8.8032739825,140,-3.1328414875264,-3.42171901738295,-3.09762658123533,-3.47074844462327,0,0,0,0,126.2,"Q2"
"2069",53,10.474241085,141,-3.42171901738295,-3.63415455442469,-3.06360969595708,-3.28758971741625,0,0,1,1,126.2,"Q2"
"2070",53,8.37839078850004,142,-3.1328414875264,-3.63415455442469,-3.09762658123533,-3.47074844462327,0,0,1,0,126.2,"Q2"
"2071",53,8.18423477410002,143,-3.09762658123533,-3.63415455442469,-3.24660037288306,-3.28758971741625,0,1,1,0,118.5,"Q2"
"2072",53,9.44208681210002,145,-3.09762658123533,-3.42171901738295,-3.47074844462327,-3.36137588747548,0,1,1,0,118.5,"Q2"
"2073",53,8.93800657649997,146,-3.09762658123533,-3.47074844462327,-3.06360969595708,-3.47074844462327,0,1,1,0,118.5,"Q2"
"2074",53,9.79367268650004,147,-3.46024089683672,-3.47074844462327,-3.16934188974592,-3.47074844462327,0,0,1,1,115.5,"Q3"
"2075",53,9.01869548770001,149,-3.09762658123533,-3.42171901738295,-3.06360969595708,-3.42171901738295,0,0,0,0,115.5,"Q3"
"2076",53,10.987595155,150,-3.33033126579352,-3.63415455442469,-3.1328414875264,-3.42171901738295,0,1,1,1,115.5,"Q3"
"2077",53,8.79361207160002,151,-3.09762658123533,-3.7601069634023,-3.06360969595708,-3.42171901738295,1,0,0,0,115.5,"Q3"
"2078",53,11.396661275,153,-3.47074844462327,-3.42171901738295,-3.06360969595708,-3.28758971741625,0,0,1,1,114.5,"Q3"
"2079",53,10.276980281,154,-3.47074844462327,-3.52230625428812,-3.1328414875264,-3.47074844462327,0,1,1,1,114.5,"Q3"
"2080",53,10.655658074,155,-3.63415455442469,-3.90424086498609,-3.09762658123533,-3.47074844462327,0,1,1,0,114.5,"Q3"
"2081",53,10.011085563,156,-3.63415455442469,-3.42171901738295,-3.24660037288306,-3.47074844462327,0,1,1,0,112.5,"Q3"
"2082",53,10.810454957,157,-3.47074844462327,-3.35240721749272,-3.24660037288306,-3.2188758248682,0,0,1,1,112.5,"Q3"
"2083",53,9.18276360419998,158,-3.09762658123533,-3.35240721749272,-2.99886216656292,-3.69514906712753,0,0,1,0,112.5,"Q3"
"2084",53,8.70217786560003,159,-3.16934188974592,-3.7601069634023,-3.1328414875264,-3.69514906712753,0,1,0,0,112.5,"Q3"
"2085",53,11.253947461,160,-3.37498153953126,-3.35240721749272,-2.99573227355399,-3.47074844462327,0,0,1,1,106.5,"Q4"
"2086",54,8.37839078850004,42,-3.06360969595708,-3.24660037288306,-3.01148063052213,-3.52230625428812,0,0,1,0,160,"Q2"
"2087",54,8.16621626860002,43,-3.06360969595708,-3.24660037288306,-3.01148063052213,-3.47074844462327,0,0,1,0,160.4,"Q3"
"2088",54,10.028179996,44,-3.20722520764823,-3.24660037288306,-3.01148063052213,-3.25062452318278,0,0,1,1,160.4,"Q3"
"2089",54,8.20193435119999,45,-3.06360969595708,-3.24660037288306,-3.01148063052213,-3.28758971741625,0,0,0,0,160.4,"Q3"
"2090",54,9.57052913519997,47,-3.28758971741625,-3.42171901738295,-3.09762658123533,-3.25062452318278,1,0,1,1,160.8,"Q3"
"2091",54,8.18423477410002,48,-3.06360969595708,-3.42171901738295,-3.01148063052213,-3.28758971741625,0,0,1,0,160.8,"Q3"
"2092",54,8.3635757028,50,-3.06360969595708,-3.42171901738295,-3.1328414875264,-3.47074844462327,0,1,1,0,160.8,"Q3"
"2093",54,8.28601746839997,52,-3.06360969595708,-3.52230625428812,-3.1328414875264,-3.47074844462327,0,0,1,0,150.9,"Q3"
"2094",54,9.70795916829995,53,-3.37498153953126,-3.52230625428812,-3.01148063052213,-3.47074844462327,0,0,1,1,150.9,"Q3"
"2095",54,8.0709060888,54,-3.06360969595708,-3.57666746350701,-3.01148063052213,-3.29178259567629,0,0,1,0,150.9,"Q3"
"2096",54,8.00903068509998,55,-3.06360969595708,-3.57666746350701,-3.01148063052213,-3.29178259567629,1,0,0,0,150.9,"Q3"
"2097",54,8.95467362900003,56,-3.06360969595708,-3.57666746350701,-3.01148063052213,-3.47074844462327,0,1,1,0,147.2,"Q4"
"2098",54,9.83220635050002,57,-3.47074844462327,-3.24660037288306,-3.02748097186857,-3.47074844462327,0,0,1,1,147.2,"Q4"
"2099",54,8.25322764560004,58,-3.13582543557632,-3.94377170374273,-3.06360969595708,-3.47074844462327,1,1,0,0,147.2,"Q4"
"2100",54,7.96554557310002,59,-3.06360969595708,-3.69514906712753,-3.06360969595708,-3.47074844462327,0,0,1,0,147.2,"Q4"
"2101",54,9.79723775270002,60,-3.47074844462327,-3.69514906712753,-3.06360969595708,-3.47074844462327,1,0,1,1,120.9,"Q4"
"2102",54,8.00903068509998,61,-3.06360969595708,-3.90424086498609,-3.06360969595708,-3.47074844462327,0,1,1,0,120.9,"Q4"
"2103",54,10.005321858,62,-3.47074844462327,-4.16893341921317,-3.06360969595708,-3.2188758248682,0,0,1,1,120.9,"Q4"
"2104",54,9.0861367685,63,-3.47074844462327,-3.69514906712753,-3.06360969595708,-3.33033126579352,1,0,0,0,120.9,"Q4"
"2105",54,9.12172771360001,64,-3.06360969595708,-3.24660037288306,-3.06360969595708,-3.47074844462327,1,0,1,0,120.9,"Q4"
"2106",54,9.0567228833,69,-3.47074844462327,-3.37498153953126,-3.52230625428812,-3.47074844462327,0,1,1,0,114.4,"Q1"
"2107",54,8.16621626860002,70,-3.2587217334154,-4.16893341921317,-3.20722520764823,-3.30022146432215,1,0,1,0,114.4,"Q1"
"2108",54,8.86841328469997,71,-3.2587217334154,-3.37498153953126,-3.20722520764823,-3.63415455442469,0,0,1,0,114.4,"Q1"
"2109",54,10.088472227,72,-3.47074844462327,-3.37498153953126,-3.01148063052213,-3.63415455442469,0,0,1,1,114.4,"Q1"
"2110",54,8.47637119690002,73,-3.2587217334154,-3.7601069634023,-3.01148063052213,-3.47074844462327,1,0,0,0,114.4,"Q1"
"2111",54,8.28601746839997,74,-3.27925633585711,-3.7601069634023,-3.24660037288306,-3.47074844462327,0,0,1,0,114.4,"Q1"
"2112",54,8.20193435119999,75,-3.27925633585711,-3.37498153953126,-3.16934188974592,-3.7601069634023,0,0,1,0,114.4,"Q1"
"2113",54,8.62479120200004,76,-3.27925633585711,-3.37498153953126,-3.01148063052213,-3.7601069634023,0,0,1,0,114.4,"Q1"
"2114",54,9.62694322449997,77,-3.47074844462327,-3.47074844462327,-3.01148063052213,-3.37498153953126,1,0,1,1,114.4,"Q1"
"2115",54,8.00903068509998,78,-3.2587217334154,-4.07270538711862,-3.01148063052213,-3.37498153953126,1,0,0,0,111.7,"Q1"
"2116",54,8.64751945309997,79,-3.2587217334154,-3.37498153953126,-3.01148063052213,-3.57666746350701,0,0,1,0,111.7,"Q1"
"2117",54,10.708533826,80,-3.63415455442469,-3.37498153953126,-3.01148063052213,-3.37498153953126,0,0,1,1,111.7,"Q1"
"2118",54,9.6803440012,81,-3.63415455442469,-3.69514906712753,-3.63415455442469,-3.37498153953126,1,1,0,0,111.7,"Q1"
"2119",54,8.74385056200001,83,-3.42171901738295,-3.69514906712753,-3.47074844462327,-4.03666545063542,0,1,0,0,111.7,"Q2"
"2120",54,8.48961642359998,84,-3.42171901738295,-4.16893341921317,-3.01148063052213,-3.57666746350701,1,0,0,0,111.7,"Q2"
"2121",54,8.70217786560003,85,-3.42171901738295,-3.37498153953126,-3.47074844462327,-3.57666746350701,1,1,0,0,111.7,"Q2"
"2122",54,9.71571114510001,86,-3.42171901738295,-3.37498153953126,-3.47074844462327,-3.7601069634023,0,1,0,0,111,"Q2"
"2123",54,8.61323037960001,88,-3.34351827007548,-3.37498153953126,-3.33033126579352,-3.7601069634023,0,1,1,0,111,"Q2"
"2124",54,8.18423477410002,89,-3.34351827007548,-3.69514906712753,-3.01148063052213,-3.7601069634023,1,0,0,0,111,"Q2"
"2125",54,8.42156296040003,90,-3.34351827007548,-3.69514906712753,-3.01148063052213,-4.03666545063542,0,0,1,0,111,"Q2"
"2126",54,7.94307271730001,91,-3.34351827007548,-3.42171901738295,-3.47074844462327,-3.34351827007548,0,0,1,0,111,"Q2"
"2127",54,9.51074121679997,92,-3.63415455442469,-3.81529337896959,-3.47074844462327,-3.63415455442469,1,1,1,1,111,"Q2"
"2128",54,9.23405689859997,93,-3.34351827007548,-3.90424086498609,-3.06360969595708,-3.90424086498609,0,1,0,0,111,"Q2"
"2129",54,10.175040243,94,-3.63415455442469,-3.52230625428812,-3.03071199245002,-3.34351827007548,0,0,1,1,111,"Q2"
"2130",54,8.86841328469997,95,-3.63415455442469,-3.52230625428812,-3.47074844462327,-3.34351827007548,0,0,1,0,111,"Q3"
"2131",54,7.76980099600004,96,-3.34351827007548,-3.69514906712753,-3.47074844462327,-3.34351827007548,1,1,0,0,111,"Q3"
"2132",54,7.79646924310001,97,-3.34351827007548,-3.69514906712753,-3.47074844462327,-3.47074844462327,0,0,1,0,111,"Q3"
"2133",54,8.00903068509998,98,-3.34351827007548,-3.52230625428812,-3.08235653639106,-3.47074844462327,0,1,1,0,111,"Q3"
"2134",54,7.87245515010004,99,-3.34351827007548,-4.16893341921317,-3.37498153953126,-3.47074844462327,1,0,1,0,107.2,"Q3"
"2135",54,8.18423477410002,100,-3.34351827007548,-4.16893341921317,-3.37498153953126,-3.52230625428812,0,0,0,0,107.2,"Q3"
"2136",54,9.41115651140004,101,-3.34351827007548,-3.7601069634023,-3.28758971741625,-3.37498153953126,1,0,0,0,107.2,"Q3"
"2137",54,11.018497987,102,-3.90424086498609,-3.7601069634023,-3.14728217168119,-3.37498153953126,0,0,1,1,107.2,"Q3"
"2138",54,8.44934252449998,103,-3.34351827007548,-3.82957933621707,-3.14728217168119,-3.47074844462327,0,0,1,0,107.2,"Q3"
"2139",54,8.33327035329998,104,-3.34351827007548,-3.82957933621707,-3.47074844462327,-3.47074844462327,0,1,1,0,107.4,"Q3"
"2140",54,9.45720044990004,105,-3.47074844462327,-3.82957933621707,-3.14728217168119,-3.47074844462327,0,0,1,1,107.4,"Q3"
"2141",54,8.78385589659998,106,-3.4950597056158,-3.69514906712753,-3.15992449163035,-3.63650192272382,1,1,1,0,107.4,"Q3"
"2142",54,8.84101431049997,107,-3.54203496187833,-3.69514906712753,-3.14728217168119,-3.60656560927213,0,0,1,0,107.4,"Q3"
"2143",54,9.20230820029997,108,-3.57666746350701,-3.7014582363208,-3.47074844462327,-3.46074836128869,0,1,0,0,116,"Q4"
"2144",54,9.04168500589999,109,-3.52733355445619,-3.7601069634023,-3.14728217168119,-3.44593327550355,1,0,0,0,116,"Q4"
"2145",54,8.46294817659997,111,-3.35145818510931,-3.52230625428812,-3.20722520764823,-3.47074844462327,0,1,1,0,116,"Q4"
"2146",54,8.26975694750001,113,-3.36790237549802,-3.63415455442469,-3.14728217168119,-3.48084954060977,1,0,0,0,127.3,"Q4"
"2147",54,8.84101431049997,114,-3.43402028563232,-3.61076167484998,-3.14728217168119,-3.47111864218316,0,0,1,0,127.3,"Q4"
"2148",54,8.99516499030001,115,-3.47074844462327,-3.52230625428812,-3.47074844462327,-3.86621346939685,0,1,1,0,127.3,"Q4"
"2149",54,8.72323127479999,116,-3.47074844462327,-3.75341797525151,-3.19567885946897,-3.78731952692719,1,0,0,0,127.3,"Q4"
"2150",54,8.71275997499997,117,-3.45112842854084,-3.69514906712753,-3.14728217168119,-3.68887945411394,0,0,0,0,131.5,"Q4"
"2151",54,8.20193435119999,118,-3.34351827007548,-3.69514906712753,-3.14728217168119,-3.53534440146049,1,0,0,0,131.5,"Q4"
"2152",54,8.31776616669999,119,-3.40946307759989,-3.67645693411538,-3.16339554191369,-3.63415455442469,0,0,1,0,131.5,"Q4"
"2153",54,9.74987006390004,120,-3.47074844462327,-3.63415455442469,-3.28758971741625,-3.60816306572191,1,0,1,1,131.5,"Q4"
"2154",54,9.29468152039999,121,-3.47074844462327,-3.63415455442469,-3.30573323916524,-3.66161820962634,0,0,0,0,135.1,"Q1"
"2155",54,8.70217786560003,122,-3.3999164803666,-3.59356927430961,-3.33033126579352,-3.7601069634023,0,1,1,0,135.1,"Q1"
"2156",54,9.12172771360001,123,-3.24660037288306,-3.57666746350701,-3.27102447180757,-3.73902855281679,0,0,1,1,135.1,"Q1"
"2157",54,8.31776616669999,125,-3.23023440498907,-3.90424086498609,-3.06360969595708,-3.65820987483892,0,0,0,0,135.1,"Q1"
"2158",54,8.5026885052,126,-3.36573788012086,-3.85877849090933,-3.06360969595708,-3.7601069634023,0,0,1,0,134.7,"Q1"
"2159",54,8.74385056200001,129,-3.38448157251433,-3.66418684152356,-3.47074844462327,-3.6282548322975,0,1,1,0,134.7,"Q1"
"2160",54,8.70217786560003,130,-3.33412211640736,-3.83679958419056,-3.57666746350701,-3.71419726209823,1,0,0,0,134.7,"Q1"
"2161",54,9.6353466353,131,-3.47074844462327,-3.76684099558365,-3.57666746350701,-3.69514906712753,0,0,1,1,134.7,"Q1"
"2162",54,8.87738195470003,132,-3.41216383095886,-3.69514906712753,-3.35004340492886,-3.78731952692719,0,1,0,0,134.7,"Q1"
"2163",54,8.20193435119999,133,-3.25431269419626,-3.64605945693101,-3.10715393422891,-3.90424086498609,0,0,1,0,134.7,"Q1"
"2164",54,9.77201118969998,134,-3.47074844462327,-3.52230625428812,-3.24259235148552,-3.86621346939685,0,1,1,1,134.3,"Q2"
"2165",54,8.3635757028,135,-3.35954432329115,-3.82957933621707,-3.18929772669632,-3.63415455442469,0,0,0,0,134.3,"Q2"
"2166",54,8.52833093580003,136,-3.18055696056606,-3.90424086498609,-3.07707791300794,-3.6282548322975,1,0,0,0,134.3,"Q2"
"2167",54,9.71571114510001,137,-3.47074844462327,-3.81529337896959,-3.19844120859364,-3.57666746350701,0,0,1,1,134.3,"Q2"
"2168",54,8.05070338149999,138,-3.18055696056606,-3.52230625428812,-3.35240721749272,-3.57666746350701,0,1,1,0,134.3,"Q2"
"2169",54,8.23642052730002,139,-3.18055696056606,-3.50655789731998,-3.09762658123533,-3.57666746350701,0,1,1,0,126.2,"Q2"
"2170",54,8.33327035329998,140,-3.18055696056606,-3.47074844462327,-3.09140617189588,-3.57666746350701,0,0,0,0,126.2,"Q2"
"2171",54,9.70014662849998,141,-3.47074844462327,-3.6400892899445,-3.06360969595708,-3.57666746350701,0,0,1,1,126.2,"Q2"
"2172",54,7.92008319910002,142,-3.17758649796474,-3.63415455442469,-3.09762658123533,-3.57666746350701,0,0,1,0,126.2,"Q2"
"2173",54,8.21932609390002,143,-3.16934188974592,-3.6223897128451,-3.24660037288306,-3.57666746350701,0,1,1,0,118.5,"Q2"
"2174",54,8.34853782539999,144,-3.16934188974592,-3.47074844462327,-3.34834303604933,-3.57666746350701,0,0,0,0,118.5,"Q2"
"2175",54,8.16621626860002,145,-3.16934188974592,-3.47074844462327,-3.47074844462327,-3.57666746350701,0,1,1,0,118.5,"Q2"
"2176",54,8.31776616669999,146,-3.26070017835323,-3.47074844462327,-3.09025353123922,-3.57666746350701,0,1,1,0,118.5,"Q2"
"2177",54,9.14248970509999,147,-3.47074844462327,-3.60499797013323,-3.16934188974592,-3.57666746350701,0,0,1,1,115.5,"Q3"
"2178",54,8.12917499690002,149,-3.16934188974592,-3.52761130651781,-3.0821240585304,-3.57666746350701,0,0,0,0,115.5,"Q3"
"2179",54,10.130144923,150,-3.33033126579352,-3.63415455442469,-3.1328414875264,-3.57666746350701,0,1,1,1,115.5,"Q3"
"2180",54,8.3635757028,151,-3.17590806135775,-3.7601069634023,-3.07638916096396,-3.59356927430961,1,0,0,0,115.5,"Q3"
"2181",54,10.499242387,153,-3.47074844462327,-3.48593861011725,-3.06360969595708,-3.57666746350701,0,0,1,1,114.5,"Q3"
"2182",54,9.95494083409999,154,-3.4980737893613,-3.85139838361171,-3.1328414875264,-3.57666746350701,0,1,1,1,114.5,"Q3"
"2183",54,9.12869638290002,156,-3.58688263976158,-3.51702919718728,-3.24660037288306,-3.64605945693101,0,1,1,0,112.5,"Q3"
"2184",54,10.044987115,157,-3.60833472724236,-3.54369744426944,-3.18063761344248,-3.57666746350701,0,0,1,1,112.5,"Q3"
"2185",54,8.40737832540001,158,-3.20581044981684,-3.58226971905568,-3.13643215565713,-3.69514906712753,0,0,1,0,112.5,"Q3"
"2186",54,8.28601746839997,159,-3.28647878861744,-3.7601069634023,-3.13643215565713,-3.72359410316026,0,1,0,0,112.5,"Q3"
"2187",54,10.359392257,160,-3.37498153953126,-3.60499797013323,-3.13643215565713,-3.57666746350701,0,0,1,1,106.5,"Q4"
"2188",56,7.56008046500001,40,-3.06360969595708,-3.69514906712753,-3.16934188974592,-3.54369744426944,1,1,1,0,160,"Q2"
"2189",56,8.40737832540001,42,-3.06360969595708,-3.24660037288306,-3.01148063052213,-3.52230625428812,0,0,1,0,160,"Q2"
"2190",56,8.14786712990004,43,-3.06360969595708,-3.24660037288306,-3.01148063052213,-3.47074844462327,0,0,1,0,160.4,"Q3"
"2191",56,10.353288474,44,-3.20722520764823,-3.24660037288306,-3.01148063052213,-3.25062452318278,0,0,1,1,160.4,"Q3"
"2192",56,7.96554557310002,48,-3.06360969595708,-3.42171901738295,-3.01148063052213,-3.28758971741625,0,0,1,0,160.8,"Q3"
"2193",56,7.79646924310001,50,-3.06360969595708,-3.42171901738295,-3.1328414875264,-3.47074844462327,0,1,1,0,160.8,"Q3"
"2194",56,7.9875244798,52,-3.06360969595708,-3.52230625428812,-3.1328414875264,-3.47074844462327,0,0,1,0,150.9,"Q3"
"2195",56,9.76835487850003,53,-3.37498153953126,-3.52230625428812,-3.01148063052213,-3.47074844462327,0,0,1,1,150.9,"Q3"
"2196",56,7.84776253750002,54,-3.06360969595708,-3.57666746350701,-3.01148063052213,-3.29178259567629,0,0,1,0,150.9,"Q3"
"2197",56,7.9875244798,55,-3.06360969595708,-3.57666746350701,-3.01148063052213,-3.29178259567629,1,0,0,0,150.9,"Q3"
"2198",56,9.21512888869999,56,-3.06360969595708,-3.57666746350701,-3.01148063052213,-3.47074844462327,0,1,1,0,147.2,"Q4"
"2199",56,10.036618865,57,-3.47074844462327,-3.24660037288306,-3.02748097186857,-3.47074844462327,0,0,1,1,147.2,"Q4"
"2200",56,8.44934252449998,58,-3.14940930923502,-3.94377170374273,-3.06360969595708,-3.47074844462327,1,1,0,0,147.2,"Q4"
"2201",56,7.87245515010004,59,-3.06360969595708,-3.69514906712753,-3.06360969595708,-3.47074844462327,0,0,1,0,147.2,"Q4"
"2202",56,9.84585843970004,60,-3.47074844462327,-3.69514906712753,-3.06360969595708,-3.47074844462327,1,0,1,1,120.9,"Q4"
"2203",56,7.82244472949999,61,-3.06360969595708,-3.90424086498609,-3.06360969595708,-3.47074844462327,0,1,1,0,120.9,"Q4"
"2204",56,10.061516417,62,-3.47074844462327,-4.16893341921317,-3.06360969595708,-3.2188758248682,0,0,1,1,120.9,"Q4"
"2205",56,8.76405326930003,63,-3.47074844462327,-3.69514906712753,-3.06360969595708,-3.33033126579352,1,0,0,0,120.9,"Q4"
"2206",56,9.18932100480001,64,-3.06360969595708,-3.24660037288306,-3.06360969595708,-3.47074844462327,1,0,1,0,120.9,"Q4"
"2207",56,9.27087087170001,69,-3.47074844462327,-3.37498153953126,-3.52230625428812,-3.47074844462327,0,1,1,0,114.4,"Q1"
"2208",56,8.20193435119999,70,-3.2587217334154,-4.16893341921317,-3.20722520764823,-3.30022146432215,1,0,1,0,114.4,"Q1"
"2209",56,8.61323037960001,71,-3.2587217334154,-3.37498153953126,-3.20722520764823,-3.63415455442469,0,0,1,0,114.4,"Q1"
"2210",56,10.206255262,72,-3.47074844462327,-3.37498153953126,-3.01148063052213,-3.63415455442469,0,0,1,1,114.4,"Q1"
"2211",56,8.09070871610001,73,-3.2587217334154,-3.7601069634023,-3.01148063052213,-3.47074844462327,1,0,0,0,114.4,"Q1"
"2212",56,8.21932609390002,74,-3.27925633585711,-3.7601069634023,-3.24660037288306,-3.47074844462327,0,0,1,0,114.4,"Q1"
"2213",56,8.20193435119999,75,-3.27925633585711,-3.37498153953126,-3.16934188974592,-3.7601069634023,0,0,1,0,114.4,"Q1"
"2214",56,8.64751945309997,76,-3.27925633585711,-3.37498153953126,-3.01148063052213,-3.7601069634023,0,0,1,0,114.4,"Q1"
"2215",56,9.71956471440003,77,-3.47074844462327,-3.47074844462327,-3.01148063052213,-3.37498153953126,1,0,1,1,114.4,"Q1"
"2216",56,8.43554920239998,78,-3.2587217334154,-4.07270538711862,-3.01148063052213,-3.37498153953126,1,0,0,0,111.7,"Q1"
"2217",56,9.114710141,79,-3.2587217334154,-3.37498153953126,-3.01148063052213,-3.57666746350701,0,0,1,0,111.7,"Q1"
"2218",56,10.833444475,80,-3.63415455442469,-3.37498153953126,-3.01148063052213,-3.37498153953126,0,0,1,1,111.7,"Q1"
"2219",56,9.77565418099996,81,-3.63415455442469,-3.69514906712753,-3.63415455442469,-3.37498153953126,1,1,0,0,111.7,"Q1"
"2220",56,8.46294817659997,83,-3.42171901738295,-3.69514906712753,-3.47074844462327,-4.03666545063542,0,1,0,0,111.7,"Q2"
"2221",56,8.47637119690002,84,-3.42171901738295,-4.16893341921317,-3.01148063052213,-3.57666746350701,1,0,0,0,111.7,"Q2"
"2222",56,8.61323037960001,85,-3.42171901738295,-3.37498153953126,-3.47074844462327,-3.57666746350701,1,1,0,0,111.7,"Q2"
"2223",56,9.43188264189999,86,-3.42171901738295,-3.37498153953126,-3.47074844462327,-3.7601069634023,0,1,0,0,111,"Q2"
"2224",56,10.882715524,87,-3.82957933621707,-3.37498153953126,-3.20722520764823,-3.7601069634023,0,0,1,1,111,"Q2"
"2225",56,8.14786712990004,88,-3.34351827007548,-3.37498153953126,-3.33033126579352,-3.7601069634023,0,1,1,0,111,"Q2"
"2226",56,8.14786712990004,89,-3.34351827007548,-3.69514906712753,-3.01148063052213,-3.7601069634023,1,0,0,0,111,"Q2"
"2227",56,8.39298958799997,90,-3.34351827007548,-3.69514906712753,-3.01148063052213,-4.03666545063542,0,0,1,0,111,"Q2"
"2228",56,7.65539064479997,91,-3.34351827007548,-3.42171901738295,-3.47074844462327,-3.34351827007548,0,0,1,0,111,"Q2"
"2229",56,9.21512888869999,92,-3.63415455442469,-3.81529337896959,-3.47074844462327,-3.63415455442469,1,1,1,1,111,"Q2"
"2230",56,9.37923890839995,93,-3.34351827007548,-3.90424086498609,-3.06360969595708,-3.90424086498609,0,1,0,0,111,"Q2"
"2231",56,10.142819364,94,-3.63415455442469,-3.52230625428812,-3.03071199245002,-3.34351827007548,0,0,1,1,111,"Q2"
"2232",56,8.69148257649997,95,-3.63415455442469,-3.52230625428812,-3.47074844462327,-3.34351827007548,0,0,1,0,111,"Q3"
"2233",56,8.39298958799997,96,-3.34351827007548,-3.69514906712753,-3.47074844462327,-3.34351827007548,1,1,0,0,111,"Q3"
"2234",56,8.31776616669999,97,-3.34351827007548,-3.69514906712753,-3.47074844462327,-3.47074844462327,0,0,1,0,111,"Q3"
"2235",56,8.09070871610001,98,-3.34351827007548,-3.52230625428812,-3.0856726639183,-3.47074844462327,0,1,1,0,111,"Q3"
"2236",56,8.20193435119999,99,-3.34351827007548,-4.16893341921317,-3.37498153953126,-3.47074844462327,1,0,1,0,107.2,"Q3"
"2237",56,7.87245515010004,100,-3.34351827007548,-4.16893341921317,-3.37498153953126,-3.52230625428812,0,0,0,0,107.2,"Q3"
"2238",56,9.16282938930003,101,-3.34351827007548,-3.7601069634023,-3.28758971741625,-3.37498153953126,1,0,0,0,107.2,"Q3"
"2239",56,10.870623478,102,-3.90424086498609,-3.7601069634023,-3.14728217168119,-3.37498153953126,0,0,1,1,107.2,"Q3"
"2240",56,8.20193435119999,103,-3.34351827007548,-3.82957933621707,-3.14728217168119,-3.47074844462327,0,0,1,0,107.2,"Q3"
"2241",56,8.33327035329998,104,-3.34351827007548,-3.82957933621707,-3.47074844462327,-3.47074844462327,0,1,1,0,107.4,"Q3"
"2242",56,9.60130079389996,105,-3.47074844462327,-3.82957933621707,-3.14728217168119,-3.47074844462327,0,0,1,1,107.4,"Q3"
"2243",56,8.60153433980004,106,-3.47074844462327,-3.7014582363208,-3.24660037288306,-3.63415455442469,1,1,1,0,107.4,"Q3"
"2244",56,8.85936344920003,107,-3.52230625428812,-3.7014582363208,-3.14728217168119,-3.63415455442469,0,0,1,0,107.4,"Q3"
"2245",56,8.90381521169997,108,-3.57666746350701,-3.7014582363208,-3.47074844462327,-3.47074844462327,0,1,0,0,116,"Q4"
"2246",56,8.63621989780004,109,-3.57666746350701,-3.7014582363208,-3.14728217168119,-3.46074836128869,1,0,0,0,116,"Q4"
"2247",56,8.65869275369998,111,-3.34351827007548,-3.7014582363208,-3.20722520764823,-3.47074844462327,0,1,1,0,116,"Q4"
"2248",56,10.036618865,112,-3.7601069634023,-3.7014582363208,-3.14728217168119,-3.47074844462327,0,0,0,0,116,"Q4"
"2249",56,7.9875244798,113,-3.34351827007548,-3.7014582363208,-3.14728217168119,-3.47074844462327,1,0,0,0,127.3,"Q4"
"2250",56,8.78385589659998,114,-3.34351827007548,-3.7014582363208,-3.14728217168119,-3.48084954060977,0,0,1,0,127.3,"Q4"
"2251",56,8.79361207160002,115,-3.47074844462327,-3.7014582363208,-3.47074844462327,-3.47074844462327,0,1,1,0,127.3,"Q4"
"2252",56,8.63621989780004,116,-3.47074844462327,-3.7014582363208,-3.14728217168119,-3.90424086498609,1,0,0,0,127.3,"Q4"
"2253",56,8.63621989780004,117,-3.47074844462327,-3.7014582363208,-3.14728217168119,-3.69514906712753,0,0,0,0,131.5,"Q4"
"2254",56,8.20193435119999,118,-3.34351827007548,-3.7014582363208,-3.14728217168119,-3.52230625428812,1,0,0,0,131.5,"Q4"
"2255",56,8.47637119690002,119,-3.34351827007548,-3.7014582363208,-3.14728217168119,-3.63415455442469,0,0,1,0,131.5,"Q4"
"2256",56,9.79723775270002,120,-3.47074844462327,-3.7014582363208,-3.28758971741625,-3.63415455442469,1,0,1,1,131.5,"Q4"
"2257",56,9.25263328419997,121,-3.47074844462327,-3.7014582363208,-3.28758971741625,-3.57666746350701,0,0,0,0,135.1,"Q1"
"2258",56,8.74385056200001,122,-3.47074844462327,-3.7014582363208,-3.33033126579352,-3.7601069634023,0,1,1,0,135.1,"Q1"
"2259",56,9.37381884100003,123,-3.24660037288306,-3.7014582363208,-3.33033126579352,-3.7601069634023,0,0,1,1,135.1,"Q1"
"2260",56,8.14786712990004,125,-3.24660037288306,-3.7014582363208,-3.06360969595708,-3.57666746350701,0,0,0,0,135.1,"Q1"
"2261",56,8.34853782539999,126,-3.18055696056606,-3.7014582363208,-3.06360969595708,-3.7601069634023,0,0,1,0,134.7,"Q1"
"2262",56,8.11012680190003,127,-3.47074844462327,-3.7014582363208,-3.47074844462327,-4.16893341921317,0,1,0,0,134.7,"Q1"
"2263",56,11.051524725,128,-3.47074844462327,-3.7014582363208,-3.06360969595708,-3.57666746350701,0,0,1,1,134.7,"Q1"
"2264",56,8.44934252449998,129,-3.47074844462327,-3.7014582363208,-3.47074844462327,-3.57666746350701,0,1,1,0,134.7,"Q1"
"2265",56,8.26975694750001,130,-3.18055696056606,-3.7014582363208,-3.57666746350701,-3.63415455442469,1,0,0,0,134.7,"Q1"
"2266",56,9.6519445267,131,-3.47074844462327,-3.7014582363208,-3.57666746350701,-3.69514906712753,0,0,1,1,134.7,"Q1"
"2267",56,8.30201780980003,132,-3.47074844462327,-3.7014582363208,-3.57666746350701,-3.69514906712753,0,1,0,0,134.7,"Q1"
"2268",56,8.11012680190003,133,-3.18055696056606,-3.7014582363208,-3.1328414875264,-3.90424086498609,0,0,1,0,134.7,"Q1"
"2269",56,9.51546935800002,134,-3.47074844462327,-3.7014582363208,-3.24259235148552,-3.90424086498609,0,1,1,1,134.3,"Q2"
"2270",56,8.5026885052,135,-3.47074844462327,-3.7014582363208,-3.24259235148552,-3.63415455442469,0,0,0,0,134.3,"Q2"
"2271",56,8.00903068509998,136,-3.18055696056606,-3.90424086498609,-3.07707791300794,-3.63415455442469,1,0,0,0,134.3,"Q2"
"2272",56,9.92720407919997,137,-3.47074844462327,-3.90424086498609,-3.07707791300794,-3.57666746350701,0,0,1,1,134.3,"Q2"
"2273",56,7.82244472949999,138,-3.18055696056606,-3.52230625428812,-3.35240721749272,-3.57666746350701,0,1,1,0,134.3,"Q2"
"2274",56,8.37839078850004,139,-3.18055696056606,-3.52230625428812,-3.09762658123533,-3.57666746350701,0,1,1,0,126.2,"Q2"
"2275",56,7.94307271730001,140,-3.18055696056606,-3.47074844462327,-3.09762658123533,-3.57666746350701,0,0,0,0,126.2,"Q2"
"2276",56,9.78650419709995,141,-3.47074844462327,-3.63415455442469,-3.06360969595708,-3.57666746350701,0,0,1,1,126.2,"Q2"
"2277",56,8.0709060888,142,-3.18055696056606,-3.63415455442469,-3.09762658123533,-3.57666746350701,0,0,1,0,126.2,"Q2"
"2278",56,7.56008046500001,143,-3.16934188974592,-3.63415455442469,-3.24660037288306,-3.57666746350701,0,1,1,0,118.5,"Q2"
"2279",56,7.9875244798,144,-3.16934188974592,-3.47074844462327,-3.24660037288306,-3.57666746350701,0,0,0,0,118.5,"Q2"
"2280",56,7.96554557310002,145,-3.16934188974592,-3.47074844462327,-3.47074844462327,-3.57666746350701,0,1,1,0,118.5,"Q2"
"2281",56,7.45471994939996,146,-3.16934188974592,-3.47074844462327,-3.06360969595708,-3.57666746350701,0,1,1,0,118.5,"Q2"
"2282",56,9.59696239229999,147,-3.45476615034723,-3.47074844462327,-3.16934188974592,-3.57666746350701,0,0,1,1,115.5,"Q3"
"2283",56,9.99952474069997,150,-3.33033126579352,-3.63415455442469,-3.1328414875264,-3.57666746350701,0,1,1,1,115.5,"Q3"
"2284",56,7.96554557310002,151,-3.16934188974592,-3.7601069634023,-3.06360969595708,-3.57666746350701,1,0,0,0,115.5,"Q3"
"2285",56,10.426083632,153,-3.47074844462327,-3.47074844462327,-3.06360969595708,-3.57666746350701,0,0,1,1,114.5,"Q3"
"2286",56,9.84246285069996,154,-3.47074844462327,-3.57666746350701,-3.1328414875264,-3.57666746350701,0,1,1,1,114.5,"Q3"
"2287",56,9.22778728560003,156,-3.63415455442469,-3.47074844462327,-3.24660037288306,-3.65206548099122,0,1,1,0,112.5,"Q3"
"2288",56,9.88573083089996,157,-3.47074844462327,-3.54369744426944,-3.24660037288306,-3.57666746350701,0,0,1,1,112.5,"Q3"
"2289",56,8.39298958799997,158,-3.16934188974592,-3.54369744426944,-3.13643215565713,-3.69514906712753,0,0,1,0,112.5,"Q3"
"2290",56,8.40737832540001,159,-3.24660037288306,-3.7601069634023,-3.13643215565713,-3.69514906712753,0,1,0,0,112.5,"Q3"
"2291",56,10.483242046,160,-3.37498153953126,-3.54369744426944,-3.13643215565713,-3.57666746350701,0,0,1,1,106.5,"Q4"
"2292",59,7.65539064479997,40,-3.19570876558667,-3.69514906712753,-3.16934188974592,-3.7601069634023,1,1,1,0,160,"Q2"
"2293",59,8.0300840943,43,-3.19570876558667,-3.33033126579352,-3.01148063052213,-3.47074844462327,0,0,1,0,160.4,"Q3"
"2294",59,8.21932609390002,45,-3.19570876558667,-3.33033126579352,-3.03071199245002,-3.37498153953126,0,0,0,0,160.4,"Q3"
"2295",59,8.09070871610001,46,-3.19570876558667,-3.33033126579352,-3.09762658123533,-3.57666746350701,0,1,1,0,160.4,"Q3"
"2296",59,9.43699774259998,47,-3.28758971741625,-3.42171901738295,-3.09762658123533,-3.37498153953126,1,0,1,1,160.8,"Q3"
"2297",59,7.74240202179999,48,-3.19570876558667,-3.42171901738295,-3.03071199245002,-3.37498153953126,0,0,1,0,160.8,"Q3"
"2298",59,7.41697962140002,50,-3.19570876558667,-3.42171901738295,-3.1328414875264,-3.47074844462327,0,1,1,0,160.8,"Q3"
"2299",59,8.09070871610001,51,-3.19570876558667,-3.52230625428812,-3.1328414875264,-3.37498153953126,1,0,1,0,160.8,"Q3"
"2300",59,7.87245515010004,52,-3.19570876558667,-3.52230625428812,-3.1328414875264,-3.47074844462327,0,0,1,0,150.9,"Q3"
"2301",59,7.87245515010004,54,-3.19570876558667,-3.57666746350701,-3.03071199245002,-3.37498153953126,0,0,1,0,150.9,"Q3"
"2302",59,8.09070871610001,55,-3.19570876558667,-4.16893341921317,-3.03071199245002,-3.37498153953126,1,0,0,0,150.9,"Q3"
"2303",59,8.5656023306,56,-3.19570876558667,-3.57666746350701,-3.06360969595708,-3.90424086498609,0,1,1,0,147.2,"Q4"
"2304",59,10.363440846,57,-3.47074844462327,-3.33033126579352,-3.04702556794154,-3.47074844462327,0,0,1,1,147.2,"Q4"
"2305",59,7.82244472949999,58,-3.25255551925948,-4.02785482095327,-3.06360969595708,-3.47074844462327,1,1,0,0,147.2,"Q4"
"2306",59,8.05070338149999,59,-3.19570876558667,-3.69514906712753,-3.06360969595708,-3.47074844462327,0,0,1,0,147.2,"Q4"
"2307",59,10.160297961,60,-3.47074844462327,-3.69514906712753,-3.06360969595708,-3.47074844462327,1,0,1,1,120.9,"Q4"
"2308",59,8.0300840943,61,-3.19570876558667,-3.90424086498609,-3.06360969595708,-3.47074844462327,0,1,1,0,120.9,"Q4"
"2309",59,10.493937335,62,-3.47074844462327,-4.16893341921317,-3.06360969595708,-3.43133447608239,0,0,1,1,120.9,"Q4"
"2310",59,9.37381884100003,63,-3.47074844462327,-3.69514906712753,-3.06360969595708,-3.47578623865323,1,0,0,0,120.9,"Q4"
"2311",59,8.64751945309997,64,-3.19570876558667,-3.33033126579352,-3.06360969595708,-3.47578623865323,1,0,1,0,120.9,"Q4"
"2312",59,8.40737832540001,68,-3.47074844462327,-3.57666746350701,-3.28758971741625,-3.63415455442469,0,0,1,0,117.8,"Q4"
"2313",59,8.87738195470003,69,-3.47074844462327,-3.57666746350701,-3.52230625428812,-3.52230625428812,0,1,1,0,114.4,"Q1"
"2314",59,8.34853782539999,70,-3.47578623865323,-4.16893341921317,-3.20722520764823,-3.52230625428812,1,0,1,0,114.4,"Q1"
"2315",59,8.16621626860002,71,-3.47578623865323,-3.57666746350701,-3.20722520764823,-4.16893341921317,0,0,1,0,114.4,"Q1"
"2316",59,10.283566474,72,-3.47578623865323,-3.57666746350701,-3.1545814741628,-3.52230625428812,0,0,1,1,114.4,"Q1"
"2317",59,9.10052550600004,73,-3.47578623865323,-3.7601069634023,-3.1545814741628,-3.52230625428812,1,0,0,0,114.4,"Q1"
"2318",59,9.39532504620004,74,-3.52230625428812,-3.7601069634023,-3.24660037288306,-3.52230625428812,0,0,1,0,114.4,"Q1"
"2319",59,8.48961642359998,75,-3.52230625428812,-3.57666746350701,-3.16934188974592,-3.7601069634023,0,0,1,0,114.4,"Q1"
"2320",59,8.5777236912,76,-3.52230625428812,-3.57666746350701,-3.1545814741628,-3.7601069634023,0,0,1,0,114.4,"Q1"
"2321",59,8.26975694750001,78,-3.47578623865323,-4.27541689961562,-3.1545814741628,-3.52230625428812,1,0,0,0,111.7,"Q1"
"2322",59,9.59260508690002,79,-3.47578623865323,-3.57666746350701,-3.1545814741628,-3.57666746350701,0,0,1,0,111.7,"Q1"
"2323",59,11.016397146,80,-3.63415455442469,-3.57666746350701,-3.1545814741628,-3.56004658227097,0,0,1,1,111.7,"Q1"
"2324",59,9.6883121709,81,-3.63415455442469,-3.69514906712753,-3.85139838361171,-3.56004658227097,1,1,0,0,111.7,"Q1"
"2325",59,8.46294817659997,83,-3.54369744426944,-3.69514906712753,-3.47074844462327,-4.25319376283091,0,1,0,0,111.7,"Q2"
"2326",59,8.0709060888,84,-3.54369744426944,-4.16893341921317,-3.1545814741628,-3.57666746350701,1,0,0,0,111.7,"Q2"
"2327",59,8.5777236912,85,-3.54369744426944,-3.57666746350701,-3.47074844462327,-3.57666746350701,1,1,0,0,111.7,"Q2"
"2328",59,9.79009486520004,86,-3.54369744426944,-3.57666746350701,-3.47074844462327,-3.7601069634023,0,1,0,0,111,"Q2"
"2329",59,8.5777236912,88,-3.54369744426944,-3.57666746350701,-3.33033126579352,-3.7601069634023,0,1,1,0,111,"Q2"
"2330",59,8.5026885052,89,-3.54369744426944,-3.69514906712753,-3.1545814741628,-3.7601069634023,1,0,0,0,111,"Q2"
"2331",59,8.43554920239998,90,-3.54369744426944,-3.69514906712753,-3.1545814741628,-4.25319376283091,0,0,1,0,111,"Q2"
"2332",59,8.46294817659997,91,-3.54369744426944,-3.69514906712753,-3.47074844462327,-3.56004658227097,0,0,1,0,111,"Q2"
"2333",59,9.62694322449997,92,-3.83679958419056,-3.98492977623623,-3.47074844462327,-3.85139838361171,1,1,1,1,111,"Q2"
"2334",59,9.17616292019996,93,-3.54369744426944,-3.90424086498609,-3.1545814741628,-3.90424086498609,0,1,0,0,111,"Q2"
"2335",59,10.640460213,94,-3.63415455442469,-3.69514906712753,-3.1545814741628,-3.56004658227097,0,0,1,1,111,"Q2"
"2336",59,8.47637119690002,96,-3.54369744426944,-3.69514906712753,-3.47074844462327,-3.56004658227097,1,1,0,0,111,"Q3"
"2337",59,8.54090971799997,97,-3.54369744426944,-3.69514906712753,-3.47074844462327,-3.56004658227097,0,0,1,0,111,"Q3"
"2338",59,8.5777236912,98,-3.54369744426944,-3.69514906712753,-3.16185419899441,-3.56004658227097,0,1,1,0,111,"Q3"
"2339",59,8.48961642359998,99,-3.54369744426944,-4.16893341921317,-3.37498153953126,-3.56004658227097,1,0,1,0,107.2,"Q3"
"2340",59,8.20193435119999,100,-3.54369744426944,-4.16893341921317,-3.37498153953126,-3.56004658227097,0,0,0,0,107.2,"Q3"
"2341",59,8.42156296040003,103,-3.54369744426944,-3.82957933621707,-3.22671900232923,-3.56004658227097,0,0,1,0,107.2,"Q3"
"2342",59,8.40737832540001,104,-3.54369744426944,-3.82957933621707,-3.47074844462327,-3.56004658227097,0,1,1,0,107.4,"Q3"
"2343",59,8.60153433980004,106,-3.54369744426944,-3.69514906712753,-3.22671900232923,-3.63415455442469,1,1,1,0,107.4,"Q3"
"2344",59,8.68067166040002,107,-3.55693843295997,-3.69514906712753,-3.22671900232923,-3.61996647488495,0,0,1,0,107.4,"Q3"
"2345",59,8.85023096560004,108,-3.57666746350701,-3.72062815242852,-3.47074844462327,-3.56004658227097,0,1,0,0,116,"Q4"
"2346",59,8.52833093580003,109,-3.56848318880727,-3.7601069634023,-3.22671900232923,-3.56004658227097,1,0,0,0,116,"Q4"
"2347",59,8.73359406190002,111,-3.54369744426944,-3.69514906712753,-3.22671900232923,-3.67645693411538,0,1,1,0,116,"Q4"
"2348",59,8.51559191000002,113,-3.54369744426944,-3.69514906712753,-3.22671900232923,-3.56004658227097,1,0,0,0,127.3,"Q4"
"2349",59,8.6697425899,114,-3.54369744426944,-3.69514906712753,-3.22671900232923,-3.56004658227097,0,0,1,0,127.3,"Q4"
"2350",59,8.92956770779998,115,-3.54369744426944,-3.69514906712753,-3.47074844462327,-3.88885594614661,0,1,1,0,127.3,"Q4"
"2351",59,8.52833093580003,116,-3.54369744426944,-3.75341797525151,-3.22671900232923,-3.86621346939685,1,0,0,0,127.3,"Q4"
"2352",59,8.3635757028,117,-3.54369744426944,-3.69514906712753,-3.22671900232923,-3.68887945411394,0,0,0,0,131.5,"Q4"
"2353",59,8.61323037960001,118,-3.54369744426944,-3.69514906712753,-3.22671900232923,-3.57886932985886,1,0,0,0,131.5,"Q4"
"2354",59,8.42156296040003,119,-3.54369744426944,-3.69514906712753,-3.22671900232923,-3.63415455442469,0,0,1,0,131.5,"Q4"
"2355",59,9.52017524910003,120,-3.54369744426944,-3.69514906712753,-3.28758971741625,-3.60214324231211,1,0,1,1,131.5,"Q4"
"2356",59,8.82232217749998,121,-3.54369744426944,-3.69514906712753,-3.30632719318527,-3.69252809029888,0,0,0,0,135.1,"Q1"
"2357",59,8.3635757028,122,-3.4797107099328,-3.69514906712753,-3.33033126579352,-3.7601069634023,0,1,1,0,135.1,"Q1"
"2358",59,8.05070338149999,125,-3.26834974374461,-3.90424086498609,-3.20722520764823,-3.67017106841904,0,0,0,0,135.1,"Q1"
"2359",59,8.34853782539999,126,-3.40262814872137,-3.87370414112601,-3.20722520764823,-3.7601069634023,0,0,1,0,134.7,"Q1"
"2360",59,8.48961642359998,127,-3.47074844462327,-4.15888308335967,-3.47074844462327,-4.16893341921317,0,1,0,0,134.7,"Q1"
"2361",59,8.3635757028,129,-3.45080672521742,-3.75341797525151,-3.47074844462327,-3.670303068541,0,1,1,0,134.7,"Q1"
"2362",59,8.3635757028,130,-3.38940350662685,-3.82957933621707,-3.57666746350701,-3.65810779544718,1,0,0,0,134.7,"Q1"
"2363",59,9.52017524910003,131,-3.47074844462327,-3.78731952692719,-3.57666746350701,-3.69514906712753,0,0,1,1,134.7,"Q1"
"2364",59,8.51559191000002,132,-3.43843711265689,-3.69514906712753,-3.51503164499219,-3.82241084673846,0,1,0,0,134.7,"Q1"
"2365",59,8.16621626860002,133,-3.42379337714104,-3.69514906712753,-3.21668586458267,-3.90424086498609,0,0,1,0,134.7,"Q1"
"2366",59,9.25874951120003,134,-3.47074844462327,-3.69514906712753,-3.24259235148552,-3.85877849090933,0,1,1,1,134.3,"Q2"
"2367",59,9.09335701649998,135,-3.45784739981592,-3.88125134676139,-3.23692555049459,-3.63415455442469,0,0,0,0,134.3,"Q2"
"2368",59,8.44934252449998,136,-3.34795286714334,-3.90424086498609,-3.28758971741625,-3.6223897128451,1,0,0,0,134.3,"Q2"
"2369",59,10.091128271,137,-3.6400892899445,-3.83679958419056,-3.36418555919725,-3.57666746350701,0,0,1,1,134.3,"Q2"
"2370",59,8.12917499690002,138,-3.34795286714334,-3.69514906712753,-3.49619511028444,-3.57666746350701,0,1,1,0,134.3,"Q2"
"2371",59,7.87245515010004,139,-3.34795286714334,-3.6826489043633,-3.28758971741625,-3.57666746350701,0,1,1,0,126.2,"Q2"
"2372",59,8.43554920239998,140,-3.34795286714334,-3.63415455442469,-3.28758971741625,-3.57666746350701,0,0,0,0,126.2,"Q2"
"2373",59,10.585371541,141,-3.6400892899445,-3.63415455442469,-3.28758971741625,-3.57666746350701,0,0,1,1,126.2,"Q2"
"2374",59,8.05070338149999,142,-3.34323988900407,-3.63415455442469,-3.28758971741625,-3.57666746350701,0,0,1,0,126.2,"Q2"
"2375",59,8.09070871610001,143,-3.33033126579352,-3.63415455442469,-3.28758971741625,-3.57666746350701,0,1,1,0,118.5,"Q2"
"2376",59,8.18423477410002,144,-3.33033126579352,-3.63415455442469,-3.38190911015365,-3.57666746350701,0,0,0,0,118.5,"Q2"
"2377",59,7.92008319910002,145,-3.33033126579352,-3.63415455442469,-3.47074844462327,-3.57666746350701,0,1,1,0,118.5,"Q2"
"2378",59,7.87245515010004,146,-3.35146546108453,-3.63415455442469,-3.46163895635774,-3.75405842776411,0,1,1,0,118.5,"Q2"
"2379",59,9.31217467790004,147,-3.46881764810257,-3.670303068541,-3.47074844462327,-3.57666746350701,0,0,1,1,115.5,"Q3"
"2380",59,7.92008319910002,149,-3.33033126579352,-3.63415455442469,-3.54316465995394,-3.57666746350701,0,0,0,0,115.5,"Q3"
"2381",59,8.60153433980004,151,-3.5285658794244,-3.7601069634023,-3.28758971741625,-3.59356927430961,1,0,0,0,115.5,"Q3"
"2382",59,8.99516499030001,152,-3.64769112030411,-3.69514906712753,-3.28758971741625,-3.63415455442469,1,1,1,1,114.5,"Q3"
"2383",59,10.567411874,153,-3.47074844462327,-3.68887945411394,-3.28758971741625,-3.57666746350701,0,0,1,1,114.5,"Q3"
"2384",59,10.336827197,154,-3.49558574217247,-3.89651881889218,-3.27925633585711,-3.57666746350701,0,1,1,1,114.5,"Q3"
"2385",59,8.93800657649997,155,-3.63415455442469,-3.89651881889218,-3.2587217334154,-3.59356927430961,0,1,1,0,114.5,"Q3"
"2386",59,8.85936344920003,156,-3.60713853629277,-3.64605945693101,-3.2587217334154,-3.63415455442469,0,1,1,0,112.5,"Q3"
"2387",59,9.57498348560002,157,-3.47074844462327,-3.65206548099122,-3.2587217334154,-3.57666746350701,0,0,1,1,112.5,"Q3"
"2388",59,8.00903068509998,158,-3.33033126579352,-3.69514906712753,-3.2587217334154,-3.69514906712753,0,0,1,0,112.5,"Q3"
"2389",59,8.05070338149999,159,-3.37918249146036,-3.7601069634023,-3.2587217334154,-3.71867182006936,0,1,0,0,112.5,"Q3"
"2390",59,10.377483203,160,-3.42171901738295,-3.670303068541,-3.2587217334154,-3.57666746350701,0,0,1,1,106.5,"Q4"
"2391",62,8.7540029335,42,-3.00515149547048,-3.16934188974592,-2.99886216656292,-3.52230625428812,0,0,1,0,160,"Q2"
"2392",62,8.48961642359998,43,-3.00515149547048,-3.16934188974592,-2.99886216656292,-3.47074844462327,0,0,1,0,160.4,"Q3"
"2393",62,10.313741177,44,-3.20722520764823,-3.16934188974592,-2.99886216656292,-3.18432344336154,0,0,1,1,160.4,"Q3"
"2394",62,8.52833093580003,45,-3.00515149547048,-3.16934188974592,-2.99886216656292,-3.28758971741625,0,0,0,0,160.4,"Q3"
"2395",62,8.9710674387,46,-3.00515149547048,-3.16934188974592,-3.09762658123533,-3.57666746350701,0,1,1,0,160.4,"Q3"
"2396",62,8.37839078850004,48,-3.00515149547048,-3.42171901738295,-2.99886216656292,-3.28758971741625,0,0,1,0,160.8,"Q3"
"2397",62,10.518456952,49,-3.47074844462327,-3.42171901738295,-2.99886216656292,-3.28758971741625,0,0,1,1,160.8,"Q3"
"2398",62,8.60153433980004,52,-3.00515149547048,-3.52230625428812,-3.1328414875264,-3.47074844462327,0,0,1,0,150.9,"Q3"
"2399",62,10.140297295,53,-3.37498153953126,-3.52230625428812,-2.99886216656292,-3.47074844462327,0,0,1,1,150.9,"Q3"
"2400",62,8.37839078850004,54,-3.00515149547048,-3.57666746350701,-2.99886216656292,-3.28758971741625,0,0,1,0,150.9,"Q3"
"2401",62,8.69148257649997,55,-3.00515149547048,-3.57666746350701,-2.99886216656292,-3.28758971741625,1,0,0,0,150.9,"Q3"
"2402",62,9.17616292019996,56,-3.00515149547048,-3.57666746350701,-2.99886216656292,-3.47074844462327,0,1,1,0,147.2,"Q4"
"2403",62,10.241101994,57,-3.47074844462327,-3.16934188974592,-3.03071199245002,-3.47074844462327,0,0,1,1,147.2,"Q4"
"2404",62,8.85936344920003,58,-3.10546452020641,-3.94377170374273,-3.06360969595708,-3.47074844462327,1,1,0,0,147.2,"Q4"
"2405",62,8.54090971799997,59,-3.00515149547048,-3.69514906712753,-3.06360969595708,-3.47074844462327,0,0,1,0,147.2,"Q4"
"2406",62,10.250192965,60,-3.47074844462327,-3.69514906712753,-3.06360969595708,-3.47074844462327,1,0,1,1,120.9,"Q4"
"2407",62,8.16621626860002,61,-3.00515149547048,-3.90424086498609,-3.06360969595708,-3.47074844462327,0,1,1,0,120.9,"Q4"
"2408",62,10.3991589290001,62,-3.47074844462327,-4.16893341921317,-3.06360969595708,-3.16934188974592,0,0,1,1,120.9,"Q4"
"2409",62,8.93800657649997,63,-3.47074844462327,-3.69514906712753,-3.06360969595708,-3.33033126579352,1,0,0,0,120.9,"Q4"
"2410",62,9.42674124240004,64,-3.00515149547048,-3.24660037288306,-3.06360969595708,-3.47074844462327,1,0,1,0,120.9,"Q4"
"2411",62,9.25263328419997,69,-3.47074844462327,-3.16934188974592,-3.52230625428812,-3.47074844462327,0,1,1,0,114.4,"Q1"
"2412",62,8.90381521169997,70,-3.20722520764823,-4.16893341921317,-3.20722520764823,-3.24660037288306,1,0,1,0,114.4,"Q1"
"2413",62,8.83171191779997,71,-3.20722520764823,-3.16934188974592,-3.20722520764823,-3.63415455442469,0,0,1,0,114.4,"Q1"
"2414",62,10.254707646,72,-3.47074844462327,-3.16934188974592,-2.99886216656292,-3.63415455442469,0,0,1,1,114.4,"Q1"
"2415",62,9.73483218649999,73,-3.20722520764823,-3.7601069634023,-2.99886216656292,-3.47074844462327,1,0,0,0,114.4,"Q1"
"2416",62,9.00307016980004,74,-3.24660037288306,-3.7601069634023,-3.24660037288306,-3.47074844462327,0,0,1,0,114.4,"Q1"
"2417",62,8.71275997499997,75,-3.24660037288306,-3.16934188974592,-3.16934188974592,-3.7601069634023,0,0,1,0,114.4,"Q1"
"2418",62,9.57052913519997,76,-3.24660037288306,-3.16934188974592,-2.99886216656292,-3.7601069634023,0,0,1,0,114.4,"Q1"
"2419",62,9.95494083409999,77,-3.47074844462327,-3.47074844462327,-2.99886216656292,-3.37498153953126,1,0,1,1,114.4,"Q1"
"2420",62,8.63621989780004,78,-3.20722520764823,-4.07270538711862,-2.99886216656292,-3.37498153953126,1,0,0,0,111.7,"Q1"
"2421",62,9.3573801146,79,-3.20722520764823,-3.16934188974592,-2.99886216656292,-3.57666746350701,0,0,1,0,111.7,"Q1"
"2422",62,10.972327683,80,-3.63415455442469,-3.16934188974592,-2.99886216656292,-3.37498153953126,0,0,1,1,111.7,"Q1"
"2423",62,9.71184266829998,81,-3.63415455442469,-3.69514906712753,-3.63415455442469,-3.37498153953126,1,1,0,0,111.7,"Q1"
"2424",62,9.14931567009999,83,-3.42171901738295,-3.69514906712753,-3.47074844462327,-4.03666545063542,0,1,0,0,111.7,"Q2"
"2425",62,9.31793838260002,84,-3.42171901738295,-4.16893341921317,-2.99886216656292,-3.57666746350701,1,0,0,0,111.7,"Q2"
"2426",62,9.18932100480001,85,-3.42171901738295,-3.16934188974592,-3.47074844462327,-3.57666746350701,1,1,0,0,111.7,"Q2"
"2427",62,10.013955006,86,-3.42171901738295,-3.16934188974592,-3.47074844462327,-3.7601069634023,0,1,0,0,111,"Q2"
"2428",62,11.118281595,87,-3.82957933621707,-3.16934188974592,-3.20722520764823,-3.7601069634023,0,0,1,1,111,"Q2"
"2429",62,8.81284343350004,88,-3.28758971741625,-3.16934188974592,-3.33033126579352,-3.7601069634023,0,1,1,0,111,"Q2"
"2430",62,9.01869548770001,89,-3.28758971741625,-3.69514906712753,-2.99886216656292,-3.7601069634023,1,0,0,0,111,"Q2"
"2431",62,8.85936344920003,90,-3.28758971741625,-3.69514906712753,-2.99886216656292,-4.03666545063542,0,0,1,0,111,"Q2"
"2432",62,8.5656023306,91,-3.28758971741625,-3.16934188974592,-3.47074844462327,-3.28758971741625,0,0,1,0,111,"Q2"
"2433",62,9.72340349069997,92,-3.57666746350701,-3.7601069634023,-3.47074844462327,-3.57666746350701,1,1,1,1,111,"Q2"
"2434",62,9.54337814609995,93,-3.28758971741625,-3.90424086498609,-3.06360969595708,-3.90424086498609,0,1,0,0,111,"Q2"
"2435",62,10.521911187,94,-3.63415455442469,-3.47074844462327,-3.03071199245002,-3.28758971741625,0,0,1,1,111,"Q2"
"2436",62,9.52485909839998,95,-3.63415455442469,-3.47074844462327,-3.47074844462327,-3.28758971741625,0,0,1,0,111,"Q3"
"2437",62,8.51559191000002,96,-3.28758971741625,-3.69514906712753,-3.47074844462327,-3.28758971741625,1,1,0,0,111,"Q3"
"2438",62,8.5777236912,98,-3.28758971741625,-3.47074844462327,-3.07809960574131,-3.47074844462327,0,1,1,0,111,"Q3"
"2439",62,8.44934252449998,99,-3.28758971741625,-4.16893341921317,-3.37498153953126,-3.47074844462327,1,0,1,0,107.2,"Q3"
"2440",62,8.43554920239998,100,-3.28758971741625,-4.16893341921317,-3.37498153953126,-3.52230625428812,0,0,0,0,107.2,"Q3"
"2441",62,9.75359446299998,101,-3.28758971741625,-3.7601069634023,-3.28758971741625,-3.37498153953126,1,0,0,0,107.2,"Q3"
"2442",62,10.860843449,102,-3.90424086498609,-3.7601069634023,-3.10457105358814,-3.37498153953126,0,0,1,1,107.2,"Q3"
"2443",62,8.60153433980004,103,-3.28758971741625,-3.82957933621707,-3.10457105358814,-3.47074844462327,0,0,1,0,107.2,"Q3"
"2444",62,8.78385589659998,104,-3.28758971741625,-3.82957933621707,-3.47074844462327,-3.47074844462327,0,1,1,0,107.4,"Q3"
"2445",62,10.050527295,105,-3.47074844462327,-3.82957933621707,-3.10457105358814,-3.47074844462327,0,0,1,1,107.4,"Q3"
"2446",62,8.88627090209996,106,-3.47074844462327,-3.7014582363208,-3.24660037288306,-3.63415455442469,1,1,1,0,107.4,"Q3"
"2447",62,9.54337814609995,107,-3.52230625428812,-3.7014582363208,-3.10457105358814,-3.63415455442469,0,0,1,0,107.4,"Q3"
"2448",62,9.3406666337,109,-3.57666746350701,-3.7014582363208,-3.10457105358814,-3.46074836128869,1,0,0,0,116,"Q4"
"2449",62,11.574660059,110,-3.63415455442469,-3.7014582363208,-3.10457105358814,-3.37498153953126,0,0,1,1,116,"Q4"
"2450",62,8.76405326930003,111,-3.28758971741625,-3.7014582363208,-3.20722520764823,-3.47074844462327,0,1,1,0,116,"Q4"
"2451",62,10.303068717,112,-3.7601069634023,-3.7014582363208,-3.10457105358814,-3.47074844462327,0,0,0,0,116,"Q4"
"2452",62,8.64751945309997,113,-3.28758971741625,-3.7014582363208,-3.10457105358814,-3.47074844462327,1,0,0,0,127.3,"Q4"
"2453",62,9.19583568579999,114,-3.28758971741625,-3.7014582363208,-3.10457105358814,-3.48084954060977,0,0,1,0,127.3,"Q4"
"2454",62,9.5525106297,115,-3.47074844462327,-3.7014582363208,-3.47074844462327,-3.47074844462327,0,1,1,0,127.3,"Q4"
"2455",62,9.32936707840001,116,-3.47074844462327,-3.7014582363208,-3.10457105358814,-3.90424086498609,1,0,0,0,127.3,"Q4"
"2456",62,9.23405689859997,117,-3.47074844462327,-3.7014582363208,-3.10457105358814,-3.69514906712753,0,0,0,0,131.5,"Q4"
"2457",62,8.88627090209996,118,-3.28758971741625,-3.7014582363208,-3.10457105358814,-3.52230625428812,1,0,0,0,131.5,"Q4"
"2458",62,8.92956770779998,119,-3.28758971741625,-3.7014582363208,-3.10457105358814,-3.63415455442469,0,0,1,0,131.5,"Q4"
"2459",62,9.86266555800002,120,-3.47074844462327,-3.7014582363208,-3.28758971741625,-3.63415455442469,1,0,1,1,131.5,"Q4"
"2460",62,9.5660548548,121,-3.47074844462327,-3.7014582363208,-3.28758971741625,-3.57666746350701,0,0,0,0,135.1,"Q1"
"2461",62,9.02641753380003,122,-3.47074844462327,-3.7014582363208,-3.33033126579352,-3.7601069634023,0,1,1,0,135.1,"Q1"
"2462",62,9.16951837750003,123,-3.24660037288306,-3.7014582363208,-3.33033126579352,-3.7601069634023,0,0,1,1,135.1,"Q1"
"2463",62,9.59696239229999,124,-3.24660037288306,-3.7014582363208,-2.99886216656292,-3.47074844462327,0,0,1,1,135.1,"Q1"
"2464",62,8.74385056200001,125,-3.24660037288306,-3.7014582363208,-2.99886216656292,-3.47074844462327,0,0,0,0,135.1,"Q1"
"2465",62,8.9871968207,126,-3.1328414875264,-3.7014582363208,-2.99886216656292,-3.7601069634023,0,0,1,0,134.7,"Q1"
"2466",62,9.28284706280001,127,-3.47074844462327,-3.7014582363208,-3.47074844462327,-4.16893341921317,0,1,0,0,134.7,"Q1"
"2467",62,10.967922389,128,-3.47074844462327,-3.7014582363208,-2.99886216656292,-3.28758971741625,0,0,1,1,134.7,"Q1"
"2468",62,8.94637482609996,129,-3.47074844462327,-3.7014582363208,-3.47074844462327,-3.47074844462327,0,1,1,0,134.7,"Q1"
"2469",62,9.14931567009999,130,-3.1328414875264,-3.7014582363208,-3.57666746350701,-3.63415455442469,1,0,0,0,134.7,"Q1"
"2470",62,10.104303692,131,-3.47074844462327,-3.7014582363208,-3.57666746350701,-3.69514906712753,0,0,1,1,134.7,"Q1"
"2471",62,9.04923221160001,132,-3.47074844462327,-3.7014582363208,-3.57666746350701,-3.69514906712753,0,1,0,0,134.7,"Q1"
"2472",62,8.82232217749998,133,-3.1328414875264,-3.7014582363208,-3.1328414875264,-3.90424086498609,0,0,1,0,134.7,"Q1"
"2473",62,10.016816238,134,-3.47074844462327,-3.7014582363208,-3.24259235148552,-3.90424086498609,0,1,1,1,134.3,"Q2"
"2474",62,9.38999170020003,135,-3.47074844462327,-3.7014582363208,-3.24259235148552,-3.63415455442469,0,0,0,0,134.3,"Q2"
"2475",62,9.01869548770001,136,-3.1328414875264,-3.90424086498609,-3.04374149274035,-3.63415455442469,1,0,0,0,134.3,"Q2"
"2476",62,10.290109573,137,-3.42171901738295,-3.90424086498609,-3.04374149274035,-3.47074844462327,0,0,1,1,134.3,"Q2"
"2477",62,8.73359406190002,138,-3.1328414875264,-3.47074844462327,-3.28758971741625,-3.33033126579352,0,1,1,0,134.3,"Q2"
"2478",62,9.00307016980004,139,-3.1328414875264,-3.47074844462327,-3.09762658123533,-3.47074844462327,0,1,1,0,126.2,"Q2"
"2479",62,8.87738195470003,140,-3.1328414875264,-3.42171901738295,-3.09762658123533,-3.47074844462327,0,0,0,0,126.2,"Q2"
"2480",62,10.050527295,141,-3.42171901738295,-3.63415455442469,-3.06360969595708,-3.28758971741625,0,0,1,1,126.2,"Q2"
"2481",62,8.62479120200004,142,-3.1328414875264,-3.63415455442469,-3.09762658123533,-3.47074844462327,0,0,1,0,126.2,"Q2"
"2482",62,8.52833093580003,143,-3.09762658123533,-3.63415455442469,-3.24660037288306,-3.28758971741625,0,1,1,0,118.5,"Q2"
"2483",62,8.61323037960001,145,-3.09762658123533,-3.42171901738295,-3.47074844462327,-3.36137588747548,0,1,1,0,118.5,"Q2"
"2484",62,8.26975694750001,146,-3.09762658123533,-3.47074844462327,-3.06360969595708,-3.47074844462327,0,1,1,0,118.5,"Q2"
"2485",62,9.64368001690004,147,-3.45111320309607,-3.47074844462327,-3.16934188974592,-3.47074844462327,0,0,1,1,115.5,"Q3"
"2486",62,8.68067166040002,149,-3.09762658123533,-3.42171901738295,-3.06360969595708,-3.42171901738295,0,0,0,0,115.5,"Q3"
"2487",62,10.3052123410001,150,-3.33033126579352,-3.63415455442469,-3.1328414875264,-3.42171901738295,0,1,1,1,115.5,"Q3"
"2488",62,8.73359406190002,151,-3.09762658123533,-3.7601069634023,-3.06360969595708,-3.42171901738295,1,0,0,0,115.5,"Q3"
"2489",62,10.688301922,153,-3.47074844462327,-3.42171901738295,-3.06360969595708,-3.28758971741625,0,0,1,1,114.5,"Q3"
"2490",62,9.66421461929997,154,-3.47074844462327,-3.52230625428812,-3.1328414875264,-3.47074844462327,0,1,1,1,114.5,"Q3"
"2491",62,9.86931010069997,155,-3.63415455442469,-3.90424086498609,-3.13643215565713,-3.47074844462327,0,1,1,0,114.5,"Q3"
"2492",62,9.62694322449997,156,-3.63415455442469,-3.42171901738295,-3.24660037288306,-3.47074844462327,0,1,1,0,112.5,"Q3"
"2493",62,10.21332243,157,-3.47074844462327,-3.49619511028444,-3.24660037288306,-3.36137588747548,0,0,1,1,112.5,"Q3"
"2494",62,8.87738195470003,158,-3.09762658123533,-3.49619511028444,-3.13643215565713,-3.69514906712753,0,0,1,0,112.5,"Q3"
"2495",62,8.63621989780004,159,-3.16934188974592,-3.7601069634023,-3.13643215565713,-3.69514906712753,0,1,0,0,112.5,"Q3"
"2496",62,10.454149085,160,-3.37498153953126,-3.49619511028444,-3.13643215565713,-3.47074844462327,0,0,1,1,106.5,"Q4"
"2497",64,9.4867592521,44,-3.20722520764823,-3.33033126579352,-3.01148063052213,-3.33033126579352,0,0,1,1,160.4,"Q3"
"2498",64,8.21932609390002,45,-3.06360969595708,-3.24660037288306,-3.01148063052213,-3.28758971741625,0,0,0,0,160.4,"Q3"
"2499",64,8.20193435119999,46,-3.06360969595708,-3.24660037288306,-3.09762658123533,-3.57666746350701,0,1,1,0,160.4,"Q3"
"2500",64,7.87245515010004,48,-3.06360969595708,-3.42171901738295,-3.01148063052213,-3.28758971741625,0,0,1,0,160.8,"Q3"
"2501",64,8.21932609390002,52,-3.06360969595708,-3.52230625428812,-3.1328414875264,-3.47074844462327,0,0,1,0,150.9,"Q3"
"2502",64,9.12869638290002,53,-3.37498153953126,-3.52230625428812,-3.01148063052213,-3.47074844462327,0,0,1,1,150.9,"Q3"
"2503",64,7.89655270159997,54,-3.06360969595708,-3.57666746350701,-3.01148063052213,-3.29178259567629,0,0,1,0,150.9,"Q3"
"2504",64,8.11012680190003,55,-3.06360969595708,-3.57666746350701,-3.01148063052213,-3.29178259567629,1,0,0,0,150.9,"Q3"
"2505",64,8.43554920239998,56,-3.06360969595708,-3.57666746350701,-3.01148063052213,-3.47074844462327,0,1,1,0,147.2,"Q4"
"2506",64,9.9518966917,57,-3.47074844462327,-3.24660037288306,-3.02748097186857,-3.47074844462327,0,0,1,1,147.2,"Q4"
"2507",64,8.28601746839997,58,-3.14265683907965,-3.94377170374273,-3.06360969595708,-3.47074844462327,1,1,0,0,147.2,"Q4"
"2508",64,8.09070871610001,59,-3.06360969595708,-3.69514906712753,-3.06360969595708,-3.47074844462327,0,0,1,0,147.2,"Q4"
"2509",64,9.605620455,60,-3.47074844462327,-3.69514906712753,-3.06360969595708,-3.47074844462327,1,0,1,1,120.9,"Q4"
"2510",64,9.69227257209996,62,-3.47074844462327,-4.16893341921317,-3.06360969595708,-3.2188758248682,0,0,1,1,120.9,"Q4"
"2511",64,9.03408040660004,63,-3.47074844462327,-3.69514906712753,-3.06360969595708,-3.33033126579352,1,0,0,0,120.9,"Q4"
"2512",64,8.77400360019999,64,-3.06360969595708,-3.24660037288306,-3.06360969595708,-3.47074844462327,1,0,1,0,120.9,"Q4"
"2513",64,9.10764297370002,69,-3.47074844462327,-3.37498153953126,-3.52230625428812,-3.47074844462327,0,1,1,0,114.4,"Q1"
"2514",64,7.82244472949999,70,-3.2587217334154,-4.16893341921317,-3.20722520764823,-3.30022146432215,1,0,1,0,114.4,"Q1"
"2515",64,8.12917499690002,71,-3.2587217334154,-3.37498153953126,-3.20722520764823,-3.63415455442469,0,0,1,0,114.4,"Q1"
"2516",64,9.74987006390004,72,-3.47074844462327,-3.37498153953126,-3.01148063052213,-3.63415455442469,0,0,1,1,114.4,"Q1"
"2517",64,8.11012680190003,73,-3.2587217334154,-3.7601069634023,-3.01148063052213,-3.47074844462327,1,0,0,0,114.4,"Q1"
"2518",64,7.89655270159997,74,-3.27925633585711,-3.7601069634023,-3.24660037288306,-3.47074844462327,0,0,1,0,114.4,"Q1"
"2519",64,7.9875244798,75,-3.27925633585711,-3.37498153953126,-3.16934188974592,-3.7601069634023,0,0,1,0,114.4,"Q1"
"2520",64,8.55333223800003,76,-3.27925633585711,-3.37498153953126,-3.01148063052213,-3.7601069634023,0,0,1,0,114.4,"Q1"
"2521",64,9.73483218649999,77,-3.47074844462327,-3.47074844462327,-3.01148063052213,-3.37498153953126,1,0,1,1,114.4,"Q1"
"2522",64,7.92008319910002,78,-3.2587217334154,-4.07270538711862,-3.01148063052213,-3.37498153953126,1,0,0,0,111.7,"Q1"
"2523",64,9.18932100480001,81,-3.63415455442469,-3.69514906712753,-3.63415455442469,-3.37498153953126,1,1,0,0,111.7,"Q1"
"2524",64,8.31776616669999,83,-3.42171901738295,-3.69514906712753,-3.47074844462327,-4.03666545063542,0,1,0,0,111.7,"Q2"
"2525",64,7.92008319910002,84,-3.42171901738295,-4.16893341921317,-3.01148063052213,-3.57666746350701,1,0,0,0,111.7,"Q2"
"2526",64,8.11012680190003,85,-3.42171901738295,-3.37498153953126,-3.47074844462327,-3.57666746350701,1,1,0,0,111.7,"Q2"
"2527",64,9.3350328159,86,-3.42171901738295,-3.37498153953126,-3.47074844462327,-3.7601069634023,0,1,0,0,111,"Q2"
"2528",64,8.20193435119999,88,-3.34351827007548,-3.37498153953126,-3.33033126579352,-3.7601069634023,0,1,1,0,111,"Q2"
"2529",64,8.97916464900004,89,-3.34351827007548,-3.69514906712753,-3.01148063052213,-3.7601069634023,1,0,0,0,111,"Q2"
"2530",64,8.73359406190002,92,-3.63415455442469,-3.81529337896959,-3.47074844462327,-3.63415455442469,1,1,1,1,111,"Q2"
"2531",64,8.7540029335,93,-3.34351827007548,-3.90424086498609,-3.06360969595708,-3.90424086498609,0,1,0,0,111,"Q2"
"2532",64,9.86931010069997,94,-3.63415455442469,-3.52230625428812,-3.03071199245002,-3.34351827007548,0,0,1,1,111,"Q2"
"2533",64,8.92956770779998,95,-3.63415455442469,-3.52230625428812,-3.47074844462327,-3.34351827007548,0,0,1,0,111,"Q3"
"2534",64,7.76980099600004,97,-3.34351827007548,-3.69514906712753,-3.47074844462327,-3.47074844462327,0,0,1,0,111,"Q3"
"2535",64,7.79646924310001,100,-3.34351827007548,-4.16893341921317,-3.37498153953126,-3.52230625428812,0,0,0,0,107.2,"Q3"
"2536",64,10.606188946,102,-3.90424086498609,-3.7601069634023,-3.14728217168119,-3.37498153953126,0,0,1,1,107.2,"Q3"
"2537",64,7.5928702878,103,-3.34351827007548,-3.82957933621707,-3.14728217168119,-3.47074844462327,0,0,1,0,107.2,"Q3"
"2538",64,7.74240202179999,104,-3.34351827007548,-3.82957933621707,-3.47074844462327,-3.47074844462327,0,1,1,0,107.4,"Q3"
"2539",64,9.114710141,105,-3.47074844462327,-3.82957933621707,-3.14728217168119,-3.47074844462327,0,0,1,1,107.4,"Q3"
"2540",64,7.89655270159997,106,-3.48663599609147,-3.69514906712753,-3.19682583752354,-3.63415455442469,1,1,1,0,107.4,"Q3"
"2541",64,8.77400360019999,107,-3.55270024904077,-3.69514906712753,-3.14728217168119,-3.61939806783643,0,0,1,0,107.4,"Q3"
"2542",64,8.71275997499997,108,-3.57666746350701,-3.70780746399946,-3.47074844462327,-3.81529337896959,0,1,0,0,116,"Q4"
"2543",64,8.65869275369998,109,-3.49963775350994,-3.7601069634023,-3.14728217168119,-3.7601069634023,1,0,0,0,116,"Q4"
"2544",64,7.79646924310001,111,-3.34351827007548,-3.52230625428812,-3.20722520764823,-3.47074844462327,0,1,1,0,116,"Q4"
"2545",64,8.18423477410002,113,-3.34351827007548,-3.63415455442469,-3.14728217168119,-3.48084954060977,1,0,0,0,127.3,"Q4"
"2546",64,8.42156296040003,114,-3.39686238136804,-3.61655879253431,-3.14728217168119,-3.47578623865323,0,0,1,0,127.3,"Q4"
"2547",64,8.52833093580003,115,-3.47074844462327,-3.52230625428812,-3.47074844462327,-3.86621346939685,0,1,1,0,127.3,"Q4"
"2548",64,8.18423477410002,116,-3.47074844462327,-3.75341797525151,-3.22280237117127,-3.74677343253284,1,0,0,0,127.3,"Q4"
"2549",64,8.05070338149999,117,-3.4500904000709,-3.69514906712753,-3.14728217168119,-4.06357290355535,0,0,0,0,131.5,"Q4"
"2550",64,8.05070338149999,118,-3.34351827007548,-3.69514906712753,-3.14728217168119,-3.58601500343603,1,0,0,0,131.5,"Q4"
"2551",64,8.14786712990004,119,-3.40500810927038,-3.6826489043633,-3.16746900142532,-3.76918661141786,0,0,1,0,131.5,"Q4"
"2552",64,9.32936707840001,120,-3.47074844462327,-3.63415455442469,-3.28758971741625,-3.58902089208238,1,0,1,1,131.5,"Q4"
"2553",64,8.44934252449998,122,-3.44220464334331,-3.60499797013323,-3.33033126579352,-3.7601069634023,0,1,1,0,135.1,"Q1"
"2554",64,8.76405326930003,123,-3.24660037288306,-3.58790353677393,-3.28646138886275,-3.67443506638177,0,0,1,1,135.1,"Q1"
"2555",64,8.40737832540001,124,-3.24660037288306,-3.77362068256903,-3.06360969595708,-3.57666746350701,0,0,1,1,135.1,"Q1"
"2556",64,8.43554920239998,125,-3.54590872453773,-3.90424086498609,-3.29925516523783,-3.57666746350701,0,0,0,0,135.1,"Q1"
"2557",64,8.11012680190003,126,-3.43411812035425,-3.85139838361171,-3.54377666210979,-3.7601069634023,0,0,1,0,134.7,"Q1"
"2558",64,8.52833093580003,127,-3.47074844462327,-3.81529337896959,-3.47074844462327,-4.16893341921317,0,1,0,0,134.7,"Q1"
"2559",64,8.14786712990004,130,-3.34416740957049,-3.82957933621707,-3.57666746350701,-3.65810779544718,1,0,0,0,134.7,"Q1"
"2560",64,9.09335701649998,131,-3.47074844462327,-3.79423996977176,-3.57666746350701,-3.69514906712753,0,0,1,1,134.7,"Q1"
"2561",64,8.12917499690002,132,-3.38425228616506,-3.69514906712753,-3.57666746350701,-3.65810779544718,0,1,0,0,134.7,"Q1"
"2562",64,8.92956770779998,134,-3.4760760422584,-3.52230625428812,-3.24259235148552,-3.82241084673846,0,1,1,1,134.3,"Q2"
"2563",64,7.96554557310002,136,-3.18055696056606,-3.90424086498609,-3.07707791300794,-3.59356927430961,1,0,0,0,134.3,"Q2"
"2564",64,9.5525106297,137,-3.47074844462327,-3.85139838361171,-3.14532063725742,-3.57666746350701,0,0,1,1,134.3,"Q2"
"2565",64,7.76980099600004,138,-3.18055696056606,-3.52230625428812,-3.35240721749272,-3.57666746350701,0,1,1,0,134.3,"Q2"
"2566",64,7.84776253750002,139,-3.18055696056606,-3.51702919718728,-3.09762658123533,-3.57666746350701,0,1,1,0,126.2,"Q2"
"2567",64,7.89655270159997,140,-3.18055696056606,-3.47074844462327,-3.09474557104291,-3.65015975875681,0,0,0,0,126.2,"Q2"
"2568",64,9.46218799139997,141,-3.47074844462327,-3.63415455442469,-3.06360969595708,-3.57666746350701,0,0,1,1,126.2,"Q2"
"2569",64,7.52617891330001,142,-3.17951760434257,-3.63415455442469,-3.09762658123533,-3.57666746350701,0,0,1,0,126.2,"Q2"
"2570",64,7.49108759349998,143,-3.16934188974592,-3.60499797013323,-3.24660037288306,-3.57666746350701,0,1,1,0,118.5,"Q2"
"2571",64,7.79646924310001,144,-3.16934188974592,-3.47074844462327,-3.38659962328502,-3.57666746350701,0,0,0,0,118.5,"Q2"
"2572",64,8.0709060888,145,-3.16934188974592,-3.47074844462327,-3.47074844462327,-3.57666746350701,0,1,1,0,118.5,"Q2"
"2573",64,7.76980099600004,146,-3.23201255003806,-3.47074844462327,-3.08367101131882,-3.57666746350701,0,1,1,0,118.5,"Q2"
"2574",64,8.9710674387,147,-3.46740600063706,-3.56555623808194,-3.16934188974592,-3.57666746350701,0,0,1,1,115.5,"Q3"
"2575",64,7.9875244798,149,-3.16934188974592,-3.50136308044288,-3.11156408907911,-3.57666746350701,0,0,0,0,115.5,"Q3"
"2576",64,9.62694322449997,150,-3.33033126579352,-3.63415455442469,-3.1328414875264,-3.57666746350701,0,1,1,1,115.5,"Q3"
"2577",64,7.82244472949999,159,-3.23817244026,-3.7601069634023,-3.1328414875264,-3.64277226113314,0,1,0,0,112.5,"Q3"
"2578",64,10.215667097,160,-3.37498153953126,-3.51702919718728,-3.06150876599525,-3.50655789731998,0,0,1,1,106.5,"Q4"
"2579",67,8.0709060888,40,-3.19570876558667,-3.69514906712753,-3.16934188974592,-3.54369744426944,1,1,1,0,160,"Q2"
"2580",67,10.259202035,41,-3.47074844462327,-3.33033126579352,-3.16934188974592,-3.37498153953126,0,0,1,1,160,"Q2"
"2581",67,8.20193435119999,42,-3.19570876558667,-3.33033126579352,-3.01148063052213,-3.52230625428812,0,0,1,0,160,"Q2"
"2582",67,8.05070338149999,43,-3.19570876558667,-3.33033126579352,-3.01148063052213,-3.47074844462327,0,0,1,0,160.4,"Q3"
"2583",67,9.83220635050002,44,-3.20722520764823,-3.33033126579352,-3.01148063052213,-3.33033126579352,0,0,1,1,160.4,"Q3"
"2584",67,8.05070338149999,45,-3.19570876558667,-3.33033126579352,-3.01148063052213,-3.33033126579352,0,0,0,0,160.4,"Q3"
"2585",67,8.28601746839997,46,-3.19570876558667,-3.33033126579352,-3.09762658123533,-3.57666746350701,0,1,1,0,160.4,"Q3"
"2586",67,9.45218790810001,47,-3.28758971741625,-3.42171901738295,-3.09762658123533,-3.33033126579352,1,0,1,1,160.8,"Q3"
"2587",67,7.92008319910002,48,-3.19570876558667,-3.42171901738295,-3.01148063052213,-3.33033126579352,0,0,1,0,160.8,"Q3"
"2588",67,8.34853782539999,51,-3.19570876558667,-3.52230625428812,-3.1328414875264,-3.33033126579352,1,0,1,0,160.8,"Q3"
"2589",67,8.0709060888,52,-3.19570876558667,-3.52230625428812,-3.1328414875264,-3.47074844462327,0,0,1,0,150.9,"Q3"
"2590",67,9.79367268650004,53,-3.37498153953126,-3.52230625428812,-3.01148063052213,-3.47074844462327,0,0,1,1,150.9,"Q3"
"2591",67,8.18423477410002,54,-3.19570876558667,-3.57666746350701,-3.01148063052213,-3.37498153953126,0,0,1,0,150.9,"Q3"
"2592",67,7.89655270159997,55,-3.19570876558667,-3.57666746350701,-3.01148063052213,-3.37498153953126,1,0,0,0,150.9,"Q3"
"2593",67,8.85936344920003,56,-3.19570876558667,-3.57666746350701,-3.01148063052213,-3.47074844462327,0,1,1,0,147.2,"Q4"
"2594",67,10.290109573,57,-3.47074844462327,-3.33033126579352,-3.02748097186857,-3.47074844462327,0,0,1,1,147.2,"Q4"
"2595",67,8.09070871610001,58,-3.31313628032596,-4.02785482095327,-3.06360969595708,-3.47074844462327,1,1,0,0,147.2,"Q4"
"2596",67,8.20193435119999,59,-3.19570876558667,-3.69514906712753,-3.06360969595708,-3.47074844462327,0,0,1,0,147.2,"Q4"
"2597",67,11.061625821,60,-3.57551264453367,-3.69514906712753,-3.06360969595708,-3.47074844462327,1,0,1,1,120.9,"Q4"
"2598",67,8.0709060888,61,-3.19570876558667,-3.90424086498609,-3.06360969595708,-3.47074844462327,0,1,1,0,120.9,"Q4"
"2599",67,9.89867599549999,62,-3.47074844462327,-4.16893341921317,-3.06360969595708,-3.33033126579352,0,0,1,1,120.9,"Q4"
"2600",67,9.5660548548,63,-3.47074844462327,-3.69514906712753,-3.06360969595708,-3.33033126579352,1,0,0,0,120.9,"Q4"
"2601",67,9.30054663989996,64,-3.19570876558667,-3.33033126579352,-3.06360969595708,-3.47074844462327,1,0,1,0,120.9,"Q4"
"2602",67,8.90381521169997,69,-3.47074844462327,-3.52230625428812,-3.52230625428812,-3.47074844462327,0,1,1,0,114.4,"Q1"
"2603",67,8.3635757028,70,-3.27533800760387,-4.16893341921317,-3.20722520764823,-3.3841559158073,1,0,1,0,114.4,"Q1"
"2604",67,8.20193435119999,71,-3.29845977903522,-3.52230625428812,-3.20722520764823,-3.63415455442469,0,0,1,0,114.4,"Q1"
"2605",67,10.16277015,72,-3.47074844462327,-3.52230625428812,-3.06360969595708,-3.63415455442469,0,0,1,1,114.4,"Q1"
"2606",67,8.42156296040003,73,-3.3841559158073,-3.7601069634023,-3.06360969595708,-3.47074844462327,1,0,0,0,114.4,"Q1"
"2607",67,8.69148257649997,74,-3.40746699467575,-3.7601069634023,-3.24660037288306,-3.47074844462327,0,0,1,0,114.4,"Q1"
"2608",67,8.28601746839997,75,-3.40746699467575,-3.52230625428812,-3.16934188974592,-3.7601069634023,0,0,1,0,114.4,"Q1"
"2609",67,8.64751945309997,76,-3.40746699467575,-3.52230625428812,-3.06360969595708,-3.7601069634023,0,0,1,0,114.4,"Q1"
"2610",67,9.73483218649999,77,-3.47074844462327,-3.52230625428812,-3.06360969595708,-3.3841559158073,1,0,1,1,114.4,"Q1"
"2611",67,8.39298958799997,78,-3.3841559158073,-4.22075848707776,-3.06360969595708,-3.3841559158073,1,0,0,0,111.7,"Q1"
"2612",67,9.54337814609995,79,-3.3841559158073,-3.52230625428812,-3.06360969595708,-3.57666746350701,0,0,1,0,111.7,"Q1"
"2613",67,11.348050822,80,-3.49403145844134,-3.52230625428812,-3.06360969595708,-3.47074844462327,0,0,1,1,111.7,"Q1"
"2614",67,8.62479120200004,83,-3.47074844462327,-3.69514906712753,-3.47074844462327,-4.16893341921317,0,1,0,0,111.7,"Q2"
"2615",67,8.54090971799997,84,-3.47074844462327,-4.16893341921317,-3.06360969595708,-3.57666746350701,1,0,0,0,111.7,"Q2"
"2616",67,8.39298958799997,85,-3.47074844462327,-3.52230625428812,-3.47074844462327,-3.57666746350701,1,1,0,0,111.7,"Q2"
"2617",67,8.64751945309997,88,-3.47074844462327,-3.52230625428812,-3.33033126579352,-3.7601069634023,0,1,1,0,111,"Q2"
"2618",67,9.29468152039999,89,-3.47074844462327,-3.69514906712753,-3.06360969595708,-3.7601069634023,1,0,0,0,111,"Q2"
"2619",67,9.21512888869999,90,-3.47074844462327,-3.69514906712753,-3.06360969595708,-4.03666545063542,0,0,1,0,111,"Q2"
"2620",67,9.57941808260001,92,-3.7601069634023,-3.92777136239629,-3.47074844462327,-3.7601069634023,1,1,1,1,111,"Q2"
"2621",67,10.590214165,94,-3.63415455442469,-3.63415455442469,-3.06360969595708,-3.47074844462327,0,0,1,1,111,"Q2"
"2622",67,8.60153433980004,97,-3.47074844462327,-3.69514906712753,-3.47074844462327,-3.47074844462327,0,0,1,0,111,"Q3"
"2623",67,8.6697425899,98,-3.47074844462327,-3.63415455442469,-3.06360969595708,-3.51177984130113,0,1,1,0,111,"Q3"
"2624",67,8.64751945309997,99,-3.47074844462327,-4.16893341921317,-3.37498153953126,-3.51177984130113,1,0,1,0,107.2,"Q3"
"2625",67,8.73359406190002,100,-3.47074844462327,-4.16893341921317,-3.37498153953126,-3.52230625428812,0,0,0,0,107.2,"Q3"
"2626",67,9.3406666337,101,-3.47074844462327,-3.7601069634023,-3.28758971741625,-3.47074844462327,1,0,0,0,107.2,"Q3"
"2627",67,8.52833093580003,103,-3.47074844462327,-3.82957933621707,-3.14728217168119,-3.47074844462327,0,0,1,0,107.2,"Q3"
"2628",67,8.83171191779997,104,-3.47074844462327,-3.82957933621707,-3.47074844462327,-3.47074844462327,0,1,1,0,107.4,"Q3"
"2629",67,10.104303692,105,-3.47074844462327,-3.82957933621707,-3.14728217168119,-3.47074844462327,0,0,1,1,107.4,"Q3"
"2630",67,8.51559191000002,106,-3.47074844462327,-3.7014582363208,-3.24660037288306,-3.63415455442469,1,1,1,0,107.4,"Q3"
"2631",67,8.9871968207,107,-3.52230625428812,-3.7014582363208,-3.14728217168119,-3.63415455442469,0,0,1,0,107.4,"Q3"
"2632",67,9.12172771360001,108,-3.57666746350701,-3.7014582363208,-3.47074844462327,-3.51702919718728,0,1,0,0,116,"Q4"
"2633",67,8.95467362900003,109,-3.57666746350701,-3.7014582363208,-3.14728217168119,-3.51702919718728,1,0,0,0,116,"Q4"
"2634",67,9.00307016980004,111,-3.47074844462327,-3.7014582363208,-3.20722520764823,-3.52230625428812,0,1,1,0,116,"Q4"
"2635",67,8.5777236912,113,-3.47074844462327,-3.7014582363208,-3.14728217168119,-3.48084954060977,1,0,0,0,127.3,"Q4"
"2636",67,8.90381521169997,114,-3.47074844462327,-3.7014582363208,-3.14728217168119,-3.48084954060977,0,0,1,0,127.3,"Q4"
"2637",67,8.99516499030001,115,-3.47074844462327,-3.7014582363208,-3.47074844462327,-3.52230625428812,0,1,1,0,127.3,"Q4"
"2638",67,8.74385056200001,116,-3.47074844462327,-3.7014582363208,-3.14728217168119,-3.90424086498609,1,0,0,0,127.3,"Q4"
"2639",67,8.81284343350004,117,-3.47074844462327,-3.7014582363208,-3.14728217168119,-3.69514906712753,0,0,0,0,131.5,"Q4"
"2640",67,8.77400360019999,118,-3.47074844462327,-3.7014582363208,-3.14728217168119,-3.52230625428812,1,0,0,0,131.5,"Q4"
"2641",67,8.39298958799997,119,-3.47074844462327,-3.7014582363208,-3.14728217168119,-3.63415455442469,0,0,1,0,131.5,"Q4"
"2642",67,9.2214781164,120,-3.47074844462327,-3.7014582363208,-3.28758971741625,-3.63415455442469,1,0,1,1,131.5,"Q4"
"2643",67,9.64368001690004,121,-3.47074844462327,-3.7014582363208,-3.28758971741625,-3.57666746350701,0,0,0,0,135.1,"Q1"
"2644",67,8.23642052730002,122,-3.47074844462327,-3.7014582363208,-3.33033126579352,-3.7601069634023,0,1,1,0,135.1,"Q1"
"2645",67,8.37839078850004,125,-3.24660037288306,-3.7014582363208,-3.15092516295969,-3.57666746350701,0,0,0,0,135.1,"Q1"
"2646",67,8.11012680190003,126,-3.28758971741625,-3.7014582363208,-3.15092516295969,-3.7601069634023,0,0,1,0,134.7,"Q1"
"2647",67,8.40737832540001,127,-3.47074844462327,-3.7014582363208,-3.47074844462327,-4.16893341921317,0,1,0,0,134.7,"Q1"
"2648",67,8.79361207160002,129,-3.47074844462327,-3.7014582363208,-3.47074844462327,-3.57666746350701,0,1,1,0,134.7,"Q1"
"2649",67,8.5777236912,130,-3.28758971741625,-3.7014582363208,-3.57666746350701,-3.63415455442469,1,0,0,0,134.7,"Q1"
"2650",67,8.79361207160002,132,-3.47074844462327,-3.7014582363208,-3.57666746350701,-3.69514906712753,0,1,0,0,134.7,"Q1"
"2651",67,8.42156296040003,133,-3.28758971741625,-3.7014582363208,-3.1328414875264,-3.90424086498609,0,0,1,0,134.7,"Q1"
"2652",67,9.25263328419997,134,-3.47074844462327,-3.7014582363208,-3.24259235148552,-3.90424086498609,0,1,1,1,134.3,"Q2"
"2653",67,9.30637756020002,135,-3.47074844462327,-3.7014582363208,-3.24259235148552,-3.63415455442469,0,0,0,0,134.3,"Q2"
"2654",67,8.48961642359998,136,-3.28758971741625,-3.90424086498609,-3.18432344336154,-3.63415455442469,1,0,0,0,134.3,"Q2"
"2655",67,8.25322764560004,138,-3.28758971741625,-3.63415455442469,-3.3887748616636,-3.57666746350701,0,1,1,0,134.3,"Q2"
"2656",67,8.52833093580003,139,-3.28758971741625,-3.63415455442469,-3.18432344336154,-3.57666746350701,0,1,1,0,126.2,"Q2"
"2657",67,8.54090971799997,140,-3.28758971741625,-3.57666746350701,-3.18432344336154,-3.57666746350701,0,0,0,0,126.2,"Q2"
"2658",67,9.81487489420003,141,-3.57666746350701,-3.63415455442469,-3.18432344336154,-3.57666746350701,0,0,1,1,126.2,"Q2"
"2659",67,8.42156296040003,142,-3.28758971741625,-3.63415455442469,-3.18432344336154,-3.57666746350701,0,0,1,0,126.2,"Q2"
"2660",67,8.25322764560004,143,-3.24660037288306,-3.63415455442469,-3.24660037288306,-3.57666746350701,0,1,1,0,118.5,"Q2"
"2661",67,8.14786712990004,144,-3.24660037288306,-3.57666746350701,-3.24660037288306,-3.57666746350701,0,0,0,0,118.5,"Q2"
"2662",67,8.05070338149999,146,-3.24660037288306,-3.57666746350701,-3.18432344336154,-3.57666746350701,0,1,1,0,118.5,"Q2"
"2663",67,8.51559191000002,149,-3.24660037288306,-3.57666746350701,-3.18432344336154,-3.57666746350701,0,0,0,0,115.5,"Q3"
"2664",67,10.658670124,150,-3.33033126579352,-3.63415455442469,-3.18432344336154,-3.57666746350701,0,1,1,1,115.5,"Q3"
"2665",67,8.0300840943,151,-3.24660037288306,-3.7601069634023,-3.18432344336154,-3.57666746350701,1,0,0,0,115.5,"Q3"
"2666",67,10.92852506,153,-3.47074844462327,-3.57666746350701,-3.18432344336154,-3.57666746350701,0,0,1,1,114.5,"Q3"
"2667",67,10.367473109,154,-3.47074844462327,-3.69514906712753,-3.18432344336154,-3.57666746350701,0,1,1,1,114.5,"Q3"
"2668",67,9.06415786180001,155,-3.63415455442469,-3.90424086498609,-3.11507903118656,-3.57666746350701,0,1,1,0,114.5,"Q3"
"2669",67,8.99516499030001,156,-3.63415455442469,-3.57666746350701,-3.24660037288306,-3.50655789731998,0,1,1,0,112.5,"Q3"
"2670",67,9.77201118969998,157,-3.47074844462327,-3.50655789731998,-3.24660037288306,-3.50655789731998,0,0,1,1,112.5,"Q3"
"2671",67,9.42157327230005,158,-3.24660037288306,-3.50655789731998,-3.11507903118656,-3.69514906712753,0,0,1,0,112.5,"Q3"
"2672",67,8.28601746839997,159,-3.24660037288306,-3.7601069634023,-3.1328414875264,-3.69514906712753,0,1,0,0,112.5,"Q3"
"2673",67,10.740908222,160,-3.37498153953126,-3.50655789731998,-3.11507903118656,-3.50655789731998,0,0,1,1,106.5,"Q4"
"2674",68,8.21932609390002,40,-3.00515149547048,-3.69514906712753,-3.16934188974592,-3.54369744426944,1,1,1,0,160,"Q2"
"2675",68,10.486819867,41,-3.47074844462327,-3.16934188974592,-3.16934188974592,-3.26279505880304,0,0,1,1,160,"Q2"
"2676",68,8.18423477410002,42,-3.00515149547048,-3.16934188974592,-2.99886216656292,-3.52230625428812,0,0,1,0,160,"Q2"
"2677",68,8.05070338149999,43,-3.00515149547048,-3.16934188974592,-2.99886216656292,-3.47074844462327,0,0,1,0,160.4,"Q3"
"2678",68,10.311615778,44,-3.20722520764823,-3.16934188974592,-2.99886216656292,-3.18432344336154,0,0,1,1,160.4,"Q3"
"2679",68,8.46294817659997,45,-3.00515149547048,-3.16934188974592,-2.99886216656292,-3.57666746350701,0,0,0,0,160.4,"Q3"
"2680",68,8.28601746839997,46,-3.00515149547048,-3.16934188974592,-3.09762658123533,-3.57666746350701,0,1,1,0,160.4,"Q3"
"2681",68,9.96702557330002,47,-3.28758971741625,-3.42171901738295,-3.09762658123533,-3.18432344336154,1,0,1,1,160.8,"Q3"
"2682",68,8.12917499690002,48,-3.00515149547048,-3.42171901738295,-2.99886216656292,-3.28758971741625,0,0,1,0,160.8,"Q3"
"2683",68,8.3635757028,50,-3.00515149547048,-3.42171901738295,-3.1328414875264,-3.47074844462327,0,1,1,0,160.8,"Q3"
"2684",68,8.12917499690002,51,-3.00515149547048,-3.52230625428812,-3.1328414875264,-3.33033126579352,1,0,1,0,160.8,"Q3"
"2685",68,8.48961642359998,52,-3.00515149547048,-3.52230625428812,-3.1328414875264,-3.47074844462327,0,0,1,0,150.9,"Q3"
"2686",68,8.47637119690002,54,-3.00515149547048,-3.57666746350701,-2.99886216656292,-3.47074844462327,0,0,1,0,150.9,"Q3"
"2687",68,9.29468152039999,56,-3.00515149547048,-3.57666746350701,-3.06360969595708,-3.47074844462327,0,1,1,0,147.2,"Q4"
"2688",68,10.626581809,57,-3.47074844462327,-3.16934188974592,-3.06360969595708,-3.47074844462327,0,0,1,1,147.2,"Q4"
"2689",68,10.46515837,60,-3.47074844462327,-3.69514906712753,-3.06360969595708,-3.47074844462327,1,0,1,1,120.9,"Q4"
"2690",68,7.96554557310002,61,-3.00515149547048,-3.90424086498609,-3.06360969595708,-3.47074844462327,0,1,1,0,120.9,"Q4"
"2691",68,10.811746113,62,-3.47074844462327,-4.16893341921317,-3.06360969595708,-3.16934188974592,0,0,1,1,120.9,"Q4"
"2692",68,9.23405689859997,63,-3.47074844462327,-3.69514906712753,-3.06360969595708,-3.33033126579352,1,0,0,0,120.9,"Q4"
"2693",68,9.45720044990004,64,-3.00515149547048,-3.24660037288306,-3.06360969595708,-3.47074844462327,1,0,1,0,120.9,"Q4"
"2694",68,9.76835487850003,67,-3.47074844462327,-3.16934188974592,-3.28758971741625,-3.47074844462327,0,0,1,0,117.8,"Q4"
"2695",68,9.38462975710001,68,-3.47074844462327,-3.16934188974592,-3.28758971741625,-3.63415455442469,0,0,1,0,117.8,"Q4"
"2696",68,9.47700307720005,69,-3.47074844462327,-3.16934188974592,-3.52230625428812,-3.47074844462327,0,1,1,0,114.4,"Q1"
"2697",68,8.0709060888,70,-3.20722520764823,-4.16893341921317,-3.20722520764823,-3.24660037288306,1,0,1,0,114.4,"Q1"
"2698",68,8.78385589659998,71,-3.20722520764823,-3.16934188974592,-3.20722520764823,-3.63415455442469,0,0,1,0,114.4,"Q1"
"2699",68,10.6511229180001,72,-3.47074844462327,-3.16934188974592,-2.99886216656292,-3.63415455442469,0,0,1,1,114.4,"Q1"
"2700",68,8.91247327449998,73,-3.20722520764823,-3.7601069634023,-2.99886216656292,-3.47074844462327,1,0,0,0,114.4,"Q1"
"2701",68,8.60153433980004,74,-3.24660037288306,-3.7601069634023,-3.24660037288306,-3.47074844462327,0,0,1,0,114.4,"Q1"
"2702",68,8.87738195470003,75,-3.24660037288306,-3.16934188974592,-3.16934188974592,-3.7601069634023,0,0,1,0,114.4,"Q1"
"2703",68,9.59696239229999,76,-3.24660037288306,-3.16934188974592,-2.99886216656292,-3.7601069634023,0,0,1,0,114.4,"Q1"
"2704",68,10.254707646,77,-3.47074844462327,-3.47074844462327,-2.99886216656292,-3.37498153953126,1,0,1,1,114.4,"Q1"
"2705",68,8.52833093580003,78,-3.20722520764823,-4.07270538711862,-2.99886216656292,-3.37498153953126,1,0,0,0,111.7,"Q1"
"2706",68,9.85932665679996,79,-3.20722520764823,-3.16934188974592,-2.99886216656292,-3.57666746350701,0,0,1,0,111.7,"Q1"
"2707",68,11.439580279,80,-3.63415455442469,-3.16934188974592,-2.99886216656292,-3.37498153953126,0,0,1,1,111.7,"Q1"
"2708",68,9.19583568579999,83,-3.42171901738295,-3.69514906712753,-3.47074844462327,-4.03666545063542,0,1,0,0,111.7,"Q2"
"2709",68,9.3573801146,84,-3.42171901738295,-4.16893341921317,-2.99886216656292,-3.57666746350701,1,0,0,0,111.7,"Q2"
"2710",68,9.2214781164,85,-3.42171901738295,-3.16934188974592,-3.47074844462327,-3.57666746350701,1,1,0,0,111.7,"Q2"
"2711",68,9.9240741861,86,-3.42171901738295,-3.16934188974592,-3.47074844462327,-3.7601069634023,0,1,0,0,111,"Q2"
"2712",68,11.467425881,87,-3.82957933621707,-3.16934188974592,-3.20722520764823,-3.7601069634023,0,0,1,1,111,"Q2"
"2713",68,8.64751945309997,88,-3.28758971741625,-3.16934188974592,-3.33033126579352,-3.7601069634023,0,1,1,0,111,"Q2"
"2714",68,8.88627090209996,89,-3.28758971741625,-3.69514906712753,-2.99886216656292,-3.7601069634023,1,0,0,0,111,"Q2"
"2715",68,8.40737832540001,91,-3.28758971741625,-3.16934188974592,-3.47074844462327,-3.28758971741625,0,0,1,0,111,"Q2"
"2716",68,9.93962659920004,92,-3.57666746350701,-3.7601069634023,-3.47074844462327,-3.57666746350701,1,1,1,1,111,"Q2"
"2717",68,9.67633597980004,93,-3.28758971741625,-3.90424086498609,-3.06360969595708,-3.90424086498609,0,1,0,0,111,"Q2"
"2718",68,11.20987253,94,-3.63415455442469,-3.47074844462327,-3.03071199245002,-3.28758971741625,0,0,1,1,111,"Q2"
"2719",68,9.7610019042,95,-3.63415455442469,-3.47074844462327,-3.47074844462327,-3.28758971741625,0,0,1,0,111,"Q3"
"2720",68,8.51559191000002,96,-3.28758971741625,-3.69514906712753,-3.47074844462327,-3.28758971741625,1,1,0,0,111,"Q3"
"2721",68,8.63621989780004,97,-3.28758971741625,-3.69514906712753,-3.47074844462327,-3.47074844462327,0,0,1,0,111,"Q3"
"2722",68,8.14786712990004,98,-3.28758971741625,-3.47074844462327,-3.05446075318478,-3.47074844462327,0,1,1,0,111,"Q3"
"2723",68,8.14786712990004,99,-3.28758971741625,-4.16893341921317,-3.37498153953126,-3.47074844462327,1,0,1,0,107.2,"Q3"
"2724",68,8.39298958799997,100,-3.28758971741625,-4.16893341921317,-3.37498153953126,-3.52230625428812,0,0,0,0,107.2,"Q3"
"2725",68,11.23975098,102,-3.90424086498609,-3.7601069634023,-3.10457105358814,-3.37498153953126,0,0,1,1,107.2,"Q3"
"2726",68,8.69148257649997,103,-3.28758971741625,-3.82957933621707,-3.10457105358814,-3.47074844462327,0,0,1,0,107.2,"Q3"
"2727",68,9.52952111149995,104,-3.28758971741625,-3.82957933621707,-3.47074844462327,-3.47074844462327,0,1,1,0,107.4,"Q3"
"2728",68,10.215667097,105,-3.47074844462327,-3.82957933621707,-3.10457105358814,-3.47074844462327,0,0,1,1,107.4,"Q3"
"2729",68,9.88246818529995,107,-3.52230625428812,-3.7014582363208,-3.10457105358814,-3.63415455442469,0,0,1,0,107.4,"Q3"
"2730",68,9.73861290929997,108,-3.57666746350701,-3.7014582363208,-3.47074844462327,-3.47074844462327,0,1,0,0,116,"Q4"
"2731",68,9.62694322449997,109,-3.57666746350701,-3.7014582363208,-3.10457105358814,-3.46074836128869,1,0,0,0,116,"Q4"
"2732",68,9.16282938930003,111,-3.28758971741625,-3.7014582363208,-3.20722520764823,-3.47074844462327,0,1,1,0,116,"Q4"
"2733",68,10.670628413,112,-3.7601069634023,-3.7014582363208,-3.10457105358814,-3.47074844462327,0,0,0,0,116,"Q4"
"2734",68,8.54090971799997,113,-3.28758971741625,-3.7014582363208,-3.10457105358814,-3.47074844462327,1,0,0,0,127.3,"Q4"
"2735",68,9.5525106297,114,-3.28758971741625,-3.7014582363208,-3.10457105358814,-3.48084954060977,0,0,1,0,127.3,"Q4"
"2736",68,9.43699774259998,115,-3.47074844462327,-3.7014582363208,-3.47074844462327,-3.47074844462327,0,1,1,0,127.3,"Q4"
"2737",68,9.15609535709998,116,-3.47074844462327,-3.7014582363208,-3.10457105358814,-3.90424086498609,1,0,0,0,127.3,"Q4"
"2738",68,9.13561682580005,117,-3.47074844462327,-3.7014582363208,-3.10457105358814,-3.69514906712753,0,0,0,0,131.5,"Q4"
"2739",68,8.48961642359998,118,-3.28758971741625,-3.7014582363208,-3.10457105358814,-3.52230625428812,1,0,0,0,131.5,"Q4"
"2740",68,8.64751945309997,119,-3.28758971741625,-3.7014582363208,-3.10457105358814,-3.63415455442469,0,0,1,0,131.5,"Q4"
"2741",68,9.90508627390004,120,-3.47074844462327,-3.7014582363208,-3.28758971741625,-3.63415455442469,1,0,1,1,131.5,"Q4"
"2742",68,8.54090971799997,125,-3.24660037288306,-3.7014582363208,-2.99886216656292,-3.47074844462327,0,0,0,0,135.1,"Q1"
"2743",68,8.71275997499997,126,-3.1328414875264,-3.7014582363208,-2.99886216656292,-3.7601069634023,0,0,1,0,134.7,"Q1"
"2744",68,9.38462975710001,127,-3.47074844462327,-3.7014582363208,-3.47074844462327,-4.16893341921317,0,1,0,0,134.7,"Q1"
"2745",68,9.3462688892,129,-3.47074844462327,-3.7014582363208,-3.47074844462327,-3.47074844462327,0,1,1,0,134.7,"Q1"
"2746",68,9.15609535709998,130,-3.1328414875264,-3.7014582363208,-3.57666746350701,-3.63415455442469,1,0,0,0,134.7,"Q1"
"2747",68,9.97599424330003,131,-3.47074844462327,-3.7014582363208,-3.57666746350701,-3.69514906712753,0,0,1,1,134.7,"Q1"
"2748",68,9.0861367685,133,-3.1328414875264,-3.7014582363208,-3.1328414875264,-3.90424086498609,0,0,1,0,134.7,"Q1"
"2749",68,10.042205472,134,-3.47074844462327,-3.7014582363208,-3.24259235148552,-3.90424086498609,0,1,1,1,134.3,"Q2"
"2750",68,8.87738195470003,136,-3.1328414875264,-3.90424086498609,-3.04374149274035,-3.63415455442469,1,0,0,0,134.3,"Q2"
"2751",68,9.9579757378,137,-3.42171901738295,-3.90424086498609,-3.04374149274035,-3.47074844462327,0,0,1,1,134.3,"Q2"
"2752",68,8.40737832540001,138,-3.1328414875264,-3.47074844462327,-3.28758971741625,-3.33033126579352,0,1,1,0,134.3,"Q2"
"2753",68,8.9710674387,139,-3.1328414875264,-3.47074844462327,-3.09762658123533,-3.47074844462327,0,1,1,0,126.2,"Q2"
"2754",68,8.78385589659998,140,-3.1328414875264,-3.42171901738295,-3.09762658123533,-3.47074844462327,0,0,0,0,126.2,"Q2"
"2755",68,10.064244931,141,-3.42171901738295,-3.63415455442469,-3.06360969595708,-3.28758971741625,0,0,1,1,126.2,"Q2"
"2756",68,8.68067166040002,142,-3.1328414875264,-3.63415455442469,-3.09762658123533,-3.47074844462327,0,0,1,0,126.2,"Q2"
"2757",68,8.34853782539999,143,-3.09762658123533,-3.63415455442469,-3.24660037288306,-3.28758971741625,0,1,1,0,118.5,"Q2"
"2758",68,8.65869275369998,144,-3.09762658123533,-3.42171901738295,-3.24660037288306,-3.36137588747548,0,0,0,0,118.5,"Q2"
"2759",68,8.31776616669999,145,-3.09762658123533,-3.42171901738295,-3.47074844462327,-3.36137588747548,0,1,1,0,118.5,"Q2"
"2760",68,8.83171191779997,146,-3.09762658123533,-3.47074844462327,-3.06360969595708,-3.47074844462327,0,1,1,0,118.5,"Q2"
"2761",68,10.132692695,147,-3.46488712711174,-3.47074844462327,-3.16934188974592,-3.47074844462327,0,0,1,1,115.5,"Q3"
"2762",68,8.63621989780004,148,-3.37498153953126,-3.90424086498609,-3.16934188974592,-3.52230625428812,0,0,1,1,115.5,"Q3"
"2763",68,8.7540029335,149,-3.09762658123533,-3.42171901738295,-3.06360969595708,-3.42171901738295,0,0,0,0,115.5,"Q3"
"2764",68,10.859614193,150,-3.33033126579352,-3.63415455442469,-3.1328414875264,-3.42171901738295,0,1,1,1,115.5,"Q3"
"2765",68,8.5777236912,151,-3.09762658123533,-3.7601069634023,-3.06360969595708,-3.42171901738295,1,0,0,0,115.5,"Q3"
"2766",68,11.017448118,153,-3.47074844462327,-3.42171901738295,-3.06360969595708,-3.28758971741625,0,0,1,1,114.5,"Q3"
"2767",68,9.87919486000003,154,-3.47074844462327,-3.52230625428812,-3.1328414875264,-3.47074844462327,0,1,1,1,114.5,"Q3"
"2768",68,9.71956471440003,155,-3.63415455442469,-3.90424086498609,-3.13643215565713,-3.47074844462327,0,1,1,0,114.5,"Q3"
"2769",68,9.43188264189999,156,-3.63415455442469,-3.42171901738295,-3.24660037288306,-3.47074844462327,0,1,1,0,112.5,"Q3"
"2770",68,10.68244539,157,-3.47074844462327,-3.49619511028444,-3.24660037288306,-3.36137588747548,0,0,1,1,112.5,"Q3"
"2771",68,8.72323127479999,158,-3.09762658123533,-3.49619511028444,-3.13643215565713,-3.69514906712753,0,0,1,0,112.5,"Q3"
"2772",68,8.28601746839997,159,-3.16934188974592,-3.7601069634023,-3.13643215565713,-3.69514906712753,0,1,0,0,112.5,"Q3"
"2773",68,10.868187424,160,-3.37498153953126,-3.49619511028444,-3.13643215565713,-3.47074844462327,0,0,1,1,106.5,"Q4"
"2774",70,10.099054336,41,-3.47074844462327,-3.54369744426944,-3.18964486762409,-3.52230625428812,0,0,1,1,160,"Q2"
"2775",70,8.72323127479999,43,-3.19570876558667,-3.54369744426944,-3.17929849261876,-3.52230625428812,0,0,1,0,160.4,"Q3"
"2776",70,9.93032420650002,44,-3.20722520764823,-3.54369744426944,-3.17657948812476,-3.52230625428812,0,0,1,1,160.4,"Q3"
"2777",70,8.60153433980004,45,-3.19570876558667,-3.54369744426944,-3.18394548008168,-3.52230625428812,0,0,0,0,160.4,"Q3"
"2778",70,9.44715011409995,47,-3.28758971741625,-3.54369744426944,-3.18368250646586,-3.52230625428812,1,0,1,1,160.8,"Q3"
"2779",70,8.69148257649997,48,-3.19570876558667,-3.54369744426944,-3.18464488852894,-3.52230625428812,0,0,1,0,160.8,"Q3"
"2780",70,10.283566474,49,-3.47074844462327,-3.54369744426944,-3.17383797038714,-3.52230625428812,0,0,1,1,160.8,"Q3"
"2781",70,8.63621989780004,50,-3.19570876558667,-3.54369744426944,-3.18036499583458,-3.52230625428812,0,1,1,0,160.8,"Q3"
"2782",70,8.5777236912,52,-3.19570876558667,-3.54369744426944,-3.18025400495799,-3.52230625428812,0,0,1,0,150.9,"Q3"
"2783",70,10.130144923,53,-3.37498153953126,-3.54369744426944,-3.1876539063715,-3.52230625428812,0,0,1,1,150.9,"Q3"
"2784",70,8.6697425899,54,-3.19570876558667,-3.57666746350701,-3.17459615819197,-3.52230625428812,0,0,1,0,150.9,"Q3"
"2785",70,8.65869275369998,55,-3.19570876558667,-3.57666746350701,-3.17941732027801,-3.52230625428812,1,0,0,0,150.9,"Q3"
"2786",70,9.25874951120003,56,-3.19570876558667,-3.57666746350701,-3.18170314982165,-3.52230625428812,0,1,1,0,147.2,"Q4"
"2787",70,10.238816278,57,-3.47074844462327,-3.54369744426944,-3.189136776736,-3.52230625428812,0,0,1,1,147.2,"Q4"
"2788",70,8.72323127479999,58,-3.2387939604352,-4.24226469229872,-3.18764217354255,-3.52230625428812,1,1,0,0,147.2,"Q4"
"2789",70,8.64751945309997,59,-3.19570876558667,-3.69514906712753,-3.18941457107367,-3.52230625428812,0,0,1,0,147.2,"Q4"
"2790",70,10.296610137,60,-3.47074844462327,-3.69514906712753,-3.1833377086784,-3.52230625428812,1,0,1,1,120.9,"Q4"
"2791",70,8.70217786560003,61,-3.19570876558667,-3.90424086498609,-3.18582981631519,-3.47074844462327,0,1,1,0,120.9,"Q4"
"2792",70,10.241101994,62,-3.47074844462327,-4.16893341921317,-3.18642252156478,-3.43133447608239,0,0,1,1,120.9,"Q4"
"2793",70,9.10052550600004,63,-3.47074844462327,-3.69514906712753,-3.18325313453512,-3.47578623865323,1,0,0,0,120.9,"Q4"
"2794",70,9.27687689579999,64,-3.19570876558667,-3.54369744426944,-3.20722520764823,-3.47578623865323,1,0,1,0,120.9,"Q4"
"2795",70,9.64782080949995,67,-3.47074844462327,-3.54369744426944,-3.28758971741625,-3.52230625428812,0,0,1,0,117.8,"Q4"
"2796",70,9.28284706280001,69,-3.47074844462327,-3.54369744426944,-3.52230625428812,-3.52230625428812,0,1,1,0,114.4,"Q1"
"2797",70,8.99516499030001,70,-3.47578623865323,-4.16893341921317,-3.20722520764823,-3.52230625428812,1,0,1,0,114.4,"Q1"
"2798",70,9.18932100480001,71,-3.47578623865323,-3.54369744426944,-3.20722520764823,-3.63415455442469,0,0,1,0,114.4,"Q1"
"2799",70,9.3406666337,73,-3.47578623865323,-3.7601069634023,-3.20722520764823,-3.52230625428812,1,0,0,0,114.4,"Q1"
"2800",70,9.62271488840001,74,-3.52230625428812,-3.7601069634023,-3.24660037288306,-3.52230625428812,0,0,1,0,114.4,"Q1"
"2801",70,9.30637756020002,75,-3.52230625428812,-3.54369744426944,-3.20722520764823,-3.7601069634023,0,0,1,0,114.4,"Q1"
"2802",70,9.59260508690002,76,-3.52230625428812,-3.54369744426944,-3.20722520764823,-3.7601069634023,0,0,1,0,114.4,"Q1"
"2803",70,8.92956770779998,78,-3.47578623865323,-4.24226469229872,-3.20722520764823,-3.52230625428812,1,0,0,0,111.7,"Q1"
"2804",70,11.238909583,80,-3.63415455442469,-3.54369744426944,-3.20722520764823,-3.56004658227097,0,0,1,1,111.7,"Q1"
"2805",70,10.077776938,81,-3.63415455442469,-3.69514906712753,-3.90424086498609,-3.56004658227097,1,1,0,0,111.7,"Q1"
"2806",70,9.54795481319998,83,-3.54369744426944,-3.69514906712753,-3.47074844462327,-4.25319376283091,0,1,0,0,111.7,"Q2"
"2807",70,8.92105701820002,84,-3.54369744426944,-4.16893341921317,-3.20722520764823,-3.57666746350701,1,0,0,0,111.7,"Q2"
"2808",70,9.31793838260002,85,-3.54369744426944,-3.54369744426944,-3.47074844462327,-3.57666746350701,1,1,0,0,111.7,"Q2"
"2809",70,10.152844511,86,-3.54369744426944,-3.54369744426944,-3.47074844462327,-3.7601069634023,0,1,0,0,111,"Q2"
"2810",70,11.5042479240001,87,-3.82957933621707,-3.54369744426944,-3.20722520764823,-3.7601069634023,0,0,1,1,111,"Q2"
"2811",70,9.37381884100003,88,-3.54369744426944,-3.57666746350701,-3.33033126579352,-3.7601069634023,0,1,1,0,111,"Q2"
"2812",70,9.01091334729999,89,-3.54369744426944,-3.69514906712753,-3.20722520764823,-3.7601069634023,1,0,0,0,111,"Q2"
"2813",70,10.279180502,90,-3.54369744426944,-3.69514906712753,-3.20722520764823,-4.25319376283091,0,0,1,0,111,"Q2"
"2814",70,9.31793838260002,91,-3.54369744426944,-3.69514906712753,-3.47074844462327,-3.56004658227097,0,0,1,0,111,"Q2"
"2815",70,10.106918073,92,-3.83679958419056,-3.98492977623623,-3.47074844462327,-3.85139838361171,1,1,1,1,111,"Q2"
"2816",70,9.62694322449997,93,-3.54369744426944,-3.90424086498609,-3.1545814741628,-3.90424086498609,0,1,0,0,111,"Q2"
"2817",70,10.5322028729999,94,-3.63415455442469,-3.69514906712753,-3.1545814741628,-3.56004658227097,0,0,1,1,111,"Q2"
"2818",70,9.5838331008,95,-3.63415455442469,-3.69514906712753,-3.47074844462327,-3.56004658227097,0,0,1,0,111,"Q3"
"2819",70,9.01091334729999,96,-3.54369744426944,-3.69514906712753,-3.47074844462327,-3.56004658227097,1,1,0,0,111,"Q3"
"2820",70,9.20873909060002,97,-3.54369744426944,-3.69514906712753,-3.47074844462327,-3.56004658227097,0,0,1,0,111,"Q3"
"2821",70,9.12869638290002,98,-3.54369744426944,-3.69514906712753,-3.1545814741628,-3.56004658227097,0,1,1,0,111,"Q3"
"2822",70,8.91247327449998,99,-3.54369744426944,-4.16893341921317,-3.37498153953126,-3.56004658227097,1,0,1,0,107.2,"Q3"
"2823",70,9.10052550600004,100,-3.54369744426944,-4.16893341921317,-3.37498153953126,-3.56004658227097,0,0,0,0,107.2,"Q3"
"2824",70,9.78290058949997,101,-3.54369744426944,-3.7601069634023,-3.28758971741625,-3.56004658227097,1,0,0,0,107.2,"Q3"
"2825",70,11.6893630789999,102,-3.90424086498609,-3.7601069634023,-3.22671900232923,-3.56004658227097,0,0,1,1,107.2,"Q3"
"2826",70,9.28284706280001,103,-3.54369744426944,-3.82957933621707,-3.22671900232923,-3.56004658227097,0,0,1,0,107.2,"Q3"
"2827",70,9.30637756020002,104,-3.54369744426944,-3.82957933621707,-3.47074844462327,-3.56004658227097,0,1,1,0,107.4,"Q3"
"2828",70,9.0567228833,106,-3.54369744426944,-3.7014582363208,-3.24660037288306,-3.63415455442469,1,1,1,0,107.4,"Q3"
"2829",70,9.30637756020002,107,-3.54369744426944,-3.7014582363208,-3.22671900232923,-3.63415455442469,0,0,1,0,107.4,"Q3"
"2830",70,9.49642116310001,108,-3.57666746350701,-3.7014582363208,-3.47074844462327,-3.56004658227097,0,1,0,0,116,"Q4"
"2831",70,9.24647941859996,109,-3.57666746350701,-3.7014582363208,-3.22671900232923,-3.56004658227097,1,0,0,0,116,"Q4"
"2832",70,9.01091334729999,111,-3.54369744426944,-3.7014582363208,-3.22671900232923,-3.67645693411538,0,1,1,0,116,"Q4"
"2833",70,9.20230820029997,113,-3.54369744426944,-3.7014582363208,-3.22671900232923,-3.56004658227097,1,0,0,0,127.3,"Q4"
"2834",70,9.27087087170001,114,-3.54369744426944,-3.7014582363208,-3.22671900232923,-3.56004658227097,0,0,1,0,127.3,"Q4"
"2835",70,9.50599061410004,115,-3.54369744426944,-3.7014582363208,-3.47074844462327,-3.56004658227097,0,1,1,0,127.3,"Q4"
"2836",70,8.86841328469997,116,-3.54369744426944,-3.7014582363208,-3.22671900232923,-3.90424086498609,1,0,0,0,127.3,"Q4"
"2837",70,8.9871968207,117,-3.54369744426944,-3.7014582363208,-3.22671900232923,-3.69514906712753,0,0,0,0,131.5,"Q4"
"2838",70,9.10052550600004,118,-3.54369744426944,-3.7014582363208,-3.22671900232923,-3.56004658227097,1,0,0,0,131.5,"Q4"
"2839",70,9.16282938930003,119,-3.54369744426944,-3.7014582363208,-3.22671900232923,-3.63415455442469,0,0,1,0,131.5,"Q4"
"2840",70,9.30054663989996,120,-3.54369744426944,-3.7014582363208,-3.28758971741625,-3.63415455442469,1,0,1,1,131.5,"Q4"
"2841",70,9.32366905730002,121,-3.54369744426944,-3.7014582363208,-3.28758971741625,-3.57666746350701,0,0,0,0,135.1,"Q1"
"2842",70,8.9871968207,122,-3.54369744426944,-3.7014582363208,-3.33033126579352,-3.7601069634023,0,1,1,0,135.1,"Q1"
"2843",70,8.83171191779997,125,-3.24660037288306,-3.7014582363208,-3.20722520764823,-3.57666746350701,0,0,0,0,135.1,"Q1"
"2844",70,8.74385056200001,126,-3.34795286714334,-3.7014582363208,-3.20722520764823,-3.7601069634023,0,0,1,0,134.7,"Q1"
"2845",70,8.9871968207,127,-3.47074844462327,-3.7014582363208,-3.47074844462327,-4.16893341921317,0,1,0,0,134.7,"Q1"
"2846",70,9.41115651140004,129,-3.47074844462327,-3.7014582363208,-3.47074844462327,-3.57666746350701,0,1,1,0,134.7,"Q1"
"2847",70,9.00307016980004,130,-3.34795286714334,-3.7014582363208,-3.57666746350701,-3.63415455442469,1,0,0,0,134.7,"Q1"
"2848",70,9.73861290929997,131,-3.47074844462327,-3.7014582363208,-3.57666746350701,-3.69514906712753,0,0,1,1,134.7,"Q1"
"2849",70,9.60992153690002,134,-3.47074844462327,-3.7014582363208,-3.24259235148552,-3.90424086498609,0,1,1,1,134.3,"Q2"
"2850",70,9.49642116310001,135,-3.47074844462327,-3.7014582363208,-3.24259235148552,-3.63415455442469,0,0,0,0,134.3,"Q2"
"2851",70,8.85023096560004,136,-3.34795286714334,-3.90424086498609,-3.28758971741625,-3.63415455442469,1,0,0,0,134.3,"Q2"
"2852",70,10.435526573,137,-3.6400892899445,-3.90424086498609,-3.28758971741625,-3.57666746350701,0,0,1,1,134.3,"Q2"
"2853",70,8.85023096560004,138,-3.34795286714334,-3.69514906712753,-3.49619511028444,-3.57666746350701,0,1,1,0,134.3,"Q2"
"2854",70,9.01869548770001,139,-3.34795286714334,-3.69514906712753,-3.28758971741625,-3.57666746350701,0,1,1,0,126.2,"Q2"
"2855",70,8.92956770779998,140,-3.34795286714334,-3.63415455442469,-3.28758971741625,-3.57666746350701,0,0,0,0,126.2,"Q2"
"2856",70,10.702794929,141,-3.6400892899445,-3.63415455442469,-3.28758971741625,-3.57666746350701,0,0,1,1,126.2,"Q2"
"2857",70,8.81284343350004,142,-3.34795286714334,-3.63415455442469,-3.28758971741625,-3.57666746350701,0,0,1,0,126.2,"Q2"
"2858",70,8.74385056200001,144,-3.33033126579352,-3.63415455442469,-3.28758971741625,-3.57666746350701,0,0,0,0,118.5,"Q2"
"2859",70,8.54090971799997,145,-3.33033126579352,-3.63415455442469,-3.47074844462327,-3.57666746350701,0,1,1,0,118.5,"Q2"
"2860",70,8.60153433980004,146,-3.33033126579352,-3.63415455442469,-3.28758971741625,-3.57666746350701,0,1,1,0,118.5,"Q2"
"2861",70,8.8032739825,149,-3.33033126579352,-3.63415455442469,-3.28758971741625,-3.57666746350701,0,0,0,0,115.5,"Q3"
"2862",70,10.5440774820001,150,-3.33033126579352,-3.63415455442469,-3.28758971741625,-3.57666746350701,0,1,1,1,115.5,"Q3"
"2863",70,9.72722758709997,151,-3.33033126579352,-3.7601069634023,-3.28758971741625,-3.57666746350701,1,0,0,0,115.5,"Q3"
"2864",70,10.3052123410001,153,-3.47074844462327,-3.63415455442469,-3.28758971741625,-3.57666746350701,0,0,1,1,114.5,"Q3"
"2865",70,9.90827606929997,154,-3.47074844462327,-3.7601069634023,-3.28758971741625,-3.57666746350701,0,1,1,1,114.5,"Q3"
"2866",70,10.109525636,155,-3.63415455442469,-3.90424086498609,-3.20722520764823,-3.57666746350701,0,1,1,0,114.5,"Q3"
"2867",70,9.49160187660003,156,-3.63415455442469,-3.63415455442469,-3.24660037288306,-3.57666746350701,0,1,1,0,112.5,"Q3"
"2868",70,10.234229114,157,-3.47074844462327,-3.57666746350701,-3.24660037288306,-3.57666746350701,0,0,1,1,112.5,"Q3"
"2869",70,8.85936344920003,158,-3.33033126579352,-3.57666746350701,-3.20722520764823,-3.69514906712753,0,0,1,0,112.5,"Q3"
"2870",71,7.5928702878,40,-3.00515149547048,-3.69514906712753,-3.16934188974592,-3.54369744426944,1,1,1,0,160,"Q2"
"2871",71,7.9875244798,42,-3.00515149547048,-3.16934188974592,-2.99886216656292,-3.52230625428812,0,0,1,0,160,"Q2"
"2872",71,7.56008046500001,43,-3.00515149547048,-3.16934188974592,-2.99886216656292,-3.47074844462327,0,0,1,0,160.4,"Q3"
"2873",71,10.44114983,44,-3.20722520764823,-3.16934188974592,-2.99886216656292,-3.18432344336154,0,0,1,1,160.4,"Q3"
"2874",71,7.82244472949999,45,-3.00515149547048,-3.16934188974592,-2.99886216656292,-3.28758971741625,0,0,0,0,160.4,"Q3"
"2875",71,7.9875244798,51,-3.00515149547048,-3.52230625428812,-3.1328414875264,-3.33033126579352,1,0,1,0,160.8,"Q3"
"2876",71,7.62461898619999,52,-3.00515149547048,-3.52230625428812,-3.1328414875264,-3.47074844462327,0,0,1,0,150.9,"Q3"
"2877",71,10.058780437,53,-3.37498153953126,-3.52230625428812,-2.99886216656292,-3.47074844462327,0,0,1,1,150.9,"Q3"
"2878",71,7.71423114480001,54,-3.00515149547048,-3.57666746350701,-2.99886216656292,-3.28758971741625,0,0,1,0,150.9,"Q3"
"2879",71,7.71423114480001,55,-3.00515149547048,-3.57666746350701,-2.99886216656292,-3.28758971741625,1,0,0,0,150.9,"Q3"
"2880",71,9.23405689859997,56,-3.00515149547048,-3.57666746350701,-2.99886216656292,-3.47074844462327,0,1,1,0,147.2,"Q4"
"2881",71,10.6250278080001,57,-3.47074844462327,-3.16934188974592,-3.03071199245002,-3.47074844462327,0,0,1,1,147.2,"Q4"
"2882",71,8.47637119690002,58,-3.1799566138929,-3.94377170374273,-3.06360969595708,-3.47074844462327,1,1,0,0,147.2,"Q4"
"2883",71,10.2879332930001,60,-3.47074844462327,-3.69514906712753,-3.06360969595708,-3.47074844462327,1,0,1,1,120.9,"Q4"
"2884",71,10.7736086839999,62,-3.47074844462327,-4.16893341921317,-3.06360969595708,-3.16934188974592,0,0,1,1,120.9,"Q4"
"2885",71,8.92956770779998,63,-3.47074844462327,-3.69514906712753,-3.06360969595708,-3.33033126579352,1,0,0,0,120.9,"Q4"
"2886",71,9.69621735039997,66,-3.47074844462327,-3.82957933621707,-3.16934188974592,-3.47074844462327,1,0,0,0,117.8,"Q4"
"2887",71,9.17616292019996,68,-3.47074844462327,-3.16934188974592,-3.28758971741625,-3.63415455442469,0,0,1,0,117.8,"Q4"
"2888",71,9.45720044990004,69,-3.47074844462327,-3.16934188974592,-3.52230625428812,-3.47074844462327,0,1,1,0,114.4,"Q1"
"2889",71,7.79646924310001,70,-3.20722520764823,-4.16893341921317,-3.20722520764823,-3.24660037288306,1,0,1,0,114.4,"Q1"
"2890",71,8.31776616669999,71,-3.20722520764823,-3.16934188974592,-3.20722520764823,-3.63415455442469,0,0,1,0,114.4,"Q1"
"2891",71,10.86574542,72,-3.47074844462327,-3.16934188974592,-2.99886216656292,-3.63415455442469,0,0,1,1,114.4,"Q1"
"2892",71,8.5026885052,73,-3.20722520764823,-3.7601069634023,-2.99886216656292,-3.47074844462327,1,0,0,0,114.4,"Q1"
"2893",71,8.34853782539999,74,-3.24660037288306,-3.7601069634023,-3.24660037288306,-3.47074844462327,0,0,1,0,114.4,"Q1"
"2894",71,9.02641753380003,76,-3.24660037288306,-3.16934188974592,-2.99886216656292,-3.7601069634023,0,0,1,0,114.4,"Q1"
"2895",71,10.435526573,77,-3.47074844462327,-3.47074844462327,-2.99886216656292,-3.37498153953126,1,0,1,1,114.4,"Q1"
"2896",71,7.71423114480001,78,-3.20722520764823,-4.07270538711862,-2.99886216656292,-3.37498153953126,1,0,0,0,111.7,"Q1"
"2897",71,9.97896601369997,79,-3.20722520764823,-3.16934188974592,-2.99886216656292,-3.57666746350701,0,0,1,0,111.7,"Q1"
"2898",71,8.64751945309997,83,-3.42171901738295,-3.69514906712753,-3.47074844462327,-4.03666545063542,0,1,0,0,111.7,"Q2"
"2899",71,8.40737832540001,84,-3.42171901738295,-4.16893341921317,-2.99886216656292,-3.57666746350701,1,0,0,0,111.7,"Q2"
"2900",71,8.77400360019999,85,-3.42171901738295,-3.16934188974592,-3.47074844462327,-3.57666746350701,1,1,0,0,111.7,"Q2"
"2901",71,9.24647941859996,89,-3.28758971741625,-3.69514906712753,-2.99886216656292,-3.7601069634023,1,0,0,0,111,"Q2"
"2902",71,7.94307271730001,90,-3.28758971741625,-3.69514906712753,-2.99886216656292,-4.03666545063542,0,0,1,0,111,"Q2"
"2903",71,9.5525106297,92,-3.57666746350701,-3.7601069634023,-3.47074844462327,-3.57666746350701,1,1,1,1,111,"Q2"
"2904",71,9.37381884100003,93,-3.28758971741625,-3.90424086498609,-3.06360969595708,-3.90424086498609,0,1,0,0,111,"Q2"
"2905",71,7.68524360800001,96,-3.28758971741625,-3.69514906712753,-3.47074844462327,-3.28758971741625,1,1,0,0,111,"Q3"
"2906",71,8.7540029335,97,-3.28758971741625,-3.69514906712753,-3.47074844462327,-3.47074844462327,0,0,1,0,111,"Q3"
"2907",71,8.83171191779997,98,-3.28758971741625,-3.47074844462327,-3.0717906542107,-3.47074844462327,0,1,1,0,111,"Q3"
"2908",71,7.29437729929998,99,-3.28758971741625,-4.16893341921317,-3.37498153953126,-3.47074844462327,1,0,1,0,107.2,"Q3"
"2909",71,7.71423114480001,100,-3.28758971741625,-4.16893341921317,-3.37498153953126,-3.52230625428812,0,0,0,0,107.2,"Q3"
"2910",71,7.96554557310002,103,-3.28758971741625,-3.82957933621707,-3.10457105358814,-3.47074844462327,0,0,1,0,107.2,"Q3"
"2911",71,8.0300840943,104,-3.28758971741625,-3.82957933621707,-3.47074844462327,-3.47074844462327,0,1,1,0,107.4,"Q3"
"2912",71,9.73861290929997,105,-3.47074844462327,-3.82957933621707,-3.10457105358814,-3.47074844462327,0,0,1,1,107.4,"Q3"
"2913",71,8.81284343350004,106,-3.47074844462327,-3.7014582363208,-3.24660037288306,-3.63415455442469,1,1,1,0,107.4,"Q3"
"2914",71,9.14248970509999,107,-3.52230625428812,-3.7014582363208,-3.10457105358814,-3.63415455442469,0,0,1,0,107.4,"Q3"
"2915",71,9.17616292019996,108,-3.57666746350701,-3.7014582363208,-3.47074844462327,-3.47074844462327,0,1,0,0,116,"Q4"
"2916",71,9.13561682580005,109,-3.57666746350701,-3.7014582363208,-3.10457105358814,-3.46074836128869,1,0,0,0,116,"Q4"
"2917",71,8.0300840943,113,-3.28758971741625,-3.63415455442469,-3.10457105358814,-3.48084954060977,1,0,0,0,127.3,"Q4"
"2918",71,8.31776616669999,114,-3.38271489301274,-3.6223897128451,-3.10457105358814,-3.48084954060977,0,0,1,0,127.3,"Q4"
"2919",71,8.85936344920003,115,-3.47074844462327,-3.47074844462327,-3.47074844462327,-3.84407234351964,0,1,1,0,127.3,"Q4"
"2920",71,8.62479120200004,116,-3.47074844462327,-3.75341797525151,-3.16129392390603,-3.82241084673846,1,0,0,0,127.3,"Q4"
"2921",71,8.21932609390002,117,-3.44831794559008,-3.7014582363208,-3.10457105358814,-3.65206548099122,0,0,0,0,131.5,"Q4"
"2922",71,7.76980099600004,118,-3.28758971741625,-3.69514906712753,-3.10457105358814,-3.55791868521324,1,0,0,0,131.5,"Q4"
"2923",71,8.05070338149999,119,-3.37739215780668,-3.68887945411394,-3.13186631413031,-3.63415455442469,0,0,1,0,131.5,"Q4"
"2924",71,9.67231182949999,120,-3.47074844462327,-3.63415455442469,-3.28758971741625,-3.55357438538327,1,0,1,1,131.5,"Q4"
"2925",71,9.3573801146,121,-3.47074844462327,-3.63415455442469,-3.3044677552036,-3.71812436822352,0,0,0,0,135.1,"Q1"
"2926",71,8.11012680190003,122,-3.41601472225581,-3.60499797013323,-3.33033126579352,-3.7601069634023,0,1,1,0,135.1,"Q1"
"2927",71,9.46218799139997,123,-3.24660037288306,-3.57109641845755,-3.26379690448287,-3.7373157808912,0,0,1,1,135.1,"Q1"
"2928",71,9.16282938930003,124,-3.24660037288306,-3.78731952692719,-2.99886216656292,-3.47074844462327,0,0,1,1,135.1,"Q1"
"2929",71,7.71423114480001,125,-3.22228565674288,-3.90424086498609,-2.99886216656292,-3.63018400678206,0,0,0,0,135.1,"Q1"
"2930",71,8.52833093580003,127,-3.47074844462327,-3.56555623808194,-3.47074844462327,-4.16893341921317,0,1,0,0,134.7,"Q1"
"2931",71,8.61323037960001,129,-3.49365738458227,-3.67645693411538,-3.82957933621707,-3.59356927430961,0,1,1,0,134.7,"Q1"
"2932",71,8.5026885052,130,-3.38627917847321,-3.82957933621707,-3.80120863908786,-3.69514906712753,1,0,0,0,134.7,"Q1"
"2933",71,10.127590643,131,-3.47074844462327,-3.76684099558365,-3.57666746350701,-3.69514906712753,0,0,1,1,134.7,"Q1"
"2934",71,8.82232217749998,132,-3.43160764498382,-3.69514906712753,-3.50797407963295,-3.81529337896959,0,1,0,0,134.7,"Q1"
"2935",71,8.48961642359998,133,-3.3373183323033,-3.6826489043633,-3.12921264805139,-3.90424086498609,0,0,1,0,134.7,"Q1"
"2936",71,10.013955006,134,-3.47074844462327,-3.47074844462327,-3.24259235148552,-3.85139838361171,0,1,1,1,134.3,"Q2"
"2937",71,8.12917499690002,136,-3.1328414875264,-3.90424086498609,-3.04374149274035,-3.6223897128451,1,0,0,0,134.3,"Q2"
"2938",71,10.254707646,137,-3.42171901738295,-3.88125134676139,-3.16193444846806,-3.45828366622113,0,0,1,1,134.3,"Q2"
"2939",71,7.68524360800001,138,-3.1328414875264,-3.47074844462327,-3.28758971741625,-3.33033126579352,0,1,1,0,134.3,"Q2"
"2940",71,8.12917499690002,139,-3.1328414875264,-3.46573590279973,-3.09762658123533,-3.47074844462327,0,1,1,0,126.2,"Q2"
"2941",71,7.96554557310002,140,-3.1328414875264,-3.42171901738295,-3.0922105775498,-3.47074844462327,0,0,0,0,126.2,"Q2"
"2942",71,9.99661353050001,141,-3.42171901738295,-3.63415455442469,-3.06360969595708,-3.28758971741625,0,0,1,1,126.2,"Q2"
"2943",71,7.96554557310002,142,-3.12315680365092,-3.63415455442469,-3.09762658123533,-3.47074844462327,0,0,1,0,126.2,"Q2"
"2944",71,8.05070338149999,143,-3.09762658123533,-3.6282548322975,-3.24660037288306,-3.3044677552036,0,1,1,0,118.5,"Q2"
"2945",71,7.76980099600004,144,-3.09762658123533,-3.54911751173878,-3.38716191427401,-3.44290242533057,0,0,0,0,118.5,"Q2"
"2946",71,7.84776253750002,146,-3.28362900104252,-3.47074844462327,-3.10039263437743,-3.47074844462327,0,1,1,0,118.5,"Q2"
"2947",71,9.5838331008,147,-3.46893782669122,-3.61655879253431,-3.16934188974592,-3.46902733923854,0,0,1,1,115.5,"Q3"
"2948",71,8.55333223800003,149,-3.09762658123533,-3.47074844462327,-3.08555216381839,-3.42171901738295,0,0,0,0,115.5,"Q3"
"2949",71,10.719913749,150,-3.33033126579352,-3.63415455442469,-3.1328414875264,-3.42171901738295,0,1,1,1,115.5,"Q3"
"2950",71,8.0709060888,151,-3.10742169231287,-3.7601069634023,-3.07707791300794,-3.40276110363834,1,0,0,0,115.5,"Q3"
"2951",71,8.05070338149999,158,-3.12090017558599,-3.58226971905568,-3.06360969595708,-3.69514906712753,0,0,1,0,112.5,"Q3"
"2952",72,8.31776616669999,40,-3.00515149547048,-3.69514906712753,-3.16934188974592,-3.54369744426944,1,1,1,0,160,"Q2"
"2953",72,8.31776616669999,43,-3.00515149547048,-3.16934188974592,-2.99886216656292,-3.47074844462327,0,0,1,0,160.4,"Q3"
"2954",72,10.663171257,44,-3.20722520764823,-3.16934188974592,-2.99886216656292,-3.18432344336154,0,0,1,1,160.4,"Q3"
"2955",72,9.49642116310001,45,-3.00515149547048,-3.16934188974592,-2.99886216656292,-3.28758971741625,0,0,0,0,160.4,"Q3"
"2956",72,8.82232217749998,46,-3.00515149547048,-3.16934188974592,-3.09762658123533,-3.57666746350701,0,1,1,0,160.4,"Q3"
"2957",72,10.085809109,47,-3.28758971741625,-3.42171901738295,-3.09762658123533,-3.18432344336154,1,0,1,1,160.8,"Q3"
"2958",72,7.96554557310002,48,-3.00515149547048,-3.42171901738295,-2.99886216656292,-3.28758971741625,0,0,1,0,160.8,"Q3"
"2959",72,8.0709060888,50,-3.00515149547048,-3.42171901738295,-3.1328414875264,-3.47074844462327,0,1,1,0,160.8,"Q3"
"2960",72,7.9875244798,51,-3.00515149547048,-3.52230625428812,-3.1328414875264,-3.33033126579352,1,0,1,0,160.8,"Q3"
"2961",72,8.0300840943,52,-3.00515149547048,-3.52230625428812,-3.1328414875264,-3.47074844462327,0,0,1,0,150.9,"Q3"
"2962",72,10.231927617,53,-3.37498153953126,-3.52230625428812,-2.99886216656292,-3.47074844462327,0,0,1,1,150.9,"Q3"
"2963",72,8.05070338149999,54,-3.00515149547048,-3.57666746350701,-2.99886216656292,-3.28758971741625,0,0,1,0,150.9,"Q3"
"2964",72,8.00903068509998,55,-3.00515149547048,-3.57666746350701,-2.99886216656292,-3.28758971741625,1,0,0,0,150.9,"Q3"
"2965",72,8.83171191779997,56,-3.00515149547048,-3.57666746350701,-2.99886216656292,-3.47074844462327,0,1,1,0,147.2,"Q4"
"2966",72,10.552473837,57,-3.47074844462327,-3.16934188974592,-3.03071199245002,-3.47074844462327,0,0,1,1,147.2,"Q4"
"2967",72,8.55333223800003,58,-3.20076040441907,-3.94377170374273,-3.06360969595708,-3.47074844462327,1,1,0,0,147.2,"Q4"
"2968",72,8.99516499030001,59,-3.00515149547048,-3.69514906712753,-3.06360969595708,-3.47074844462327,0,0,1,0,147.2,"Q4"
"2969",72,10.375489184,60,-3.47074844462327,-3.69514906712753,-3.06360969595708,-3.47074844462327,1,0,1,1,120.9,"Q4"
"2970",72,8.11012680190003,61,-3.00515149547048,-3.90424086498609,-3.06360969595708,-3.47074844462327,0,1,1,0,120.9,"Q4"
"2971",72,10.562457281,62,-3.47074844462327,-4.16893341921317,-3.06360969595708,-3.16934188974592,0,0,1,1,120.9,"Q4"
"2972",72,9.71571114510001,63,-3.47074844462327,-3.69514906712753,-3.06360969595708,-3.33033126579352,1,0,0,0,120.9,"Q4"
"2973",72,9.4818930625,64,-3.00515149547048,-3.24660037288306,-3.06360969595708,-3.47074844462327,1,0,1,0,120.9,"Q4"
"2974",72,9.76835487850003,67,-3.47074844462327,-3.16934188974592,-3.28758971741625,-3.47074844462327,0,0,1,0,117.8,"Q4"
"2975",72,9.28284706280001,68,-3.47074844462327,-3.16934188974592,-3.28758971741625,-3.63415455442469,0,0,1,0,117.8,"Q4"
"2976",72,9.70406052779999,69,-3.47074844462327,-3.16934188974592,-3.52230625428812,-3.47074844462327,0,1,1,0,114.4,"Q1"
"2977",72,8.44934252449998,70,-3.20722520764823,-4.16893341921317,-3.20722520764823,-3.24660037288306,1,0,1,0,114.4,"Q1"
"2978",72,8.6697425899,71,-3.20722520764823,-3.16934188974592,-3.20722520764823,-3.63415455442469,0,0,1,0,114.4,"Q1"
"2979",72,10.575615366,72,-3.47074844462327,-3.16934188974592,-2.99886216656292,-3.63415455442469,0,0,1,1,114.4,"Q1"
"2980",72,8.8032739825,73,-3.20722520764823,-3.7601069634023,-2.99886216656292,-3.47074844462327,1,0,0,0,114.4,"Q1"
"2981",72,8.65869275369998,74,-3.24660037288306,-3.7601069634023,-3.24660037288306,-3.47074844462327,0,0,1,0,114.4,"Q1"
"2982",72,8.43554920239998,75,-3.24660037288306,-3.16934188974592,-3.16934188974592,-3.7601069634023,0,0,1,0,114.4,"Q1"
"2983",72,8.91247327449998,76,-3.24660037288306,-3.16934188974592,-2.99886216656292,-3.7601069634023,0,0,1,0,114.4,"Q1"
"2984",72,10.343031974,77,-3.47074844462327,-3.47074844462327,-2.99886216656292,-3.37498153953126,1,0,1,1,114.4,"Q1"
"2985",72,8.09070871610001,78,-3.20722520764823,-4.07270538711862,-2.99886216656292,-3.37498153953126,1,0,0,0,111.7,"Q1"
"2986",72,9.3350328159,79,-3.20722520764823,-3.16934188974592,-2.99886216656292,-3.57666746350701,0,0,1,0,111.7,"Q1"
"2987",72,11.41588579,80,-3.63415455442469,-3.16934188974592,-2.99886216656292,-3.37498153953126,0,0,1,1,111.7,"Q1"
"2988",72,9.85261522220004,81,-3.63415455442469,-3.69514906712753,-3.63415455442469,-3.37498153953126,1,1,0,0,111.7,"Q1"
"2989",72,8.64751945309997,83,-3.42171901738295,-3.69514906712753,-3.47074844462327,-4.03666545063542,0,1,0,0,111.7,"Q2"
"2990",72,8.71275997499997,84,-3.42171901738295,-4.16893341921317,-2.99886216656292,-3.57666746350701,1,0,0,0,111.7,"Q2"
"2991",72,8.71275997499997,85,-3.42171901738295,-3.16934188974592,-3.47074844462327,-3.57666746350701,1,1,0,0,111.7,"Q2"
"2992",72,9.99952474069997,86,-3.42171901738295,-3.16934188974592,-3.47074844462327,-3.7601069634023,0,1,0,0,111,"Q2"
"2993",72,8.43554920239998,88,-3.28758971741625,-3.16934188974592,-3.33033126579352,-3.7601069634023,0,1,1,0,111,"Q2"
"2994",72,8.78385589659998,89,-3.28758971741625,-3.69514906712753,-2.99886216656292,-3.7601069634023,1,0,0,0,111,"Q2"
"2995",72,8.42156296040003,90,-3.28758971741625,-3.69514906712753,-2.99886216656292,-4.03666545063542,0,0,1,0,111,"Q2"
"2996",72,8.18423477410002,91,-3.28758971741625,-3.16934188974592,-3.47074844462327,-3.28758971741625,0,0,1,0,111,"Q2"
"2997",72,9.94578046470002,92,-3.57666746350701,-3.7601069634023,-3.47074844462327,-3.57666746350701,1,1,1,1,111,"Q2"
"2998",72,9.59260508690002,93,-3.28758971741625,-3.90424086498609,-3.06360969595708,-3.90424086498609,0,1,0,0,111,"Q2"
"2999",72,10.962388341,94,-3.63415455442469,-3.47074844462327,-3.03071199245002,-3.28758971741625,0,0,1,1,111,"Q2"
"3000",72,9.76835487850003,95,-3.63415455442469,-3.47074844462327,-3.47074844462327,-3.28758971741625,0,0,1,0,111,"Q3"
"3001",72,8.0300840943,96,-3.28758971741625,-3.69514906712753,-3.47074844462327,-3.28758971741625,1,1,0,0,111,"Q3"
"3002",72,8.37839078850004,97,-3.28758971741625,-3.69514906712753,-3.47074844462327,-3.47074844462327,0,0,1,0,111,"Q3"
"3003",72,8.3635757028,98,-3.28758971741625,-3.47074844462327,-3.0644497608198,-3.47074844462327,0,1,1,0,111,"Q3"
"3004",72,8.25322764560004,99,-3.28758971741625,-4.16893341921317,-3.37498153953126,-3.47074844462327,1,0,1,0,107.2,"Q3"
"3005",72,8.40737832540001,100,-3.28758971741625,-4.16893341921317,-3.37498153953126,-3.52230625428812,0,0,0,0,107.2,"Q3"
"3006",72,9.37923890839995,101,-3.28758971741625,-3.7601069634023,-3.28758971741625,-3.37498153953126,1,0,0,0,107.2,"Q3"
"3007",72,11.6222461290001,102,-3.90424086498609,-3.7601069634023,-3.10457105358814,-3.37498153953126,0,0,1,1,107.2,"Q3"
"3008",72,8.33327035329998,103,-3.28758971741625,-3.82957933621707,-3.10457105358814,-3.47074844462327,0,0,1,0,107.2,"Q3"
"3009",72,8.43554920239998,104,-3.28758971741625,-3.82957933621707,-3.47074844462327,-3.47074844462327,0,1,1,0,107.4,"Q3"
"3010",72,10.303068717,105,-3.47074844462327,-3.82957933621707,-3.10457105358814,-3.47074844462327,0,0,1,1,107.4,"Q3"
"3011",72,9.02641753380003,106,-3.47074844462327,-3.7014582363208,-3.24660037288306,-3.63415455442469,1,1,1,0,107.4,"Q3"
"3012",72,9.74237939209997,107,-3.52230625428812,-3.7014582363208,-3.10457105358814,-3.63415455442469,0,0,1,0,107.4,"Q3"
"3013",72,9.605620455,108,-3.57666746350701,-3.7014582363208,-3.47074844462327,-3.47074844462327,0,1,0,0,116,"Q4"
"3014",72,9.66421461929997,109,-3.57666746350701,-3.7014582363208,-3.10457105358814,-3.46074836128869,1,0,0,0,116,"Q4"
"3015",72,8.8032739825,111,-3.28758971741625,-3.7014582363208,-3.20722520764823,-3.47074844462327,0,1,1,0,116,"Q4"
"3016",72,10.699913083,112,-3.7601069634023,-3.7014582363208,-3.10457105358814,-3.47074844462327,0,0,0,0,116,"Q4"
"3017",72,8.3635757028,113,-3.28758971741625,-3.7014582363208,-3.10457105358814,-3.47074844462327,1,0,0,0,127.3,"Q4"
"3018",72,9.20230820029997,114,-3.28758971741625,-3.7014582363208,-3.10457105358814,-3.48084954060977,0,0,1,0,127.3,"Q4"
"3019",72,9.24028744829999,115,-3.47074844462327,-3.7014582363208,-3.47074844462327,-3.47074844462327,0,1,1,0,127.3,"Q4"
"3020",72,9.25263328419997,116,-3.47074844462327,-3.7014582363208,-3.10457105358814,-3.90424086498609,1,0,0,0,127.3,"Q4"
"3021",72,9.14248970509999,117,-3.47074844462327,-3.7014582363208,-3.10457105358814,-3.69514906712753,0,0,0,0,131.5,"Q4"
"3022",72,8.6697425899,118,-3.28758971741625,-3.7014582363208,-3.10457105358814,-3.52230625428812,1,0,0,0,131.5,"Q4"
"3023",72,8.40737832540001,119,-3.28758971741625,-3.7014582363208,-3.10457105358814,-3.63415455442469,0,0,1,0,131.5,"Q4"
"3024",72,10.208616539,120,-3.47074844462327,-3.7014582363208,-3.28758971741625,-3.63415455442469,1,0,1,1,131.5,"Q4"
"3025",72,8.79361207160002,122,-3.47074844462327,-3.7014582363208,-3.33033126579352,-3.7601069634023,0,1,1,0,135.1,"Q1"
"3026",72,9.87261588890002,123,-3.24660037288306,-3.7014582363208,-3.33033126579352,-3.7601069634023,0,0,1,1,135.1,"Q1"
"3027",72,9.01091334729999,124,-3.24660037288306,-3.7014582363208,-2.99886216656292,-3.47074844462327,0,0,1,1,135.1,"Q1"
"3028",72,8.46294817659997,125,-3.24660037288306,-3.7014582363208,-2.99886216656292,-3.47074844462327,0,0,0,0,135.1,"Q1"
"3029",72,8.71275997499997,126,-3.1328414875264,-3.7014582363208,-2.99886216656292,-3.7601069634023,0,0,1,0,134.7,"Q1"
"3030",72,9.16282938930003,127,-3.47074844462327,-3.7014582363208,-3.47074844462327,-4.16893341921317,0,1,0,0,134.7,"Q1"
"3031",72,9.27687689579999,129,-3.47074844462327,-3.7014582363208,-3.47074844462327,-3.47074844462327,0,1,1,0,134.7,"Q1"
"3032",72,9.04923221160001,130,-3.1328414875264,-3.7014582363208,-3.57666746350701,-3.63415455442469,1,0,0,0,134.7,"Q1"
"3033",72,9.95494083409999,131,-3.47074844462327,-3.7014582363208,-3.57666746350701,-3.69514906712753,0,0,1,1,134.7,"Q1"
"3034",72,9.42674124240004,132,-3.47074844462327,-3.7014582363208,-3.57666746350701,-3.69514906712753,0,1,0,0,134.7,"Q1"
"3035",72,9.01869548770001,133,-3.1328414875264,-3.7014582363208,-3.1328414875264,-3.90424086498609,0,0,1,0,134.7,"Q1"
"3036",72,10.379473253,134,-3.47074844462327,-3.7014582363208,-3.24259235148552,-3.90424086498609,0,1,1,1,134.3,"Q2"
"3037",72,8.79361207160002,136,-3.1328414875264,-3.90424086498609,-3.04374149274035,-3.63415455442469,1,0,0,0,134.3,"Q2"
"3038",72,10.361418601,137,-3.42171901738295,-3.90424086498609,-3.04374149274035,-3.47074844462327,0,0,1,1,134.3,"Q2"
"3039",72,8.33327035329998,138,-3.1328414875264,-3.47074844462327,-3.28758971741625,-3.33033126579352,0,1,1,0,134.3,"Q2"
"3040",72,8.40737832540001,139,-3.1328414875264,-3.47074844462327,-3.09762658123533,-3.47074844462327,0,1,1,0,126.2,"Q2"
"3041",72,8.5656023306,140,-3.1328414875264,-3.42171901738295,-3.09762658123533,-3.47074844462327,0,0,0,0,126.2,"Q2"
"3042",72,10.483242046,141,-3.42171901738295,-3.63415455442469,-3.06360969595708,-3.28758971741625,0,0,1,1,126.2,"Q2"
"3043",72,8.28601746839997,142,-3.1328414875264,-3.63415455442469,-3.09762658123533,-3.47074844462327,0,0,1,0,126.2,"Q2"
"3044",72,8.21932609390002,143,-3.09762658123533,-3.63415455442469,-3.24660037288306,-3.28758971741625,0,1,1,0,118.5,"Q2"
"3045",72,8.8032739825,146,-3.09762658123533,-3.47074844462327,-3.06360969595708,-3.47074844462327,0,1,1,0,118.5,"Q2"
"3046",72,10.427979367,147,-3.46063033760699,-3.47074844462327,-3.16934188974592,-3.47074844462327,0,0,1,1,115.5,"Q3"
"3047",72,9.21512888869999,148,-3.37498153953126,-3.90424086498609,-3.16934188974592,-3.52230625428812,0,0,1,1,115.5,"Q3"
"3048",72,8.64751945309997,149,-3.09762658123533,-3.42171901738295,-3.06360969595708,-3.42171901738295,0,0,0,0,115.5,"Q3"
"3049",72,11.040294387,150,-3.33033126579352,-3.63415455442469,-3.1328414875264,-3.42171901738295,0,1,1,1,115.5,"Q3"
"3050",72,8.55333223800003,151,-3.09762658123533,-3.7601069634023,-3.06360969595708,-3.42171901738295,1,0,0,0,115.5,"Q3"
"3051",72,11.232152801,153,-3.47074844462327,-3.42171901738295,-3.06360969595708,-3.28758971741625,0,0,1,1,114.5,"Q3"
"3052",72,10.6373927260001,154,-3.47074844462327,-3.52230625428812,-3.1328414875264,-3.47074844462327,0,1,1,1,114.5,"Q3"
"3053",72,9.32366905730002,155,-3.63415455442469,-3.90424086498609,-3.13643215565713,-3.47074844462327,0,1,1,0,114.5,"Q3"
"3054",72,9.21512888869999,156,-3.63415455442469,-3.42171901738295,-3.24660037288306,-3.47074844462327,0,1,1,0,112.5,"Q3"
"3055",72,10.429871515,157,-3.47074844462327,-3.49619511028444,-3.24660037288306,-3.36137588747548,0,0,1,1,112.5,"Q3"
"3056",72,8.54090971799997,158,-3.09762658123533,-3.49619511028444,-3.13643215565713,-3.69514906712753,0,0,1,0,112.5,"Q3"
"3057",72,8.47637119690002,159,-3.16934188974592,-3.7601069634023,-3.13643215565713,-3.69514906712753,0,1,0,0,112.5,"Q3"
"3058",72,10.960166118,160,-3.37498153953126,-3.49619511028444,-3.13643215565713,-3.47074844462327,0,0,1,1,106.5,"Q4"
"3059",73,8.92105701820002,42,-3.19570876558667,-3.33033126579352,-3.01148063052213,-3.52230625428812,0,0,1,0,160,"Q2"
"3060",73,10.652636923,44,-3.20722520764823,-3.33033126579352,-3.01148063052213,-3.37498153953126,0,0,1,1,160.4,"Q3"
"3061",73,8.94637482609996,45,-3.19570876558667,-3.33033126579352,-3.01148063052213,-3.37498153953126,0,0,0,0,160.4,"Q3"
"3062",73,8.6697425899,48,-3.19570876558667,-3.42171901738295,-3.01148063052213,-3.37498153953126,0,0,1,0,160.8,"Q3"
"3063",73,8.20193435119999,50,-3.19570876558667,-3.42171901738295,-3.1328414875264,-3.47074844462327,0,1,1,0,160.8,"Q3"
"3064",73,8.68067166040002,52,-3.19570876558667,-3.52230625428812,-3.1328414875264,-3.47074844462327,0,0,1,0,150.9,"Q3"
"3065",73,10.157819645,53,-3.37498153953126,-3.52230625428812,-3.01148063052213,-3.47074844462327,0,0,1,1,150.9,"Q3"
"3066",73,8.3635757028,54,-3.19570876558667,-3.57666746350701,-3.01148063052213,-3.42171901738295,0,0,1,0,150.9,"Q3"
"3067",73,8.42156296040003,55,-3.19570876558667,-3.57666746350701,-3.01148063052213,-3.42171901738295,1,0,0,0,150.9,"Q3"
"3068",73,9.59260508690002,56,-3.19570876558667,-3.57666746350701,-3.01148063052213,-3.47074844462327,0,1,1,0,147.2,"Q4"
"3069",73,11.271210528,57,-3.47074844462327,-3.33033126579352,-3.02748097186857,-3.47074844462327,0,0,1,1,147.2,"Q4"
"3070",73,8.7540029335,58,-3.25272843291405,-4.02785482095327,-3.06360969595708,-3.47074844462327,1,1,0,0,147.2,"Q4"
"3071",73,9.16951837750003,59,-3.19570876558667,-3.69514906712753,-3.06360969595708,-3.47074844462327,0,0,1,0,147.2,"Q4"
"3072",73,10.843494811,60,-3.47074844462327,-3.69514906712753,-3.06360969595708,-3.47074844462327,1,0,1,1,120.9,"Q4"
"3073",73,8.85023096560004,61,-3.19570876558667,-3.90424086498609,-3.06360969595708,-3.47074844462327,0,1,1,0,120.9,"Q4"
"3074",73,11.374123062,62,-3.47074844462327,-4.16893341921317,-3.06360969595708,-3.37498153953126,0,0,1,1,120.9,"Q4"
"3075",73,9.89222436029996,64,-3.19570876558667,-3.33033126579352,-3.06360969595708,-3.47074844462327,1,0,1,0,120.9,"Q4"
"3076",73,9.57498348560002,69,-3.47074844462327,-3.52230625428812,-3.52230625428812,-3.47074844462327,0,1,1,0,114.4,"Q1"
"3077",73,8.78385589659998,70,-3.3841559158073,-4.16893341921317,-3.20722520764823,-3.3841559158073,1,0,1,0,114.4,"Q1"
"3078",73,9.19583568579999,71,-3.3841559158073,-3.52230625428812,-3.20722520764823,-3.63415455442469,0,0,1,0,114.4,"Q1"
"3079",73,10.828381173,72,-3.47074844462327,-3.52230625428812,-3.06360969595708,-3.63415455442469,0,0,1,1,114.4,"Q1"
"3080",73,9.25263328419997,73,-3.3841559158073,-3.7601069634023,-3.06360969595708,-3.47074844462327,1,0,0,0,114.4,"Q1"
"3081",73,9.23405689859997,74,-3.40746699467575,-3.7601069634023,-3.24660037288306,-3.47074844462327,0,0,1,0,114.4,"Q1"
"3082",73,8.95467362900003,75,-3.40746699467575,-3.52230625428812,-3.16934188974592,-3.7601069634023,0,0,1,0,114.4,"Q1"
"3083",73,9.17616292019996,76,-3.40746699467575,-3.52230625428812,-3.06360969595708,-3.7601069634023,0,0,1,0,114.4,"Q1"
"3084",73,10.860843449,77,-3.47074844462327,-3.52230625428812,-3.06360969595708,-3.3841559158073,1,0,1,1,114.4,"Q1"
"3085",73,8.63621989780004,78,-3.3841559158073,-4.22075848707776,-3.06360969595708,-3.3841559158073,1,0,0,0,111.7,"Q1"
"3086",73,10.276980281,81,-3.63415455442469,-3.69514906712753,-3.7601069634023,-3.47074844462327,1,1,0,0,111.7,"Q1"
"3087",73,10.177476298,86,-3.47074844462327,-3.52230625428812,-3.47074844462327,-3.7601069634023,0,1,0,0,111,"Q2"
"3088",73,9.52952111149995,88,-3.47074844462327,-3.52230625428812,-3.33033126579352,-3.7601069634023,0,1,1,0,111,"Q2"
"3089",73,9.44208681210002,89,-3.47074844462327,-3.69514906712753,-3.06360969595708,-3.7601069634023,1,0,0,0,111,"Q2"
"3090",73,9.42674124240004,90,-3.47074844462327,-3.69514906712753,-3.06360969595708,-4.16893341921317,0,0,1,0,111,"Q2"
"3091",73,9.46218799139997,91,-3.47074844462327,-3.63415455442469,-3.47074844462327,-3.47074844462327,0,0,1,0,111,"Q2"
"3092",73,11.098137029,92,-3.7601069634023,-3.92777136239629,-3.47074844462327,-3.7601069634023,1,1,1,1,111,"Q2"
"3093",73,11.6296768579999,94,-3.63415455442469,-3.63415455442469,-3.06360969595708,-3.47074844462327,0,0,1,1,111,"Q2"
"3094",73,9.32366905730002,96,-3.47074844462327,-3.69514906712753,-3.47074844462327,-3.47074844462327,1,1,0,0,111,"Q3"
"3095",73,9.70014662849998,97,-3.47074844462327,-3.69514906712753,-3.47074844462327,-3.47074844462327,0,0,1,0,111,"Q3"
"3096",73,9.32936707840001,98,-3.47074844462327,-3.63415455442469,-3.0647718489887,-3.51177984130113,0,1,1,0,111,"Q3"
"3097",73,9.21512888869999,99,-3.47074844462327,-4.16893341921317,-3.37498153953126,-3.51177984130113,1,0,1,0,107.2,"Q3"
"3098",73,9.25263328419997,100,-3.47074844462327,-4.16893341921317,-3.37498153953126,-3.52230625428812,0,0,0,0,107.2,"Q3"
"3099",73,11.953706236,102,-3.90424086498609,-3.7601069634023,-3.14728217168119,-3.47074844462327,0,0,1,1,107.2,"Q3"
"3100",73,9.5660548548,103,-3.47074844462327,-3.82957933621707,-3.14728217168119,-3.47074844462327,0,0,1,0,107.2,"Q3"
"3101",73,9.3350328159,104,-3.47074844462327,-3.82957933621707,-3.47074844462327,-3.47074844462327,0,1,1,0,107.4,"Q3"
"3102",73,10.934249174,105,-3.47074844462327,-3.82957933621707,-3.14728217168119,-3.47074844462327,0,0,1,1,107.4,"Q3"
"3103",73,9.43188264189999,106,-3.47074844462327,-3.7014582363208,-3.24660037288306,-3.63415455442469,1,1,1,0,107.4,"Q3"
"3104",73,9.89867599549999,108,-3.57666746350701,-3.7014582363208,-3.47074844462327,-3.51702919718728,0,1,0,0,116,"Q4"
"3105",73,9.7610019042,109,-3.57666746350701,-3.7014582363208,-3.14728217168119,-3.51702919718728,1,0,0,0,116,"Q4"
"3106",73,9.53878043690001,111,-3.47074844462327,-3.7014582363208,-3.20722520764823,-3.52230625428812,0,1,1,0,116,"Q4"
"3107",73,10.309485852,113,-3.47074844462327,-3.7014582363208,-3.14728217168119,-3.48084954060977,1,0,0,0,127.3,"Q4"
"3108",73,9.56156046519999,114,-3.47074844462327,-3.7014582363208,-3.14728217168119,-3.48084954060977,0,0,1,0,127.3,"Q4"
"3109",73,9.72722758709997,115,-3.47074844462327,-3.7014582363208,-3.47074844462327,-3.52230625428812,0,1,1,0,127.3,"Q4"
"3110",73,9.3462688892,116,-3.47074844462327,-3.7014582363208,-3.14728217168119,-3.90424086498609,1,0,0,0,127.3,"Q4"
"3111",73,9.39532504620004,117,-3.47074844462327,-3.7014582363208,-3.14728217168119,-3.69514906712753,0,0,0,0,131.5,"Q4"
"3112",73,9.14248970509999,118,-3.47074844462327,-3.7014582363208,-3.14728217168119,-3.52230625428812,1,0,0,0,131.5,"Q4"
"3113",73,9.16282938930003,119,-3.47074844462327,-3.7014582363208,-3.14728217168119,-3.63415455442469,0,0,1,0,131.5,"Q4"
"3114",73,10.215667097,121,-3.47074844462327,-3.7014582363208,-3.28758971741625,-3.57666746350701,0,0,0,0,135.1,"Q1"
"3115",73,8.79361207160002,122,-3.47074844462327,-3.7014582363208,-3.33033126579352,-3.7601069634023,0,1,1,0,135.1,"Q1"
"3116",73,10.112126418,123,-3.24660037288306,-3.7014582363208,-3.33033126579352,-3.7601069634023,0,0,1,1,135.1,"Q1"
"3117",73,8.5656023306,125,-3.24660037288306,-3.7014582363208,-3.15092516295969,-3.57666746350701,0,0,0,0,135.1,"Q1"
"3118",73,8.62479120200004,126,-3.28758971741625,-3.7014582363208,-3.15092516295969,-3.7601069634023,0,0,1,0,134.7,"Q1"
"3119",73,8.91247327449998,127,-3.47074844462327,-3.7014582363208,-3.47074844462327,-4.16893341921317,0,1,0,0,134.7,"Q1"
"3120",73,9.38462975710001,130,-3.28758971741625,-3.7014582363208,-3.57666746350701,-3.63415455442469,1,0,0,0,134.7,"Q1"
"3121",73,10.206255262,131,-3.47074844462327,-3.7014582363208,-3.57666746350701,-3.69514906712753,0,0,1,1,134.7,"Q1"
"3122",73,10.072386089,132,-3.47074844462327,-3.7014582363208,-3.57666746350701,-3.69514906712753,0,1,0,0,134.7,"Q1"
"3123",73,9.89222436029996,134,-3.47074844462327,-3.7014582363208,-3.24259235148552,-3.90424086498609,0,1,1,1,134.3,"Q2"
"3124",73,9.01869548770001,136,-3.28758971741625,-3.90424086498609,-3.18432344336154,-3.63415455442469,1,0,0,0,134.3,"Q2"
"3125",73,10.912321002,137,-3.57666746350701,-3.90424086498609,-3.18432344336154,-3.57666746350701,0,0,1,1,134.3,"Q2"
"3126",73,8.83171191779997,138,-3.28758971741625,-3.63415455442469,-3.3887748616636,-3.57666746350701,0,1,1,0,134.3,"Q2"
"3127",73,9.20230820029997,139,-3.28758971741625,-3.63415455442469,-3.18432344336154,-3.57666746350701,0,1,1,0,126.2,"Q2"
"3128",73,9.09335701649998,140,-3.28758971741625,-3.57666746350701,-3.18432344336154,-3.57666746350701,0,0,0,0,126.2,"Q2"
"3129",73,10.678030371,141,-3.57666746350701,-3.63415455442469,-3.18432344336154,-3.57666746350701,0,0,1,1,126.2,"Q2"
"3130",73,8.82232217749998,142,-3.28758971741625,-3.63415455442469,-3.18432344336154,-3.57666746350701,0,0,1,0,126.2,"Q2"
"3131",73,8.34853782539999,143,-3.24660037288306,-3.63415455442469,-3.24660037288306,-3.57666746350701,0,1,1,0,118.5,"Q2"
"3132",73,8.85023096560004,144,-3.24660037288306,-3.57666746350701,-3.24660037288306,-3.57666746350701,0,0,0,0,118.5,"Q2"
"3133",73,8.72323127479999,145,-3.24660037288306,-3.57666746350701,-3.47074844462327,-3.57666746350701,0,1,1,0,118.5,"Q2"
"3134",73,8.64751945309997,146,-3.24660037288306,-3.57666746350701,-3.18432344336154,-3.57666746350701,0,1,1,0,118.5,"Q2"
"3135",73,10.201515917,147,-3.46501536245128,-3.57666746350701,-3.44104329020936,-3.57666746350701,0,0,1,1,115.5,"Q3"
"3136",73,9.10764297370002,149,-3.24660037288306,-3.57666746350701,-3.18432344336154,-3.57666746350701,0,0,0,0,115.5,"Q3"
"3137",73,10.77895629,150,-3.33033126579352,-3.63415455442469,-3.18432344336154,-3.57666746350701,0,1,1,1,115.5,"Q3"
"3138",73,8.81284343350004,151,-3.24660037288306,-3.7601069634023,-3.18432344336154,-3.57666746350701,1,0,0,0,115.5,"Q3"
"3139",73,11.595500349,153,-3.47074844462327,-3.57666746350701,-3.18432344336154,-3.57666746350701,0,0,1,1,114.5,"Q3"
"3140",73,10.91115346,154,-3.47074844462327,-3.69514906712753,-3.18432344336154,-3.57666746350701,0,1,1,1,114.5,"Q3"
"3141",73,10.053285918,155,-3.63415455442469,-3.90424086498609,-3.2587217334154,-3.57666746350701,0,1,1,0,114.5,"Q3"
"3142",73,9.70014662849998,156,-3.63415455442469,-3.57666746350701,-3.2587217334154,-3.65206548099122,0,1,1,0,112.5,"Q3"
"3143",73,8.60153433980004,158,-3.24660037288306,-3.65206548099122,-3.2587217334154,-3.69514906712753,0,0,1,0,112.5,"Q3"
"3144",73,11.202915981,160,-3.42171901738295,-3.65206548099122,-3.2587217334154,-3.57666746350701,0,0,1,1,106.5,"Q4"
"3145",74,10.385419753,41,-3.47074844462327,-3.24660037288306,-3.16934188974592,-3.29178259567629,0,0,1,1,160,"Q2"
"3146",74,8.65869275369998,42,-3.06360969595708,-3.24660037288306,-3.01148063052213,-3.52230625428812,0,0,1,0,160,"Q2"
"3147",74,8.48961642359998,43,-3.06360969595708,-3.24660037288306,-3.01148063052213,-3.47074844462327,0,0,1,0,160.4,"Q3"
"3148",74,10.761470976,44,-3.20722520764823,-3.24660037288306,-3.01148063052213,-3.25062452318278,0,0,1,1,160.4,"Q3"
"3149",74,8.3635757028,45,-3.06360969595708,-3.24660037288306,-3.01148063052213,-3.28758971741625,0,0,0,0,160.4,"Q3"
"3150",74,8.69148257649997,46,-3.06360969595708,-3.24660037288306,-3.09762658123533,-3.57666746350701,0,1,1,0,160.4,"Q3"
"3151",74,10.227308672,47,-3.28758971741625,-3.42171901738295,-3.09762658123533,-3.25062452318278,1,0,1,1,160.8,"Q3"
"3152",74,8.51559191000002,48,-3.06360969595708,-3.42171901738295,-3.01148063052213,-3.28758971741625,0,0,1,0,160.8,"Q3"
"3153",74,8.46294817659997,50,-3.06360969595708,-3.42171901738295,-3.1328414875264,-3.47074844462327,0,1,1,0,160.8,"Q3"
"3154",74,8.55333223800003,52,-3.06360969595708,-3.52230625428812,-3.1328414875264,-3.47074844462327,0,0,1,0,150.9,"Q3"
"3155",74,10.069679727,53,-3.37498153953126,-3.52230625428812,-3.01148063052213,-3.47074844462327,0,0,1,1,150.9,"Q3"
"3156",74,8.42156296040003,54,-3.06360969595708,-3.57666746350701,-3.01148063052213,-3.29178259567629,0,0,1,0,150.9,"Q3"
"3157",74,8.64751945309997,55,-3.06360969595708,-3.57666746350701,-3.01148063052213,-3.29178259567629,1,0,0,0,150.9,"Q3"
"3158",74,11.098137029,57,-3.47074844462327,-3.24660037288306,-3.02748097186857,-3.47074844462327,0,0,1,1,147.2,"Q4"
"3159",74,8.18423477410002,58,-3.0975744967786,-3.94377170374273,-3.06360969595708,-3.47074844462327,1,1,0,0,147.2,"Q4"
"3160",74,8.46294817659997,59,-3.06360969595708,-3.69514906712753,-3.06360969595708,-3.47074844462327,0,0,1,0,147.2,"Q4"
"3161",74,8.31776616669999,61,-3.06360969595708,-3.90424086498609,-3.06360969595708,-3.47074844462327,0,1,1,0,120.9,"Q4"
"3162",74,10.7142399750001,62,-3.47074844462327,-4.16893341921317,-3.06360969595708,-3.2188758248682,0,0,1,1,120.9,"Q4"
"3163",74,9.71956471440003,63,-3.47074844462327,-3.69514906712753,-3.06360969595708,-3.33033126579352,1,0,0,0,120.9,"Q4"
"3164",74,9.50599061410004,64,-3.06360969595708,-3.24660037288306,-3.06360969595708,-3.47074844462327,1,0,1,0,120.9,"Q4"
"3165",74,9.41115651140004,67,-3.47074844462327,-3.37498153953126,-3.28758971741625,-3.47074844462327,0,0,1,0,117.8,"Q4"
"3166",74,9.60992153690002,69,-3.47074844462327,-3.37498153953126,-3.52230625428812,-3.47074844462327,0,1,1,0,114.4,"Q1"
"3167",74,8.5656023306,70,-3.2587217334154,-4.16893341921317,-3.20722520764823,-3.30022146432215,1,0,1,0,114.4,"Q1"
"3168",74,8.77400360019999,71,-3.2587217334154,-3.37498153953126,-3.20722520764823,-3.63415455442469,0,0,1,0,114.4,"Q1"
"3169",74,10.858383424,72,-3.47074844462327,-3.37498153953126,-3.01148063052213,-3.63415455442469,0,0,1,1,114.4,"Q1"
"3170",74,8.96290412809996,73,-3.2587217334154,-3.7601069634023,-3.01148063052213,-3.47074844462327,1,0,0,0,114.4,"Q1"
"3171",74,9.04923221160001,74,-3.27925633585711,-3.7601069634023,-3.24660037288306,-3.47074844462327,0,0,1,0,114.4,"Q1"
"3172",74,8.74385056200001,75,-3.27925633585711,-3.37498153953126,-3.16934188974592,-3.7601069634023,0,0,1,0,114.4,"Q1"
"3173",74,9.38999170020003,76,-3.27925633585711,-3.37498153953126,-3.01148063052213,-3.7601069634023,0,0,1,0,114.4,"Q1"
"3174",74,10.336827197,77,-3.47074844462327,-3.47074844462327,-3.01148063052213,-3.37498153953126,1,0,1,1,114.4,"Q1"
"3175",74,8.60153433980004,78,-3.2587217334154,-4.07270538711862,-3.01148063052213,-3.37498153953126,1,0,0,0,111.7,"Q1"
"3176",74,9.98192897880002,79,-3.2587217334154,-3.37498153953126,-3.01148063052213,-3.57666746350701,0,0,1,0,111.7,"Q1"
"3177",74,11.781057678,80,-3.63415455442469,-3.37498153953126,-3.01148063052213,-3.37498153953126,0,0,1,1,111.7,"Q1"
"3178",74,9.2887817983,83,-3.42171901738295,-3.69514906712753,-3.47074844462327,-4.03666545063542,0,1,0,0,111.7,"Q2"
"3179",74,8.93800657649997,84,-3.42171901738295,-4.16893341921317,-3.01148063052213,-3.57666746350701,1,0,0,0,111.7,"Q2"
"3180",74,9.12172771360001,85,-3.42171901738295,-3.37498153953126,-3.47074844462327,-3.57666746350701,1,1,0,0,111.7,"Q2"
"3181",74,10.21332243,86,-3.42171901738295,-3.37498153953126,-3.47074844462327,-3.7601069634023,0,1,0,0,111,"Q2"
"3182",74,8.90381521169997,88,-3.34351827007548,-3.37498153953126,-3.33033126579352,-3.7601069634023,0,1,1,0,111,"Q2"
"3183",74,8.7540029335,89,-3.34351827007548,-3.69514906712753,-3.01148063052213,-3.7601069634023,1,0,0,0,111,"Q2"
"3184",74,8.97916464900004,90,-3.34351827007548,-3.69514906712753,-3.01148063052213,-4.03666545063542,0,0,1,0,111,"Q2"
"3185",74,8.62479120200004,91,-3.34351827007548,-3.42171901738295,-3.47074844462327,-3.34351827007548,0,0,1,0,111,"Q2"
"3186",74,10.179906433,92,-3.63415455442469,-3.81529337896959,-3.47074844462327,-3.63415455442469,1,1,1,1,111,"Q2"
"3187",74,9.52017524910003,93,-3.34351827007548,-3.90424086498609,-3.06360969595708,-3.90424086498609,0,1,0,0,111,"Q2"
"3188",74,10.712816487,94,-3.63415455442469,-3.52230625428812,-3.03071199245002,-3.34351827007548,0,0,1,1,111,"Q2"
"3189",74,9.63952200670001,95,-3.63415455442469,-3.52230625428812,-3.47074844462327,-3.34351827007548,0,0,1,0,111,"Q3"
"3190",74,8.40737832540001,96,-3.34351827007548,-3.69514906712753,-3.47074844462327,-3.34351827007548,1,1,0,0,111,"Q3"
"3191",74,8.54090971799997,97,-3.34351827007548,-3.69514906712753,-3.47074844462327,-3.47074844462327,0,0,1,0,111,"Q3"
"3192",74,8.34853782539999,98,-3.34351827007548,-3.52230625428812,-3.08505150577583,-3.47074844462327,0,1,1,0,111,"Q3"
"3193",74,8.37839078850004,99,-3.34351827007548,-4.16893341921317,-3.37498153953126,-3.47074844462327,1,0,1,0,107.2,"Q3"
"3194",74,8.37839078850004,100,-3.34351827007548,-4.16893341921317,-3.37498153953126,-3.52230625428812,0,0,0,0,107.2,"Q3"
"3195",74,9.01869548770001,101,-3.34351827007548,-3.7601069634023,-3.28758971741625,-3.37498153953126,1,0,0,0,107.2,"Q3"
"3196",74,11.8100032590001,102,-3.90424086498609,-3.7601069634023,-3.14728217168119,-3.37498153953126,0,0,1,1,107.2,"Q3"
"3197",74,8.31776616669999,103,-3.34351827007548,-3.82957933621707,-3.14728217168119,-3.47074844462327,0,0,1,0,107.2,"Q3"
"3198",74,8.65869275369998,104,-3.34351827007548,-3.82957933621707,-3.47074844462327,-3.47074844462327,0,1,1,0,107.4,"Q3"
"3199",74,9.7610019042,105,-3.47074844462327,-3.82957933621707,-3.14728217168119,-3.47074844462327,0,0,1,1,107.4,"Q3"
"3200",74,9.03408040660004,106,-3.47074844462327,-3.7014582363208,-3.24660037288306,-3.63415455442469,1,1,1,0,107.4,"Q3"
"3201",74,9.4867592521,107,-3.52230625428812,-3.7014582363208,-3.14728217168119,-3.63415455442469,0,0,1,0,107.4,"Q3"
"3202",74,9.72722758709997,108,-3.57666746350701,-3.7014582363208,-3.47074844462327,-3.47074844462327,0,1,0,0,116,"Q4"
"3203",74,9.3406666337,109,-3.57666746350701,-3.7014582363208,-3.14728217168119,-3.46074836128869,1,0,0,0,116,"Q4"
"3204",74,9.14931567009999,111,-3.34351827007548,-3.7014582363208,-3.20722520764823,-3.47074844462327,0,1,1,0,116,"Q4"
"3205",74,8.84101431049997,113,-3.34351827007548,-3.7014582363208,-3.14728217168119,-3.47074844462327,1,0,0,0,127.3,"Q4"
"3206",74,8.76405326930003,114,-3.34351827007548,-3.7014582363208,-3.14728217168119,-3.48084954060977,0,0,1,0,127.3,"Q4"
"3207",74,9.09335701649998,115,-3.47074844462327,-3.7014582363208,-3.47074844462327,-3.47074844462327,0,1,1,0,127.3,"Q4"
"3208",74,8.9871968207,116,-3.47074844462327,-3.7014582363208,-3.14728217168119,-3.90424086498609,1,0,0,0,127.3,"Q4"
"3209",74,8.90381521169997,117,-3.47074844462327,-3.7014582363208,-3.14728217168119,-3.69514906712753,0,0,0,0,131.5,"Q4"
"3210",74,8.5026885052,118,-3.34351827007548,-3.7014582363208,-3.14728217168119,-3.52230625428812,1,0,0,0,131.5,"Q4"
"3211",74,8.69148257649997,119,-3.34351827007548,-3.7014582363208,-3.14728217168119,-3.63415455442469,0,0,1,0,131.5,"Q4"
"3212",74,9.78650419709995,120,-3.47074844462327,-3.7014582363208,-3.28758971741625,-3.63415455442469,1,0,1,1,131.5,"Q4"
"3213",74,9.74237939209997,121,-3.47074844462327,-3.7014582363208,-3.28758971741625,-3.57666746350701,0,0,0,0,135.1,"Q1"
"3214",74,8.61323037960001,122,-3.47074844462327,-3.7014582363208,-3.33033126579352,-3.7601069634023,0,1,1,0,135.1,"Q1"
"3215",74,8.37839078850004,125,-3.24660037288306,-3.7014582363208,-3.06360969595708,-3.57666746350701,0,0,0,0,135.1,"Q1"
"3216",74,8.60153433980004,126,-3.18055696056606,-3.7014582363208,-3.06360969595708,-3.7601069634023,0,0,1,0,134.7,"Q1"
"3217",74,8.84101431049997,127,-3.47074844462327,-3.7014582363208,-3.47074844462327,-4.16893341921317,0,1,0,0,134.7,"Q1"
"3218",74,9.37923890839995,129,-3.47074844462327,-3.7014582363208,-3.47074844462327,-3.57666746350701,0,1,1,0,134.7,"Q1"
"3219",74,8.51559191000002,130,-3.18055696056606,-3.7014582363208,-3.57666746350701,-3.63415455442469,1,0,0,0,134.7,"Q1"
"3220",74,9.84585843970004,131,-3.47074844462327,-3.7014582363208,-3.57666746350701,-3.69514906712753,0,0,1,1,134.7,"Q1"
"3221",74,9.98192897880002,134,-3.47074844462327,-3.7014582363208,-3.24259235148552,-3.90424086498609,0,1,1,1,134.3,"Q2"
"3222",74,9.44208681210002,135,-3.47074844462327,-3.7014582363208,-3.24259235148552,-3.63415455442469,0,0,0,0,134.3,"Q2"
"3223",74,8.55333223800003,136,-3.18055696056606,-3.90424086498609,-3.07707791300794,-3.63415455442469,1,0,0,0,134.3,"Q2"
"3224",74,9.88898286629998,137,-3.47074844462327,-3.90424086498609,-3.07707791300794,-3.57666746350701,0,0,1,1,134.3,"Q2"
"3225",74,8.11012680190003,138,-3.18055696056606,-3.52230625428812,-3.35240721749272,-3.57666746350701,0,1,1,0,134.3,"Q2"
"3226",74,9.29468152039999,140,-3.18055696056606,-3.47074844462327,-3.09762658123533,-3.57666746350701,0,0,0,0,126.2,"Q2"
"3227",74,10.345091707,141,-3.47074844462327,-3.63415455442469,-3.06360969595708,-3.57666746350701,0,0,1,1,126.2,"Q2"
"3228",74,8.5026885052,142,-3.18055696056606,-3.63415455442469,-3.09762658123533,-3.57666746350701,0,0,1,0,126.2,"Q2"
"3229",74,8.16621626860002,143,-3.16934188974592,-3.63415455442469,-3.24660037288306,-3.57666746350701,0,1,1,0,118.5,"Q2"
"3230",74,8.58969988220001,144,-3.16934188974592,-3.47074844462327,-3.24660037288306,-3.57666746350701,0,0,0,0,118.5,"Q2"
"3231",74,8.48961642359998,145,-3.16934188974592,-3.47074844462327,-3.47074844462327,-3.57666746350701,0,1,1,0,118.5,"Q2"
"3232",74,8.64751945309997,146,-3.16934188974592,-3.47074844462327,-3.06360969595708,-3.57666746350701,0,1,1,0,118.5,"Q2"
"3233",74,8.78385589659998,149,-3.16934188974592,-3.47074844462327,-3.06360969595708,-3.57666746350701,0,0,0,0,115.5,"Q3"
"3234",74,10.573980043,150,-3.33033126579352,-3.63415455442469,-3.1328414875264,-3.57666746350701,0,1,1,1,115.5,"Q3"
"3235",74,8.60153433980004,151,-3.16934188974592,-3.7601069634023,-3.06360969595708,-3.57666746350701,1,0,0,0,115.5,"Q3"
"3236",74,11.409518595,153,-3.47074844462327,-3.47074844462327,-3.06360969595708,-3.57666746350701,0,0,1,1,114.5,"Q3"
"3237",74,10.820737824,154,-3.47074844462327,-3.57666746350701,-3.1328414875264,-3.57666746350701,0,1,1,1,114.5,"Q3"
"3238",74,10.016816238,155,-3.63415455442469,-3.90424086498609,-3.13643215565713,-3.57666746350701,0,1,1,0,114.5,"Q3"
"3239",74,9.5012173353,156,-3.63415455442469,-3.47074844462327,-3.24660037288306,-3.65206548099122,0,1,1,0,112.5,"Q3"
"3240",74,9.85261522220004,157,-3.47074844462327,-3.54369744426944,-3.24660037288306,-3.57666746350701,0,0,1,1,112.5,"Q3"
"3241",74,8.46294817659997,158,-3.16934188974592,-3.54369744426944,-3.13643215565713,-3.69514906712753,0,0,1,0,112.5,"Q3"
"3242",74,8.48961642359998,159,-3.24660037288306,-3.7601069634023,-3.13643215565713,-3.69514906712753,0,1,0,0,112.5,"Q3"
"3243",74,11.359307976,160,-3.37498153953126,-3.54369744426944,-3.13643215565713,-3.57666746350701,0,0,1,1,106.5,"Q4"
"3244",75,8.31776616669999,40,-3.00515149547048,-3.69514906712753,-3.16934188974592,-3.54369744426944,1,1,1,0,160,"Q2"
"3245",75,8.46294817659997,42,-3.00515149547048,-3.16934188974592,-2.99886216656292,-3.52230625428812,0,0,1,0,160,"Q2"
"3246",75,8.40737832540001,43,-3.00515149547048,-3.16934188974592,-2.99886216656292,-3.47074844462327,0,0,1,0,160.4,"Q3"
"3247",75,10.418464547,44,-3.20722520764823,-3.16934188974592,-2.99886216656292,-3.18432344336154,0,0,1,1,160.4,"Q3"
"3248",75,8.21932609390002,45,-3.00515149547048,-3.16934188974592,-2.99886216656292,-3.57666746350701,0,0,0,0,160.4,"Q3"
"3249",75,9.07153796909997,46,-3.00515149547048,-3.16934188974592,-3.09762658123533,-3.57666746350701,0,1,1,0,160.4,"Q3"
"3250",75,10.247927959,47,-3.28758971741625,-3.42171901738295,-3.09762658123533,-3.18432344336154,1,0,1,1,160.8,"Q3"
"3251",75,8.11012680190003,48,-3.00515149547048,-3.42171901738295,-2.99886216656292,-3.28758971741625,0,0,1,0,160.8,"Q3"
"3252",75,8.12917499690002,50,-3.00515149547048,-3.42171901738295,-3.1328414875264,-3.47074844462327,0,1,1,0,160.8,"Q3"
"3253",75,8.47637119690002,51,-3.00515149547048,-3.52230625428812,-3.1328414875264,-3.33033126579352,1,0,1,0,160.8,"Q3"
"3254",75,8.30201780980003,52,-3.00515149547048,-3.52230625428812,-3.1328414875264,-3.47074844462327,0,0,1,0,150.9,"Q3"
"3255",75,9.79009486520004,53,-3.37498153953126,-3.52230625428812,-2.99886216656292,-3.47074844462327,0,0,1,1,150.9,"Q3"
"3256",75,7.92008319910002,54,-3.00515149547048,-3.57666746350701,-2.99886216656292,-3.47074844462327,0,0,1,0,150.9,"Q3"
"3257",75,8.18423477410002,55,-3.00515149547048,-3.57666746350701,-2.99886216656292,-3.47074844462327,1,0,0,0,150.9,"Q3"
"3258",75,9.2214781164,56,-3.00515149547048,-3.57666746350701,-3.06360969595708,-3.47074844462327,0,1,1,0,147.2,"Q4"
"3259",75,10.645043872,57,-3.47074844462327,-3.16934188974592,-3.06360969595708,-3.47074844462327,0,0,1,1,147.2,"Q4"
"3260",75,8.43554920239998,58,-3.11256479958781,-3.94377170374273,-3.06360969595708,-3.47074844462327,1,1,0,0,147.2,"Q4"
"3261",75,8.00903068509998,59,-3.00515149547048,-3.69514906712753,-3.06360969595708,-3.47074844462327,0,0,1,0,147.2,"Q4"
"3262",75,10.680975882,60,-3.47074844462327,-3.69514906712753,-3.06360969595708,-3.47074844462327,1,0,1,1,120.9,"Q4"
"3263",75,8.05070338149999,61,-3.00515149547048,-3.90424086498609,-3.06360969595708,-3.47074844462327,0,1,1,0,120.9,"Q4"
"3264",75,10.8459916909999,62,-3.47074844462327,-4.16893341921317,-3.06360969595708,-3.16934188974592,0,0,1,1,120.9,"Q4"
"3265",75,9.70014662849998,63,-3.47074844462327,-3.69514906712753,-3.06360969595708,-3.33033126579352,1,0,0,0,120.9,"Q4"
"3266",75,9.36288977040002,64,-3.00515149547048,-3.24660037288306,-3.06360969595708,-3.47074844462327,1,0,1,0,120.9,"Q4"
"3267",75,9.81836529910001,67,-3.47074844462327,-3.16934188974592,-3.28758971741625,-3.47074844462327,0,0,1,0,117.8,"Q4"
"3268",75,9.54337814609995,68,-3.47074844462327,-3.16934188974592,-3.28758971741625,-3.63415455442469,0,0,1,0,117.8,"Q4"
"3269",75,9.76468514970001,69,-3.47074844462327,-3.16934188974592,-3.52230625428812,-3.47074844462327,0,1,1,0,114.4,"Q1"
"3270",75,8.28601746839997,70,-3.20722520764823,-4.16893341921317,-3.20722520764823,-3.24660037288306,1,0,1,0,114.4,"Q1"
"3271",75,8.87738195470003,71,-3.20722520764823,-3.16934188974592,-3.20722520764823,-3.63415455442469,0,0,1,0,114.4,"Q1"
"3272",75,10.593429602,72,-3.47074844462327,-3.16934188974592,-2.99886216656292,-3.63415455442469,0,0,1,1,114.4,"Q1"
"3273",75,8.97916464900004,73,-3.20722520764823,-3.7601069634023,-2.99886216656292,-3.47074844462327,1,0,0,0,114.4,"Q1"
"3274",75,8.77400360019999,74,-3.24660037288306,-3.7601069634023,-3.24660037288306,-3.47074844462327,0,0,1,0,114.4,"Q1"
"3275",75,9.73861290929997,75,-3.24660037288306,-3.16934188974592,-3.16934188974592,-3.7601069634023,0,0,1,0,114.4,"Q1"
"3276",75,9.41637845540003,76,-3.24660037288306,-3.16934188974592,-2.99886216656292,-3.7601069634023,0,0,1,0,114.4,"Q1"
"3277",75,10.504519444,77,-3.47074844462327,-3.47074844462327,-2.99886216656292,-3.37498153953126,1,0,1,1,114.4,"Q1"
"3278",75,8.0709060888,78,-3.20722520764823,-4.07270538711862,-2.99886216656292,-3.37498153953126,1,0,0,0,111.7,"Q1"
"3279",75,10.013955006,79,-3.20722520764823,-3.16934188974592,-2.99886216656292,-3.57666746350701,0,0,1,0,111.7,"Q1"
"3280",75,11.355569654,80,-3.63415455442469,-3.16934188974592,-2.99886216656292,-3.37498153953126,0,0,1,1,111.7,"Q1"
"3281",75,9.0861367685,83,-3.42171901738295,-3.69514906712753,-3.47074844462327,-4.03666545063542,0,1,0,0,111.7,"Q2"
"3282",75,9.0567228833,84,-3.42171901738295,-4.16893341921317,-2.99886216656292,-3.57666746350701,1,0,0,0,111.7,"Q2"
"3283",75,8.87738195470003,85,-3.42171901738295,-3.16934188974592,-3.47074844462327,-3.57666746350701,1,1,0,0,111.7,"Q2"
"3284",75,11.909497816,87,-3.82957933621707,-3.16934188974592,-3.20722520764823,-3.7601069634023,0,0,1,1,111,"Q2"
"3285",75,8.73359406190002,88,-3.28758971741625,-3.16934188974592,-3.33033126579352,-3.7601069634023,0,1,1,0,111,"Q2"
"3286",75,9.96100145870002,92,-3.57666746350701,-3.7601069634023,-3.47074844462327,-3.57666746350701,1,1,1,1,111,"Q2"
"3287",75,10.887511696,94,-3.63415455442469,-3.47074844462327,-3.03071199245002,-3.28758971741625,0,0,1,1,111,"Q2"
"3288",75,10.137768848,95,-3.63415455442469,-3.47074844462327,-3.47074844462327,-3.28758971741625,0,0,1,0,111,"Q3"
"3289",75,8.5656023306,96,-3.28758971741625,-3.69514906712753,-3.47074844462327,-3.28758971741625,1,1,0,0,111,"Q3"
"3290",75,8.51559191000002,97,-3.28758971741625,-3.69514906712753,-3.47074844462327,-3.47074844462327,0,0,1,0,111,"Q3"
"3291",75,7.79646924310001,99,-3.28758971741625,-4.16893341921317,-3.37498153953126,-3.47074844462327,1,0,1,0,107.2,"Q3"
"3292",75,8.30201780980003,100,-3.28758971741625,-4.16893341921317,-3.37498153953126,-3.52230625428812,0,0,0,0,107.2,"Q3"
"3293",75,11.40382463,102,-3.90424086498609,-3.7601069634023,-3.10457105358814,-3.37498153953126,0,0,1,1,107.2,"Q3"
"3294",75,8.43554920239998,103,-3.28758971741625,-3.82957933621707,-3.10457105358814,-3.47074844462327,0,0,1,0,107.2,"Q3"
"3295",75,8.68067166040002,104,-3.28758971741625,-3.82957933621707,-3.47074844462327,-3.47074844462327,0,1,1,0,107.4,"Q3"
"3296",75,10.083138881,105,-3.47074844462327,-3.82957933621707,-3.10457105358814,-3.47074844462327,0,0,1,1,107.4,"Q3"
"3297",75,9.38462975710001,106,-3.47074844462327,-3.7014582363208,-3.24660037288306,-3.63415455442469,1,1,1,0,107.4,"Q3"
"3298",75,9.6883121709,107,-3.52230625428812,-3.7014582363208,-3.10457105358814,-3.63415455442469,0,0,1,0,107.4,"Q3"
"3299",75,9.74613174179998,108,-3.57666746350701,-3.7014582363208,-3.47074844462327,-3.47074844462327,0,1,0,0,116,"Q4"
"3300",75,9.46715078080002,109,-3.57666746350701,-3.7014582363208,-3.10457105358814,-3.46074836128869,1,0,0,0,116,"Q4"
"3301",75,8.92105701820002,111,-3.28758971741625,-3.7014582363208,-3.20722520764823,-3.47074844462327,0,1,1,0,116,"Q4"
"3302",75,10.66765222,112,-3.7601069634023,-3.7014582363208,-3.10457105358814,-3.47074844462327,0,0,0,0,116,"Q4"
"3303",75,8.44934252449998,113,-3.28758971741625,-3.7014582363208,-3.10457105358814,-3.47074844462327,1,0,0,0,127.3,"Q4"
"3304",75,9.07886400919999,114,-3.28758971741625,-3.7014582363208,-3.10457105358814,-3.48084954060977,0,0,1,0,127.3,"Q4"
"3305",75,9.5660548548,115,-3.47074844462327,-3.7014582363208,-3.47074844462327,-3.47074844462327,0,1,1,0,127.3,"Q4"
"3306",75,9.45218790810001,116,-3.47074844462327,-3.7014582363208,-3.10457105358814,-3.90424086498609,1,0,0,0,127.3,"Q4"
"3307",75,9.18932100480001,117,-3.47074844462327,-3.7014582363208,-3.10457105358814,-3.69514906712753,0,0,0,0,131.5,"Q4"
"3308",75,8.31776616669999,118,-3.28758971741625,-3.7014582363208,-3.10457105358814,-3.52230625428812,1,0,0,0,131.5,"Q4"
"3309",75,8.52833093580003,119,-3.28758971741625,-3.7014582363208,-3.10457105358814,-3.63415455442469,0,0,1,0,131.5,"Q4"
"3310",75,9.74987006390004,120,-3.47074844462327,-3.7014582363208,-3.28758971741625,-3.63415455442469,1,0,1,1,131.5,"Q4"
"3311",75,9.6353466353,121,-3.47074844462327,-3.7014582363208,-3.28758971741625,-3.57666746350701,0,0,0,0,135.1,"Q1"
"3312",75,8.70217786560003,122,-3.47074844462327,-3.7014582363208,-3.33033126579352,-3.7601069634023,0,1,1,0,135.1,"Q1"
"3313",75,8.52833093580003,124,-3.24660037288306,-3.7014582363208,-2.99886216656292,-3.47074844462327,0,0,1,1,135.1,"Q1"
"3314",75,8.21932609390002,125,-3.24660037288306,-3.7014582363208,-2.99886216656292,-3.47074844462327,0,0,0,0,135.1,"Q1"
"3315",75,8.14786712990004,126,-3.1328414875264,-3.7014582363208,-2.99886216656292,-3.7601069634023,0,0,1,0,134.7,"Q1"
"3316",75,8.92105701820002,127,-3.47074844462327,-3.7014582363208,-3.47074844462327,-4.16893341921317,0,1,0,0,134.7,"Q1"
"3317",75,8.96290412809996,129,-3.47074844462327,-3.7014582363208,-3.47074844462327,-3.47074844462327,0,1,1,0,134.7,"Q1"
"3318",75,8.62479120200004,130,-3.1328414875264,-3.7014582363208,-3.57666746350701,-3.63415455442469,1,0,0,0,134.7,"Q1"
"3319",75,9.85932665679996,131,-3.47074844462327,-3.7014582363208,-3.57666746350701,-3.69514906712753,0,0,1,1,134.7,"Q1"
"3320",75,8.90381521169997,132,-3.47074844462327,-3.7014582363208,-3.57666746350701,-3.69514906712753,0,1,0,0,134.7,"Q1"
"3321",75,7.96554557310002,133,-3.1328414875264,-3.68123160957289,-3.09662110212383,-3.90424086498609,0,0,1,0,134.7,"Q1"
"3322",75,9.89222436029996,134,-3.47074844462327,-3.47074844462327,-3.24259235148552,-3.85877849090933,0,1,1,1,134.3,"Q2"
"3323",75,9.45218790810001,135,-3.41172703236867,-3.75341797525151,-3.19468097516561,-3.63415455442469,0,0,0,0,134.3,"Q2"
"3324",75,8.20193435119999,136,-3.1328414875264,-3.90424086498609,-3.04374149274035,-3.56004658227097,1,0,0,0,134.3,"Q2"
"3325",75,9.93653540660005,137,-3.42171901738295,-3.74677343253284,-3.18888819953588,-3.44790147623854,0,0,1,1,134.3,"Q2"
"3326",75,8.18423477410002,138,-3.1328414875264,-3.47074844462327,-3.28758971741625,-3.33033126579352,0,1,1,0,134.3,"Q2"
"3327",75,8.84101431049997,139,-3.1328414875264,-3.46074836128869,-3.09762658123533,-3.47074844462327,0,1,1,0,126.2,"Q2"
"3328",75,8.5026885052,140,-3.1328414875264,-3.42171901738295,-3.09228439725146,-3.47074844462327,0,0,0,0,126.2,"Q2"
"3329",75,10.101682458,141,-3.42171901738295,-3.63415455442469,-3.06360969595708,-3.28758971741625,0,0,1,1,126.2,"Q2"
"3330",75,8.43554920239998,142,-3.12346410930971,-3.63415455442469,-3.09762658123533,-3.47074844462327,0,0,1,0,126.2,"Q2"
"3331",75,8.05070338149999,143,-3.09762658123533,-3.60499797013323,-3.24660037288306,-3.29599312821263,0,1,1,0,118.5,"Q2"
"3332",75,8.16621626860002,144,-3.09762658123533,-3.42171901738295,-3.34394692405836,-4.11966237020639,0,0,0,0,118.5,"Q2"
"3333",75,8.0300840943,145,-3.09762658123533,-3.45578557194656,-3.47074844462327,-3.36137588747548,0,1,1,0,118.5,"Q2"
"3334",75,8.26975694750001,146,-3.20378688761321,-3.47074844462327,-3.06360969595708,-3.47074844462327,0,1,1,0,118.5,"Q2"
"3335",75,9.61846859750004,147,-3.47042623563364,-4.06357290355535,-3.17088658611582,-3.43969725252468,0,0,1,1,115.5,"Q3"
"3336",75,8.71275997499997,149,-3.09762658123533,-4.16893341921317,-3.09601507597864,-3.42171901738295,0,0,0,0,115.5,"Q3"
"3337",75,11.299336126,150,-3.7601069634023,-3.46573590279973,-3.1328414875264,-3.42171901738295,0,1,1,1,115.5,"Q3"
"3338",75,8.40737832540001,151,-3.10845815146589,-4.17908579067719,-3.0792811073439,-3.3934152412201,1,0,0,0,115.5,"Q3"
"3339",75,9.44208681210002,152,-3.50663842389549,-3.47074844462327,-3.09762658123533,-3.42171901738295,1,1,1,1,114.5,"Q3"
"3340",75,11.2329999,153,-3.52032032321665,-3.46573590279973,-3.06360969595708,-3.35240721749272,0,0,1,1,114.5,"Q3"
"3341",75,10.437404508,154,-3.55924360628096,-3.82957933621707,-3.1328414875264,-3.47610265234312,0,1,1,1,114.5,"Q3"
"3342",75,9.8954553808,156,-3.60888496298741,-3.48084954060977,-3.24660037288306,-3.47074844462327,0,1,1,0,112.5,"Q3"
"3343",75,10.313741177,157,-3.47074844462327,-3.49619511028444,-3.19104880770896,-3.6282548322975,0,0,1,1,112.5,"Q3"
"3344",75,8.28601746839997,158,-3.12628415732672,-3.6400892899445,-3.13643215565713,-3.69514906712753,0,0,1,0,112.5,"Q3"
"3345",75,8.54090971799997,159,-3.1875790556113,-3.7601069634023,-3.13643215565713,-3.6826489043633,0,1,0,0,112.5,"Q3"
"3346",75,10.747809561,160,-3.37498153953126,-3.6223897128451,-3.13643215565713,-3.39807725432591,0,0,1,1,106.5,"Q4"
"3347",76,8.62479120200004,42,-3.19570876558667,-3.33033126579352,-3.01148063052213,-3.52230625428812,0,0,1,0,160,"Q2"
"3348",76,8.74385056200001,43,-3.19570876558667,-3.33033126579352,-3.01148063052213,-3.47074844462327,0,0,1,0,160.4,"Q3"
"3349",76,10.313741177,44,-3.20722520764823,-3.33033126579352,-3.01148063052213,-3.33033126579352,0,0,1,1,160.4,"Q3"
"3350",76,10.137768848,47,-3.28758971741625,-3.42171901738295,-3.09762658123533,-3.33033126579352,1,0,1,1,160.8,"Q3"
"3351",76,8.44934252449998,48,-3.19570876558667,-3.42171901738295,-3.01148063052213,-3.33033126579352,0,0,1,0,160.8,"Q3"
"3352",76,8.31776616669999,50,-3.19570876558667,-3.42171901738295,-3.1328414875264,-3.47074844462327,0,1,1,0,160.8,"Q3"
"3353",76,8.33327035329998,52,-3.06360969595708,-3.52230625428812,-3.1328414875264,-3.47074844462327,0,0,1,0,150.9,"Q3"
"3354",76,10.281375893,53,-3.19570876558667,-3.52230625428812,-3.01148063052213,-3.47074844462327,0,0,1,1,150.9,"Q3"
"3355",76,8.34853782539999,54,-3.19570876558667,-3.57666746350701,-3.01148063052213,-3.47074844462327,0,0,1,0,150.9,"Q3"
"3356",76,10.7227386100001,57,-3.47074844462327,-3.24660037288306,-3.06360969595708,-3.47074844462327,0,0,1,1,147.2,"Q4"
"3357",76,8.44934252449998,58,-3.22746596217917,-3.94377170374273,-3.06360969595708,-3.47074844462327,1,1,0,0,147.2,"Q4"
"3358",76,8.37839078850004,59,-3.19570876558667,-3.69514906712753,-3.06360969595708,-3.47074844462327,0,0,1,0,147.2,"Q4"
"3359",76,10.349198489,60,-3.47074844462327,-3.69514906712753,-3.06360969595708,-3.47074844462327,1,0,1,1,120.9,"Q4"
"3360",76,8.12917499690002,61,-3.15155920918,-3.90424086498609,-3.06360969595708,-3.47074844462327,0,1,1,0,120.9,"Q4"
"3361",76,10.9701274619999,62,-3.47074844462327,-4.16893341921317,-3.06360969595708,-3.25466493271979,0,0,1,1,120.9,"Q4"
"3362",76,8.84101431049997,63,-3.47074844462327,-3.69514906712753,-3.06360969595708,-3.33033126579352,1,0,0,0,120.9,"Q4"
"3363",76,9.31217467790004,64,-3.15147460438594,-3.24660037288306,-3.06360969595708,-3.47074844462327,1,0,1,0,120.9,"Q4"
"3364",76,9.54795481319998,69,-3.47074844462327,-3.37498153953126,-3.52230625428812,-3.47074844462327,0,1,1,0,114.4,"Q1"
"3365",76,8.0300840943,70,-3.15105730132462,-4.16893341921317,-3.20722520764823,-3.30022146432215,1,0,1,0,114.4,"Q1"
"3366",76,8.65869275369998,71,-3.15080424997799,-3.37498153953126,-3.20722520764823,-3.63415455442469,0,0,1,0,114.4,"Q1"
"3367",76,10.9273762950001,72,-3.47074844462327,-3.37498153953126,-3.01148063052213,-3.63415455442469,0,0,1,1,114.4,"Q1"
"3368",76,8.69148257649997,73,-3.2587217334154,-3.7601069634023,-3.01148063052213,-3.47074844462327,1,0,0,0,114.4,"Q1"
"3369",76,8.76405326930003,74,-3.27925633585711,-3.7601069634023,-3.24660037288306,-3.47074844462327,0,0,1,0,114.4,"Q1"
"3370",76,8.71275997499997,75,-3.27925633585711,-3.37498153953126,-3.16934188974592,-3.7601069634023,0,0,1,0,114.4,"Q1"
"3371",76,9.00307016980004,76,-3.27925633585711,-3.37498153953126,-3.01148063052213,-3.7601069634023,0,0,1,0,114.4,"Q1"
"3372",76,10.545762403,77,-3.47074844462327,-3.47074844462327,-3.01148063052213,-3.37498153953126,1,0,1,1,114.4,"Q1"
"3373",76,8.46294817659997,78,-3.2587217334154,-4.07270538711862,-3.01148063052213,-3.37498153953126,1,0,0,0,111.7,"Q1"
"3374",76,9.10764297370002,79,-3.2587217334154,-3.37498153953126,-3.01148063052213,-3.57666746350701,0,0,1,0,111.7,"Q1"
"3375",76,9.31217467790004,81,-3.2587217334154,-3.69514906712753,-3.63415455442469,-3.37498153953126,1,1,0,0,111.7,"Q1"
"3376",76,8.68067166040002,83,-3.42171901738295,-3.69514906712753,-3.47074844462327,-4.03666545063542,0,1,0,0,111.7,"Q2"
"3377",76,8.63621989780004,84,-3.42171901738295,-4.16893341921317,-3.01148063052213,-3.57666746350701,1,0,0,0,111.7,"Q2"
"3378",76,8.81284343350004,85,-3.42171901738295,-3.37498153953126,-3.47074844462327,-3.57666746350701,1,1,0,0,111.7,"Q2"
"3379",76,10.064244931,86,-3.42171901738295,-3.37498153953126,-3.47074844462327,-3.7601069634023,0,1,0,0,111,"Q2"
"3380",76,8.37839078850004,88,-3.34351827007548,-3.37498153953126,-3.33033126579352,-3.7601069634023,0,1,1,0,111,"Q2"
"3381",76,8.7540029335,89,-3.34351827007548,-3.69514906712753,-3.01148063052213,-3.7601069634023,1,0,0,0,111,"Q2"
"3382",76,7.92008319910002,90,-3.34351827007548,-3.69514906712753,-3.01148063052213,-4.03666545063542,0,0,1,0,111,"Q2"
"3383",76,7.92008319910002,91,-3.34351827007548,-3.42171901738295,-3.47074844462327,-3.34351827007548,0,0,1,0,111,"Q2"
"3384",76,10.876687778,92,-3.63415455442469,-3.81529337896959,-3.47074844462327,-3.63415455442469,1,1,1,1,111,"Q2"
"3385",76,9.44715011409995,95,-3.63415455442469,-3.52230625428812,-3.47074844462327,-3.34351827007548,0,0,1,0,111,"Q3"
"3386",76,8.00903068509998,96,-3.34351827007548,-3.69514906712753,-3.47074844462327,-3.34351827007548,1,1,0,0,111,"Q3"
"3387",76,8.20193435119999,97,-3.34351827007548,-3.69514906712753,-3.47074844462327,-3.47074844462327,0,0,1,0,111,"Q3"
"3388",76,8.05070338149999,98,-3.34351827007548,-3.52230625428812,-3.1059274507096,-3.47074844462327,0,1,1,0,111,"Q3"
"3389",76,7.9875244798,99,-3.34351827007548,-4.16893341921317,-3.37498153953126,-3.47074844462327,1,0,1,0,107.2,"Q3"
"3390",76,8.3635757028,100,-3.34351827007548,-4.16893341921317,-3.37498153953126,-3.52230625428812,0,0,0,0,107.2,"Q3"
"3391",76,9.70795916829995,101,-3.34351827007548,-3.7601069634023,-3.28758971741625,-3.37498153953126,1,0,0,0,107.2,"Q3"
"3392",76,8.09070871610001,103,-3.34351827007548,-3.82957933621707,-3.14728217168119,-3.47074844462327,0,0,1,0,107.2,"Q3"
"3393",76,8.39298958799997,104,-3.34351827007548,-3.82957933621707,-3.47074844462327,-3.47074844462327,0,1,1,0,107.4,"Q3"
"3394",76,10.196754003,105,-3.47074844462327,-3.82957933621707,-3.14728217168119,-3.47074844462327,0,0,1,1,107.4,"Q3"
"3395",76,8.61323037960001,106,-3.47074844462327,-3.7014582363208,-3.24660037288306,-3.63415455442469,1,1,1,0,107.4,"Q3"
"3396",76,9.25874951120003,107,-3.52230625428812,-3.7014582363208,-3.14728217168119,-3.63415455442469,0,0,1,0,107.4,"Q3"
"3397",76,9.84924253769996,108,-3.57666746350701,-3.7014582363208,-3.47074844462327,-3.47074844462327,0,1,0,0,116,"Q4"
"3398",76,9.38462975710001,109,-3.57666746350701,-3.7014582363208,-3.14728217168119,-3.46074836128869,1,0,0,0,116,"Q4"
"3399",76,8.37839078850004,111,-3.34351827007548,-3.7014582363208,-3.20722520764823,-3.47074844462327,0,1,1,0,116,"Q4"
"3400",76,7.96554557310002,113,-3.34351827007548,-3.7014582363208,-3.14728217168119,-3.47074844462327,1,0,0,0,127.3,"Q4"
"3401",76,8.7540029335,114,-3.34351827007548,-3.7014582363208,-3.14728217168119,-3.48084954060977,0,0,1,0,127.3,"Q4"
"3402",76,9.16951837750003,115,-3.47074844462327,-3.7014582363208,-3.47074844462327,-3.47074844462327,0,1,1,0,127.3,"Q4"
"3403",76,8.8032739825,116,-3.47074844462327,-3.7014582363208,-3.14728217168119,-3.90424086498609,1,0,0,0,127.3,"Q4"
"3404",76,8.28601746839997,117,-3.47074844462327,-3.7014582363208,-3.14728217168119,-3.69514906712753,0,0,0,0,131.5,"Q4"
"3405",76,8.14786712990004,118,-3.34351827007548,-3.7014582363208,-3.14728217168119,-3.52230625428812,1,0,0,0,131.5,"Q4"
"3406",76,8.21932609390002,119,-3.34351827007548,-3.7014582363208,-3.14728217168119,-3.63415455442469,0,0,1,0,131.5,"Q4"
"3407",76,10.367473109,120,-3.47074844462327,-3.7014582363208,-3.28758971741625,-3.63415455442469,1,0,1,1,131.5,"Q4"
"3408",76,9.57941808260001,121,-3.47074844462327,-3.7014582363208,-3.28758971741625,-3.57666746350701,0,0,0,0,135.1,"Q1"
"3409",76,8.70217786560003,122,-3.47074844462327,-3.7014582363208,-3.33033126579352,-3.7601069634023,0,1,1,0,135.1,"Q1"
"3410",76,9.5660548548,123,-3.24660037288306,-3.7014582363208,-3.33033126579352,-3.7601069634023,0,0,1,1,135.1,"Q1"
"3411",76,8.31776616669999,125,-3.24660037288306,-3.7014582363208,-3.06360969595708,-3.57666746350701,0,0,0,0,135.1,"Q1"
"3412",76,8.00903068509998,126,-3.18055696056606,-3.7014582363208,-3.06360969595708,-3.7601069634023,0,0,1,0,134.7,"Q1"
"3413",76,8.85936344920003,127,-3.47074844462327,-3.7014582363208,-3.47074844462327,-4.16893341921317,0,1,0,0,134.7,"Q1"
"3414",76,8.74385056200001,129,-3.47074844462327,-3.7014582363208,-3.47074844462327,-3.57666746350701,0,1,1,0,134.7,"Q1"
"3415",76,8.86841328469997,130,-3.18055696056606,-3.7014582363208,-3.57666746350701,-3.63415455442469,1,0,0,0,134.7,"Q1"
"3416",76,10.404989849,131,-3.47074844462327,-3.7014582363208,-3.57666746350701,-3.69514906712753,0,0,1,1,134.7,"Q1"
"3417",76,9.5525106297,132,-3.47074844462327,-3.7014582363208,-3.57666746350701,-3.69514906712753,0,1,0,0,134.7,"Q1"
"3418",76,9.86931010069997,134,-3.47074844462327,-3.7014582363208,-3.24259235148552,-3.90424086498609,0,1,1,1,134.3,"Q2"
"3419",76,9.27087087170001,135,-3.47074844462327,-3.7014582363208,-3.24259235148552,-3.63415455442469,0,0,0,0,134.3,"Q2"
"3420",76,8.54090971799997,136,-3.18055696056606,-3.90424086498609,-3.07707791300794,-3.63415455442469,1,0,0,0,134.3,"Q2"
"3421",76,10.575615366,137,-3.47074844462327,-3.90424086498609,-3.07707791300794,-3.57666746350701,0,0,1,1,134.3,"Q2"
"3422",76,8.11012680190003,138,-3.18055696056606,-3.52230625428812,-3.35240721749272,-3.57666746350701,0,1,1,0,134.3,"Q2"
"3423",76,8.48961642359998,139,-3.18055696056606,-3.52230625428812,-3.09762658123533,-3.57666746350701,0,1,1,0,126.2,"Q2"
"3424",76,8.88627090209996,140,-3.18055696056606,-3.47074844462327,-3.09762658123533,-3.57666746350701,0,0,0,0,126.2,"Q2"
"3425",76,10.406925958,141,-3.47074844462327,-3.63415455442469,-3.06360969595708,-3.57666746350701,0,0,1,1,126.2,"Q2"
"3426",76,8.40737832540001,142,-3.18055696056606,-3.63415455442469,-3.09762658123533,-3.57666746350701,0,0,1,0,126.2,"Q2"
"3427",76,7.82244472949999,143,-3.16934188974592,-3.63415455442469,-3.24660037288306,-3.57666746350701,0,1,1,0,118.5,"Q2"
"3428",76,8.26975694750001,144,-3.16934188974592,-3.47074844462327,-3.24660037288306,-3.57666746350701,0,0,0,0,118.5,"Q2"
"3429",76,8.09070871610001,146,-3.16934188974592,-3.47074844462327,-3.06360969595708,-3.57666746350701,0,1,1,0,118.5,"Q2"
"3430",76,10.334750353,147,-3.47005927994076,-3.47074844462327,-3.16934188974592,-3.57666746350701,0,0,1,1,115.5,"Q3"
"3431",76,8.83171191779997,149,-3.16934188974592,-3.47074844462327,-3.06360969595708,-3.57666746350701,0,0,0,0,115.5,"Q3"
"3432",76,10.702794929,150,-3.33033126579352,-3.63415455442469,-3.1328414875264,-3.57666746350701,0,1,1,1,115.5,"Q3"
"3433",76,8.26975694750001,151,-3.16934188974592,-3.7601069634023,-3.06360969595708,-3.57666746350701,1,0,0,0,115.5,"Q3"
"3434",76,11.072620434,153,-3.47074844462327,-3.47074844462327,-3.06360969595708,-3.57666746350701,0,0,1,1,114.5,"Q3"
"3435",76,9.80079015429999,154,-3.47074844462327,-3.57666746350701,-3.1328414875264,-3.57666746350701,0,1,1,1,114.5,"Q3"
"3436",76,7.89655270159997,155,-3.63415455442469,-3.90424086498609,-3.09762658123533,-3.57666746350701,0,1,1,0,114.5,"Q3"
"3437",76,8.00903068509998,156,-3.63415455442469,-3.47074844462327,-3.24660037288306,-3.50655789731998,0,1,1,0,112.5,"Q3"
"3438",76,10.729766046,157,-3.47074844462327,-3.40276110363834,-3.24660037288306,-3.50655789731998,0,0,1,1,112.5,"Q3"
"3439",76,8.39298958799997,159,-3.24660037288306,-3.7601069634023,-3.1328414875264,-3.69514906712753,0,1,0,0,112.5,"Q3"
"3440",76,10.6250278080001,160,-3.37498153953126,-3.40276110363834,-2.99573227355399,-3.50655789731998,0,0,1,1,106.5,"Q4"
"3441",77,10.091128271,41,-3.47074844462327,-3.33033126579352,-3.16934188974592,-3.37498153953126,0,0,1,1,160,"Q2"
"3442",77,8.43554920239998,43,-3.19570876558667,-3.33033126579352,-3.01148063052213,-3.47074844462327,0,0,1,0,160.4,"Q3"
"3443",77,9.82876400630004,44,-3.20722520764823,-3.33033126579352,-3.03071199245002,-3.37498153953126,0,0,1,1,160.4,"Q3"
"3444",77,8.40737832540001,45,-3.19570876558667,-3.33033126579352,-3.03071199245002,-3.37498153953126,0,0,0,0,160.4,"Q3"
"3445",77,9.53416149100001,47,-3.28758971741625,-3.42171901738295,-3.09762658123533,-3.37498153953126,1,0,1,1,160.8,"Q3"
"3446",77,8.37839078850004,48,-3.19570876558667,-3.42171901738295,-3.03071199245002,-3.37498153953126,0,0,1,0,160.8,"Q3"
"3447",77,10.294447974,49,-3.47074844462327,-3.42171901738295,-3.03071199245002,-3.37498153953126,0,0,1,1,160.8,"Q3"
"3448",77,8.37839078850004,50,-3.19570876558667,-3.42171901738295,-3.1328414875264,-3.47074844462327,0,1,1,0,160.8,"Q3"
"3449",77,8.64751945309997,52,-3.19570876558667,-3.52230625428812,-3.1328414875264,-3.47074844462327,0,0,1,0,150.9,"Q3"
"3450",77,9.90188627120002,53,-3.37498153953126,-3.52230625428812,-3.03071199245002,-3.47074844462327,0,0,1,1,150.9,"Q3"
"3451",77,8.63621989780004,54,-3.19570876558667,-3.57666746350701,-3.03071199245002,-3.37498153953126,0,0,1,0,150.9,"Q3"
"3452",77,8.72323127479999,55,-3.19570876558667,-3.57666746350701,-3.03071199245002,-3.37498153953126,1,0,0,0,150.9,"Q3"
"3453",77,9.20230820029997,56,-3.19570876558667,-3.57666746350701,-3.03071199245002,-3.47074844462327,0,1,1,0,147.2,"Q4"
"3454",77,10.187161604,57,-3.47074844462327,-3.33033126579352,-3.04702556794154,-3.47074844462327,0,0,1,1,147.2,"Q4"
"3455",77,8.86841328469997,58,-3.26837819234421,-4.02785482095327,-3.06360969595708,-3.47074844462327,1,1,0,0,147.2,"Q4"
"3456",77,8.52833093580003,59,-3.19570876558667,-3.69514906712753,-3.06360969595708,-3.47074844462327,0,0,1,0,147.2,"Q4"
"3457",77,10.184749057,60,-3.47074844462327,-3.69514906712753,-3.06360969595708,-3.47074844462327,1,0,1,1,120.9,"Q4"
"3458",77,8.39298958799997,61,-3.19570876558667,-3.90424086498609,-3.06360969595708,-3.47074844462327,0,1,1,0,120.9,"Q4"
"3459",77,10.02535114,62,-3.47074844462327,-4.16893341921317,-3.06360969595708,-3.43133447608239,0,0,1,1,120.9,"Q4"
"3460",77,9.00307016980004,63,-3.47074844462327,-3.69514906712753,-3.06360969595708,-3.47578623865323,1,0,0,0,120.9,"Q4"
"3461",77,9.22778728560003,64,-3.19570876558667,-3.33033126579352,-3.06360969595708,-3.47578623865323,1,0,1,0,120.9,"Q4"
"3462",77,9.24028744829999,66,-3.47074844462327,-3.82957933621707,-3.16934188974592,-3.52230625428812,1,0,0,0,117.8,"Q4"
"3463",77,9.27687689579999,69,-3.47074844462327,-3.57666746350701,-3.52230625428812,-3.52230625428812,0,1,1,0,114.4,"Q1"
"3464",77,8.70217786560003,70,-3.47578623865323,-4.16893341921317,-3.20722520764823,-3.52230625428812,1,0,1,0,114.4,"Q1"
"3465",77,8.6697425899,71,-3.47578623865323,-3.57666746350701,-3.20722520764823,-3.63415455442469,0,0,1,0,114.4,"Q1"
"3466",77,9.86931010069997,72,-3.47578623865323,-3.57666746350701,-3.1545814741628,-3.63415455442469,0,0,1,1,114.4,"Q1"
"3467",77,9.114710141,73,-3.47578623865323,-3.7601069634023,-3.1545814741628,-3.52230625428812,1,0,0,0,114.4,"Q1"
"3468",77,9.14248970509999,74,-3.52230625428812,-3.7601069634023,-3.24660037288306,-3.52230625428812,0,0,1,0,114.4,"Q1"
"3469",77,8.74385056200001,75,-3.52230625428812,-3.57666746350701,-3.16934188974592,-3.7601069634023,0,0,1,0,114.4,"Q1"
"3470",77,9.12172771360001,76,-3.52230625428812,-3.57666746350701,-3.1545814741628,-3.7601069634023,0,0,1,0,114.4,"Q1"
"3471",77,8.79361207160002,78,-3.47578623865323,-4.27541689961562,-3.1545814741628,-3.52230625428812,1,0,0,0,111.7,"Q1"
"3472",77,9.32936707840001,79,-3.47578623865323,-3.57666746350701,-3.1545814741628,-3.57666746350701,0,0,1,0,111.7,"Q1"
"3473",77,10.987595155,80,-3.63415455442469,-3.57666746350701,-3.1545814741628,-3.56004658227097,0,0,1,1,111.7,"Q1"
"3474",77,9.6883121709,81,-3.63415455442469,-3.69514906712753,-3.85139838361171,-3.56004658227097,1,1,0,0,111.7,"Q1"
"3475",77,8.88627090209996,83,-3.54369744426944,-3.69514906712753,-3.47074844462327,-4.25319376283091,0,1,0,0,111.7,"Q2"
"3476",77,8.84101431049997,84,-3.54369744426944,-4.16893341921317,-3.1545814741628,-3.57666746350701,1,0,0,0,111.7,"Q2"
"3477",77,8.85936344920003,85,-3.54369744426944,-3.57666746350701,-3.47074844462327,-3.57666746350701,1,1,0,0,111.7,"Q2"
"3478",77,11.201169255,87,-3.82957933621707,-3.57666746350701,-3.20722520764823,-3.7601069634023,0,0,1,1,111,"Q2"
"3479",77,9.12869638290002,88,-3.54369744426944,-3.57666746350701,-3.33033126579352,-3.7601069634023,0,1,1,0,111,"Q2"
"3480",77,8.86841328469997,89,-3.54369744426944,-3.69514906712753,-3.1545814741628,-3.7601069634023,1,0,0,0,111,"Q2"
"3481",77,8.82232217749998,90,-3.54369744426944,-3.69514906712753,-3.1545814741628,-4.25319376283091,0,0,1,0,111,"Q2"
"3482",77,8.85936344920003,91,-3.54369744426944,-3.69514906712753,-3.47074844462327,-3.56004658227097,0,0,1,0,111,"Q2"
"3483",77,10.058780437,92,-3.83679958419056,-3.98492977623623,-3.47074844462327,-3.85139838361171,1,1,1,1,111,"Q2"
"3484",77,9.41115651140004,93,-3.54369744426944,-3.90424086498609,-3.1545814741628,-3.90424086498609,0,1,0,0,111,"Q2"
"3485",77,10.477851197,94,-3.63415455442469,-3.69514906712753,-3.1545814741628,-3.56004658227097,0,0,1,1,111,"Q2"
"3486",77,8.73359406190002,96,-3.54369744426944,-3.69514906712753,-3.47074844462327,-3.56004658227097,1,1,0,0,111,"Q3"
"3487",77,9.02641753380003,97,-3.54369744426944,-3.69514906712753,-3.47074844462327,-3.56004658227097,0,0,1,0,111,"Q3"
"3488",77,9.07153796909997,98,-3.54369744426944,-3.69514906712753,-3.1545814741628,-3.56004658227097,0,1,1,0,111,"Q3"
"3489",77,8.83171191779997,99,-3.54369744426944,-4.16893341921317,-3.37498153953126,-3.56004658227097,1,0,1,0,107.2,"Q3"
"3490",77,8.88627090209996,100,-3.54369744426944,-4.16893341921317,-3.37498153953126,-3.56004658227097,0,0,0,0,107.2,"Q3"
"3491",77,9.6601412939,101,-3.54369744426944,-3.7601069634023,-3.28758971741625,-3.56004658227097,1,0,0,0,107.2,"Q3"
"3492",77,10.784275451,102,-3.90424086498609,-3.7601069634023,-3.22671900232923,-3.56004658227097,0,0,1,1,107.2,"Q3"
"3493",77,9.27087087170001,103,-3.54369744426944,-3.82957933621707,-3.22671900232923,-3.56004658227097,0,0,1,0,107.2,"Q3"
"3494",77,9.49160187660003,104,-3.54369744426944,-3.82957933621707,-3.47074844462327,-3.56004658227097,0,1,1,0,107.4,"Q3"
"3495",77,9.6883121709,105,-3.54369744426944,-3.82957933621707,-3.22671900232923,-3.56004658227097,0,0,1,1,107.4,"Q3"
"3496",77,8.79361207160002,106,-3.54369744426944,-3.7014582363208,-3.24660037288306,-3.63415455442469,1,1,1,0,107.4,"Q3"
"3497",77,8.82232217749998,107,-3.54369744426944,-3.7014582363208,-3.22671900232923,-3.63415455442469,0,0,1,0,107.4,"Q3"
"3498",77,9.13561682580005,108,-3.57666746350701,-3.7014582363208,-3.47074844462327,-3.56004658227097,0,1,0,0,116,"Q4"
"3499",77,9.00307016980004,109,-3.57666746350701,-3.7014582363208,-3.22671900232923,-3.56004658227097,1,0,0,0,116,"Q4"
"3500",77,11.649412485,110,-3.63415455442469,-3.7014582363208,-3.22671900232923,-3.56004658227097,0,0,1,1,116,"Q4"
"3501",77,9.04923221160001,111,-3.54369744426944,-3.7014582363208,-3.22671900232923,-3.67645693411538,0,1,1,0,116,"Q4"
"3502",77,10.119888423,112,-3.7601069634023,-3.7014582363208,-3.22671900232923,-3.67645693411538,0,0,0,0,116,"Q4"
"3503",77,9.01091334729999,113,-3.54369744426944,-3.7014582363208,-3.22671900232923,-3.56004658227097,1,0,0,0,127.3,"Q4"
"3504",77,9.12172771360001,114,-3.54369744426944,-3.7014582363208,-3.22671900232923,-3.56004658227097,0,0,1,0,127.3,"Q4"
"3505",77,9.30637756020002,115,-3.54369744426944,-3.7014582363208,-3.47074844462327,-3.56004658227097,0,1,1,0,127.3,"Q4"
"3506",77,8.8032739825,116,-3.54369744426944,-3.7014582363208,-3.22671900232923,-3.90424086498609,1,0,0,0,127.3,"Q4"
"3507",77,9.07153796909997,117,-3.54369744426944,-3.7014582363208,-3.22671900232923,-3.69514906712753,0,0,0,0,131.5,"Q4"
"3508",77,9.02641753380003,118,-3.54369744426944,-3.7014582363208,-3.22671900232923,-3.56004658227097,1,0,0,0,131.5,"Q4"
"3509",77,8.58969988220001,119,-3.54369744426944,-3.7014582363208,-3.22671900232923,-3.63415455442469,0,0,1,0,131.5,"Q4"
"3510",77,9.37381884100003,120,-3.54369744426944,-3.7014582363208,-3.28758971741625,-3.63415455442469,1,0,1,1,131.5,"Q4"
"3511",77,9.41637845540003,121,-3.54369744426944,-3.7014582363208,-3.28758971741625,-3.57666746350701,0,0,0,0,135.1,"Q1"
"3512",77,8.5777236912,122,-3.54369744426944,-3.7014582363208,-3.33033126579352,-3.7601069634023,0,1,1,0,135.1,"Q1"
"3513",77,8.21932609390002,125,-3.24660037288306,-3.7014582363208,-3.20722520764823,-3.57666746350701,0,0,0,0,135.1,"Q1"
"3514",77,8.42156296040003,126,-3.34795286714334,-3.7014582363208,-3.20722520764823,-3.7601069634023,0,0,1,0,134.7,"Q1"
"3515",77,8.70217786560003,127,-3.47074844462327,-3.7014582363208,-3.47074844462327,-4.16893341921317,0,1,0,0,134.7,"Q1"
"3516",77,11.2456210180001,128,-3.47074844462327,-3.7014582363208,-3.20722520764823,-3.57666746350701,0,0,1,1,134.7,"Q1"
"3517",77,8.65869275369998,129,-3.47074844462327,-3.7014582363208,-3.47074844462327,-3.57666746350701,0,1,1,0,134.7,"Q1"
"3518",77,8.47637119690002,130,-3.34795286714334,-3.7014582363208,-3.57666746350701,-3.63415455442469,1,0,0,0,134.7,"Q1"
"3519",77,9.66827142000002,131,-3.47074844462327,-3.7014582363208,-3.57666746350701,-3.69514906712753,0,0,1,1,134.7,"Q1"
"3520",77,8.8032739825,132,-3.47074844462327,-3.7014582363208,-3.57666746350701,-3.69514906712753,0,1,0,0,134.7,"Q1"
"3521",77,8.46294817659997,133,-3.34795286714334,-3.7014582363208,-3.20722520764823,-3.90424086498609,0,0,1,0,134.7,"Q1"
"3522",77,9.50599061410004,134,-3.47074844462327,-3.7014582363208,-3.24259235148552,-3.90424086498609,0,1,1,1,134.3,"Q2"
"3523",77,9.0861367685,135,-3.47074844462327,-3.7014582363208,-3.24259235148552,-3.63415455442469,0,0,0,0,134.3,"Q2"
"3524",77,8.5656023306,136,-3.34795286714334,-3.90424086498609,-3.28758971741625,-3.63415455442469,1,0,0,0,134.3,"Q2"
"3525",77,9.98782870100001,137,-3.6400892899445,-3.90424086498609,-3.28758971741625,-3.57666746350701,0,0,1,1,134.3,"Q2"
"3526",77,8.11012680190003,138,-3.34795286714334,-3.69514906712753,-3.49619511028444,-3.57666746350701,0,1,1,0,134.3,"Q2"
"3527",77,8.11012680190003,139,-3.34795286714334,-3.69514906712753,-3.28758971741625,-3.57666746350701,0,1,1,0,126.2,"Q2"
"3528",77,8.39298958799997,140,-3.34795286714334,-3.63415455442469,-3.28758971741625,-3.57666746350701,0,0,0,0,126.2,"Q2"
"3529",77,10.184749057,141,-3.6400892899445,-3.63415455442469,-3.28758971741625,-3.57666746350701,0,0,1,1,126.2,"Q2"
"3530",77,8.37839078850004,142,-3.34795286714334,-3.63415455442469,-3.28758971741625,-3.57666746350701,0,0,1,0,126.2,"Q2"
"3531",77,8.31776616669999,143,-3.33033126579352,-3.63415455442469,-3.28758971741625,-3.57666746350701,0,1,1,0,118.5,"Q2"
"3532",77,8.46294817659997,144,-3.33033126579352,-3.63415455442469,-3.28758971741625,-3.57666746350701,0,0,0,0,118.5,"Q2"
"3533",77,8.28601746839997,145,-3.33033126579352,-3.63415455442469,-3.47074844462327,-3.57666746350701,0,1,1,0,118.5,"Q2"
"3534",77,8.05070338149999,146,-3.33033126579352,-3.63415455442469,-3.28758971741625,-3.57666746350701,0,1,1,0,118.5,"Q2"
"3535",77,9.2887817983,149,-3.33033126579352,-3.63415455442469,-3.28758971741625,-3.57666746350701,0,0,0,0,115.5,"Q3"
"3536",77,9.63115375699996,154,-3.47074844462327,-3.7601069634023,-3.28758971741625,-3.57666746350701,0,1,1,1,114.5,"Q3"
"3537",77,9.43188264189999,155,-3.63415455442469,-3.90424086498609,-3.20722520764823,-3.57666746350701,0,1,1,0,114.5,"Q3"
"3538",77,9.39532504620004,156,-3.63415455442469,-3.63415455442469,-3.24660037288306,-3.50655789731998,0,1,1,0,112.5,"Q3"
"3539",77,9.3406666337,158,-3.33033126579352,-3.50655789731998,-3.20722520764823,-3.69514906712753,0,0,1,0,112.5,"Q3"
"3540",77,8.5777236912,159,-3.33033126579352,-3.7601069634023,-3.1328414875264,-3.69514906712753,0,1,0,0,112.5,"Q3"
"3541",77,10.5097688,160,-3.37498153953126,-3.50655789731998,-3.11507903118656,-3.50655789731998,0,0,1,1,106.5,"Q4"
"3542",78,8.46294817659997,42,-3.19570876558667,-3.33033126579352,-3.01148063052213,-3.52230625428812,0,0,1,0,160,"Q2"
"3543",78,8.63621989780004,43,-3.19570876558667,-3.33033126579352,-3.01148063052213,-3.47074844462327,0,0,1,0,160.4,"Q3"
"3544",78,10.3991589290001,44,-3.20722520764823,-3.33033126579352,-3.03071199245002,-3.37498153953126,0,0,1,1,160.4,"Q3"
"3545",78,8.40737832540001,45,-3.19570876558667,-3.33033126579352,-3.03071199245002,-3.37498153953126,0,0,0,0,160.4,"Q3"
"3546",78,9.88898286629998,47,-3.28758971741625,-3.42171901738295,-3.09762658123533,-3.37498153953126,1,0,1,1,160.8,"Q3"
"3547",78,8.23642052730002,48,-3.19570876558667,-3.42171901738295,-3.03071199245002,-3.37498153953126,0,0,1,0,160.8,"Q3"
"3548",78,8.51559191000002,50,-3.19570876558667,-3.42171901738295,-3.1328414875264,-3.47074844462327,0,1,1,0,160.8,"Q3"
"3549",78,8.47637119690002,52,-3.19570876558667,-3.52230625428812,-3.1328414875264,-3.47074844462327,0,0,1,0,150.9,"Q3"
"3550",78,10.112126418,53,-3.37498153953126,-3.52230625428812,-3.03071199245002,-3.47074844462327,0,0,1,1,150.9,"Q3"
"3551",78,8.51559191000002,54,-3.19570876558667,-3.57666746350701,-3.03071199245002,-3.37498153953126,0,0,1,0,150.9,"Q3"
"3552",78,8.77400360019999,55,-3.19570876558667,-3.57666746350701,-3.03071199245002,-3.37498153953126,1,0,0,0,150.9,"Q3"
"3553",78,9.19583568579999,56,-3.19570876558667,-3.57666746350701,-3.03071199245002,-3.47074844462327,0,1,1,0,147.2,"Q4"
"3554",78,10.514990744,57,-3.47074844462327,-3.33033126579352,-3.04702556794154,-3.47074844462327,0,0,1,1,147.2,"Q4"
"3555",78,8.54090971799997,58,-3.24823701426145,-4.02785482095327,-3.06360969595708,-3.47074844462327,1,1,0,0,147.2,"Q4"
"3556",78,8.44934252449998,59,-3.19570876558667,-3.69514906712753,-3.06360969595708,-3.47074844462327,0,0,1,0,147.2,"Q4"
"3557",78,10.506272293,60,-3.47074844462327,-3.69514906712753,-3.06360969595708,-3.47074844462327,1,0,1,1,120.9,"Q4"
"3558",78,8.20193435119999,61,-3.19570876558667,-3.90424086498609,-3.06360969595708,-3.47074844462327,0,1,1,0,120.9,"Q4"
"3559",78,10.586988356,62,-3.47074844462327,-4.16893341921317,-3.06360969595708,-3.43133447608239,0,0,1,1,120.9,"Q4"
"3560",78,9.0861367685,63,-3.47074844462327,-3.69514906712753,-3.06360969595708,-3.47578623865323,1,0,0,0,120.9,"Q4"
"3561",78,9.18932100480001,64,-3.19570876558667,-3.33033126579352,-3.06360969595708,-3.47578623865323,1,0,1,0,120.9,"Q4"
"3562",78,9.36836923619997,69,-3.47074844462327,-3.57666746350701,-3.52230625428812,-3.52230625428812,0,1,1,0,114.4,"Q1"
"3563",78,8.46294817659997,70,-3.47578623865323,-4.16893341921317,-3.20722520764823,-3.52230625428812,1,0,1,0,114.4,"Q1"
"3564",78,8.87738195470003,71,-3.47578623865323,-3.57666746350701,-3.20722520764823,-3.63415455442469,0,0,1,0,114.4,"Q1"
"3565",78,10.6373927260001,72,-3.47578623865323,-3.57666746350701,-3.1545814741628,-3.63415455442469,0,0,1,1,114.4,"Q1"
"3566",78,9.31217467790004,73,-3.47578623865323,-3.7601069634023,-3.1545814741628,-3.52230625428812,1,0,0,0,114.4,"Q1"
"3567",78,9.30637756020002,74,-3.52230625428812,-3.7601069634023,-3.24660037288306,-3.52230625428812,0,0,1,0,114.4,"Q1"
"3568",78,9.2887817983,75,-3.52230625428812,-3.57666746350701,-3.16934188974592,-3.7601069634023,0,0,1,0,114.4,"Q1"
"3569",78,9.09335701649998,76,-3.52230625428812,-3.57666746350701,-3.1545814741628,-3.7601069634023,0,0,1,0,114.4,"Q1"
"3570",78,9.95494083409999,77,-3.47578623865323,-3.57666746350701,-3.1545814741628,-3.52230625428812,1,0,1,1,114.4,"Q1"
"3571",78,8.61323037960001,78,-3.47578623865323,-4.27541689961562,-3.1545814741628,-3.52230625428812,1,0,0,0,111.7,"Q1"
"3572",78,9.53878043690001,79,-3.47578623865323,-3.57666746350701,-3.1545814741628,-3.57666746350701,0,0,1,0,111.7,"Q1"
"3573",78,11.6077991860001,80,-3.63415455442469,-3.57666746350701,-3.1545814741628,-3.56004658227097,0,0,1,1,111.7,"Q1"
"3574",78,9.84246285069996,81,-3.63415455442469,-3.69514906712753,-3.85139838361171,-3.56004658227097,1,1,0,0,111.7,"Q1"
"3575",78,8.86841328469997,83,-3.54369744426944,-3.69514906712753,-3.47074844462327,-4.25319376283091,0,1,0,0,111.7,"Q2"
"3576",78,8.85936344920003,84,-3.54369744426944,-4.16893341921317,-3.1545814741628,-3.57666746350701,1,0,0,0,111.7,"Q2"
"3577",78,8.94637482609996,85,-3.54369744426944,-3.57666746350701,-3.47074844462327,-3.57666746350701,1,1,0,0,111.7,"Q2"
"3578",78,10.033813814,86,-3.54369744426944,-3.57666746350701,-3.47074844462327,-3.7601069634023,0,1,0,0,111,"Q2"
"3579",78,11.9433563189999,87,-3.82957933621707,-3.57666746350701,-3.20722520764823,-3.7601069634023,0,0,1,1,111,"Q2"
"3580",78,8.93800657649997,88,-3.54369744426944,-3.57666746350701,-3.33033126579352,-3.7601069634023,0,1,1,0,111,"Q2"
"3581",78,8.91247327449998,89,-3.54369744426944,-3.69514906712753,-3.1545814741628,-3.7601069634023,1,0,0,0,111,"Q2"
"3582",78,8.6697425899,90,-3.54369744426944,-3.69514906712753,-3.1545814741628,-4.25319376283091,0,0,1,0,111,"Q2"
"3583",78,8.83171191779997,91,-3.54369744426944,-3.69514906712753,-3.47074844462327,-3.56004658227097,0,0,1,0,111,"Q2"
"3584",78,9.49160187660003,92,-3.83679958419056,-3.98492977623623,-3.47074844462327,-3.85139838361171,1,1,1,1,111,"Q2"
"3585",78,9.30054663989996,93,-3.54369744426944,-3.90424086498609,-3.1545814741628,-3.90424086498609,0,1,0,0,111,"Q2"
"3586",78,10.629682587,94,-3.63415455442469,-3.69514906712753,-3.1545814741628,-3.56004658227097,0,0,1,1,111,"Q2"
"3587",78,9.6519445267,95,-3.63415455442469,-3.69514906712753,-3.47074844462327,-3.56004658227097,0,0,1,0,111,"Q3"
"3588",78,9.07153796909997,96,-3.54369744426944,-3.69514906712753,-3.47074844462327,-3.56004658227097,1,1,0,0,111,"Q3"
"3589",78,9.14248970509999,97,-3.54369744426944,-3.69514906712753,-3.47074844462327,-3.56004658227097,0,0,1,0,111,"Q3"
"3590",78,8.68067166040002,98,-3.54369744426944,-3.69514906712753,-3.1545814741628,-3.56004658227097,0,1,1,0,111,"Q3"
"3591",78,8.48961642359998,99,-3.54369744426944,-4.16893341921317,-3.37498153953126,-3.56004658227097,1,0,1,0,107.2,"Q3"
"3592",78,8.51559191000002,100,-3.54369744426944,-4.16893341921317,-3.37498153953126,-3.56004658227097,0,0,0,0,107.2,"Q3"
"3593",78,9.69621735039997,101,-3.54369744426944,-3.7601069634023,-3.28758971741625,-3.56004658227097,1,0,0,0,107.2,"Q3"
"3594",78,8.83171191779997,103,-3.54369744426944,-3.82957933621707,-3.22671900232923,-3.56004658227097,0,0,1,0,107.2,"Q3"
"3595",78,8.73359406190002,104,-3.54369744426944,-3.82957933621707,-3.47074844462327,-3.56004658227097,0,1,1,0,107.4,"Q3"
"3596",78,8.47637119690002,106,-3.54369744426944,-3.7014582363208,-3.24660037288306,-3.63415455442469,1,1,1,0,107.4,"Q3"
"3597",78,8.76405326930003,107,-3.54369744426944,-3.7014582363208,-3.22671900232923,-3.63415455442469,0,0,1,0,107.4,"Q3"
"3598",78,8.9871968207,108,-3.57666746350701,-3.7014582363208,-3.47074844462327,-3.56004658227097,0,1,0,0,116,"Q4"
"3599",78,9.04923221160001,109,-3.57666746350701,-3.7014582363208,-3.22671900232923,-3.56004658227097,1,0,0,0,116,"Q4"
"3600",78,9.46218799139997,111,-3.54369744426944,-3.7014582363208,-3.22671900232923,-3.67645693411538,0,1,1,0,116,"Q4"
"3601",78,10.707102186,112,-3.7601069634023,-3.7014582363208,-3.22671900232923,-3.67645693411538,0,0,0,0,116,"Q4"
"3602",78,9.04168500589999,113,-3.54369744426944,-3.7014582363208,-3.22671900232923,-3.56004658227097,1,0,0,0,127.3,"Q4"
"3603",78,9.29468152039999,114,-3.54369744426944,-3.7014582363208,-3.22671900232923,-3.56004658227097,0,0,1,0,127.3,"Q4"
"3604",78,9.20230820029997,115,-3.54369744426944,-3.7014582363208,-3.47074844462327,-3.56004658227097,0,1,1,0,127.3,"Q4"
"3605",78,9.0567228833,116,-3.54369744426944,-3.7014582363208,-3.22671900232923,-3.90424086498609,1,0,0,0,127.3,"Q4"
"3606",78,8.93800657649997,117,-3.54369744426944,-3.7014582363208,-3.22671900232923,-3.69514906712753,0,0,0,0,131.5,"Q4"
"3607",78,9.0567228833,118,-3.54369744426944,-3.7014582363208,-3.22671900232923,-3.56004658227097,1,0,0,0,131.5,"Q4"
"3608",78,8.7540029335,119,-3.54369744426944,-3.7014582363208,-3.22671900232923,-3.63415455442469,0,0,1,0,131.5,"Q4"
"3609",78,9.15609535709998,121,-3.54369744426944,-3.7014582363208,-3.28758971741625,-3.57666746350701,0,0,0,0,135.1,"Q1"
"3610",78,8.5026885052,122,-3.54369744426944,-3.7014582363208,-3.33033126579352,-3.7601069634023,0,1,1,0,135.1,"Q1"
"3611",78,9.20230820029997,123,-3.24660037288306,-3.7014582363208,-3.33033126579352,-3.7601069634023,0,0,1,1,135.1,"Q1"
"3612",78,8.51559191000002,125,-3.24660037288306,-3.7014582363208,-3.20722520764823,-3.57666746350701,0,0,0,0,135.1,"Q1"
"3613",78,9.23405689859997,126,-3.34795286714334,-3.7014582363208,-3.20722520764823,-3.7601069634023,0,0,1,0,134.7,"Q1"
"3614",78,8.64751945309997,127,-3.47074844462327,-3.7014582363208,-3.47074844462327,-4.16893341921317,0,1,0,0,134.7,"Q1"
"3615",78,8.64751945309997,129,-3.47074844462327,-3.7014582363208,-3.47074844462327,-3.57666746350701,0,1,1,0,134.7,"Q1"
"3616",78,8.68067166040002,130,-3.34795286714334,-3.7014582363208,-3.57666746350701,-3.63415455442469,1,0,0,0,134.7,"Q1"
"3617",78,9.46715078080002,131,-3.47074844462327,-3.7014582363208,-3.57666746350701,-3.69514906712753,0,0,1,1,134.7,"Q1"
"3618",78,8.5656023306,132,-3.47074844462327,-3.7014582363208,-3.57666746350701,-3.69514906712753,0,1,0,0,134.7,"Q1"
"3619",78,8.5777236912,133,-3.34795286714334,-3.7014582363208,-3.20722520764823,-3.90424086498609,0,0,1,0,134.7,"Q1"
"3620",78,9.54795481319998,134,-3.47074844462327,-3.7014582363208,-3.24259235148552,-3.90424086498609,0,1,1,1,134.3,"Q2"
"3621",78,9.66827142000002,135,-3.47074844462327,-3.7014582363208,-3.24259235148552,-3.63415455442469,0,0,0,0,134.3,"Q2"
"3622",78,8.68067166040002,136,-3.34795286714334,-3.90424086498609,-3.28758971741625,-3.63415455442469,1,0,0,0,134.3,"Q2"
"3623",78,10.351245573,137,-3.6400892899445,-3.90424086498609,-3.28758971741625,-3.57666746350701,0,0,1,1,134.3,"Q2"
"3624",78,8.00903068509998,138,-3.34795286714334,-3.69514906712753,-3.49619511028444,-3.57666746350701,0,1,1,0,134.3,"Q2"
"3625",78,8.77400360019999,139,-3.34795286714334,-3.69514906712753,-3.28758971741625,-3.57666746350701,0,1,1,0,126.2,"Q2"
"3626",78,8.64751945309997,140,-3.34795286714334,-3.63415455442469,-3.28758971741625,-3.57666746350701,0,0,0,0,126.2,"Q2"
"3627",78,10.537309267,141,-3.6400892899445,-3.63415455442469,-3.28758971741625,-3.57666746350701,0,0,1,1,126.2,"Q2"
"3628",78,8.09070871610001,142,-3.34795286714334,-3.63415455442469,-3.28758971741625,-3.57666746350701,0,0,1,0,126.2,"Q2"
"3629",78,8.0300840943,143,-3.33033126579352,-3.63415455442469,-3.28758971741625,-3.57666746350701,0,1,1,0,118.5,"Q2"
"3630",78,8.30201780980003,144,-3.33033126579352,-3.63415455442469,-3.28758971741625,-3.57666746350701,0,0,0,0,118.5,"Q2"
"3631",78,7.96554557310002,145,-3.33033126579352,-3.63415455442469,-3.47074844462327,-3.57666746350701,0,1,1,0,118.5,"Q2"
"3632",78,8.12917499690002,146,-3.33033126579352,-3.63415455442469,-3.28758971741625,-3.57666746350701,0,1,1,0,118.5,"Q2"
"3633",78,8.81284343350004,149,-3.33033126579352,-3.63415455442469,-3.28758971741625,-3.57666746350701,0,0,0,0,115.5,"Q3"
"3634",78,10.521911187,150,-3.33033126579352,-3.63415455442469,-3.28758971741625,-3.57666746350701,0,1,1,1,115.5,"Q3"
"3635",78,8.39298958799997,151,-3.33033126579352,-3.7601069634023,-3.28758971741625,-3.57666746350701,1,0,0,0,115.5,"Q3"
"3636",78,10.915815473,153,-3.47074844462327,-3.63415455442469,-3.28758971741625,-3.57666746350701,0,0,1,1,114.5,"Q3"
"3637",78,10.596634733,154,-3.47074844462327,-3.7601069634023,-3.28758971741625,-3.57666746350701,0,1,1,1,114.5,"Q3"
"3638",78,9.74237939209997,157,-3.47074844462327,-3.57666746350701,-3.24660037288306,-3.57666746350701,0,0,1,1,112.5,"Q3"
"3639",78,8.05070338149999,158,-3.33033126579352,-3.57666746350701,-3.20722520764823,-3.69514906712753,0,0,1,0,112.5,"Q3"
"3640",78,10.9701274619999,160,-3.37498153953126,-3.57666746350701,-3.18432344336154,-3.57666746350701,0,0,1,1,106.5,"Q4"
"3641",80,10.093777279,44,-3.20722520764823,-3.33033126579352,-3.03071199245002,-3.37498153953126,0,0,1,1,160.4,"Q3"
"3642",80,9.20873909060002,45,-3.19570876558667,-3.33033126579352,-3.03071199245002,-3.37498153953126,0,0,0,0,160.4,"Q3"
"3643",80,10.066966022,47,-3.28758971741625,-3.42171901738295,-3.09762658123533,-3.37498153953126,1,0,1,1,160.8,"Q3"
"3644",80,10.557478018,49,-3.47074844462327,-3.42171901738295,-3.03071199245002,-3.37498153953126,0,0,1,1,160.8,"Q3"
"3645",80,8.97916464900004,50,-3.19570876558667,-3.42171901738295,-3.1328414875264,-3.47074844462327,0,1,1,0,160.8,"Q3"
"3646",80,9.23405689859997,52,-3.19570876558667,-3.52230625428812,-3.1328414875264,-3.47074844462327,0,0,1,0,150.9,"Q3"
"3647",80,10.349198489,53,-3.37498153953126,-3.52230625428812,-3.03071199245002,-3.47074844462327,0,0,1,1,150.9,"Q3"
"3648",80,8.87738195470003,54,-3.19570876558667,-3.57666746350701,-3.03071199245002,-3.37498153953126,0,0,1,0,150.9,"Q3"
"3649",80,9.01091334729999,55,-3.19570876558667,-3.57666746350701,-3.03071199245002,-3.37498153953126,1,0,0,0,150.9,"Q3"
"3650",80,9.51546935800002,56,-3.19570876558667,-3.57666746350701,-3.03071199245002,-3.47074844462327,0,1,1,0,147.2,"Q4"
"3651",80,10.751927618,57,-3.47074844462327,-3.33033126579352,-3.04702556794154,-3.47074844462327,0,0,1,1,147.2,"Q4"
"3652",80,8.92956770779998,58,-3.30529885587637,-4.02785482095327,-3.06360969595708,-3.47074844462327,1,1,0,0,147.2,"Q4"
"3653",80,9.13561682580005,59,-3.19570876558667,-3.69514906712753,-3.06360969595708,-3.47074844462327,0,0,1,0,147.2,"Q4"
"3654",80,10.655658074,60,-3.47074844462327,-3.69514906712753,-3.06360969595708,-3.47074844462327,1,0,1,1,120.9,"Q4"
"3655",80,8.90381521169997,61,-3.19570876558667,-3.90424086498609,-3.06360969595708,-3.47074844462327,0,1,1,0,120.9,"Q4"
"3656",80,10.588602561,62,-3.47074844462327,-4.16893341921317,-3.06360969595708,-3.43133447608239,0,0,1,1,120.9,"Q4"
"3657",80,9.47700307720005,63,-3.47074844462327,-3.69514906712753,-3.06360969595708,-3.47578623865323,1,0,0,0,120.9,"Q4"
"3658",80,9.44208681210002,64,-3.19570876558667,-3.33033126579352,-3.06360969595708,-3.47578623865323,1,0,1,0,120.9,"Q4"
"3659",80,9.44208681210002,66,-3.47074844462327,-3.82957933621707,-3.16934188974592,-3.52230625428812,1,0,0,0,117.8,"Q4"
"3660",80,9.46218799139997,69,-3.47074844462327,-3.57666746350701,-3.52230625428812,-3.52230625428812,0,1,1,0,114.4,"Q1"
"3661",80,9.20873909060002,70,-3.47578623865323,-4.16893341921317,-3.20722520764823,-3.52230625428812,1,0,1,0,114.4,"Q1"
"3662",80,8.97916464900004,71,-3.47578623865323,-3.57666746350701,-3.20722520764823,-3.63415455442469,0,0,1,0,114.4,"Q1"
"3663",80,9.40063009839998,73,-3.47578623865323,-3.7601069634023,-3.1545814741628,-3.52230625428812,1,0,0,0,114.4,"Q1"
"3664",80,9.5660548548,74,-3.52230625428812,-3.7601069634023,-3.24660037288306,-3.52230625428812,0,0,1,0,114.4,"Q1"
"3665",80,9.26482855730004,75,-3.52230625428812,-3.57666746350701,-3.16934188974592,-3.7601069634023,0,0,1,0,114.4,"Q1"
"3666",80,9.41115651140004,76,-3.52230625428812,-3.57666746350701,-3.1545814741628,-3.7601069634023,0,0,1,0,114.4,"Q1"
"3667",80,9.00307016980004,78,-3.47578623865323,-4.27541689961562,-3.1545814741628,-3.52230625428812,1,0,0,0,111.7,"Q1"
"3668",80,9.61846859750004,79,-3.47578623865323,-3.57666746350701,-3.1545814741628,-3.57666746350701,0,0,1,0,111.7,"Q1"
"3669",80,11.267945219,80,-3.63415455442469,-3.57666746350701,-3.1545814741628,-3.56004658227097,0,0,1,1,111.7,"Q1"
"3670",80,10.066966022,81,-3.63415455442469,-3.69514906712753,-3.85139838361171,-3.56004658227097,1,1,0,0,111.7,"Q1"
"3671",80,9.45720044990004,83,-3.54369744426944,-3.69514906712753,-3.47074844462327,-4.25319376283091,0,1,0,0,111.7,"Q2"
"3672",80,8.92105701820002,84,-3.54369744426944,-4.16893341921317,-3.1545814741628,-3.57666746350701,1,0,0,0,111.7,"Q2"
"3673",80,9.15609535709998,85,-3.54369744426944,-3.57666746350701,-3.47074844462327,-3.57666746350701,1,1,0,0,111.7,"Q2"
"3674",80,9.97002407629995,86,-3.54369744426944,-3.57666746350701,-3.47074844462327,-3.7601069634023,0,1,0,0,111,"Q2"
"3675",80,11.583048364,87,-3.82957933621707,-3.57666746350701,-3.20722520764823,-3.7601069634023,0,0,1,1,111,"Q2"
"3676",80,9.14931567009999,88,-3.54369744426944,-3.57666746350701,-3.33033126579352,-3.7601069634023,0,1,1,0,111,"Q2"
"3677",80,9.16951837750003,89,-3.54369744426944,-3.69514906712753,-3.1545814741628,-3.7601069634023,1,0,0,0,111,"Q2"
"3678",80,9.04923221160001,90,-3.54369744426944,-3.69514906712753,-3.1545814741628,-4.25319376283091,0,0,1,0,111,"Q2"
"3679",80,8.93800657649997,91,-3.54369744426944,-3.69514906712753,-3.47074844462327,-3.56004658227097,0,0,1,0,111,"Q2"
"3680",80,10.389364531,92,-3.83679958419056,-3.98492977623623,-3.47074844462327,-3.85139838361171,1,1,1,1,111,"Q2"
"3681",80,9.3573801146,93,-3.54369744426944,-3.90424086498609,-3.1545814741628,-3.90424086498609,0,1,0,0,111,"Q2"
"3682",80,10.5950334520001,94,-3.63415455442469,-3.69514906712753,-3.1545814741628,-3.56004658227097,0,0,1,1,111,"Q2"
"3683",80,9.6353466353,95,-3.63415455442469,-3.69514906712753,-3.47074844462327,-3.56004658227097,0,0,1,0,111,"Q3"
"3684",80,8.96290412809996,96,-3.54369744426944,-3.69514906712753,-3.47074844462327,-3.56004658227097,1,1,0,0,111,"Q3"
"3685",80,9.07886400919999,97,-3.54369744426944,-3.69514906712753,-3.47074844462327,-3.56004658227097,0,0,1,0,111,"Q3"
"3686",80,9.12869638290002,98,-3.54369744426944,-3.69514906712753,-3.1545814741628,-3.56004658227097,0,1,1,0,111,"Q3"
"3687",80,9.0567228833,99,-3.54369744426944,-4.16893341921317,-3.37498153953126,-3.56004658227097,1,0,1,0,107.2,"Q3"
"3688",80,9.01091334729999,100,-3.54369744426944,-4.16893341921317,-3.37498153953126,-3.56004658227097,0,0,0,0,107.2,"Q3"
"3689",80,9.78650419709995,101,-3.54369744426944,-3.7601069634023,-3.28758971741625,-3.56004658227097,1,0,0,0,107.2,"Q3"
"3690",80,9.25874951120003,103,-3.54369744426944,-3.82957933621707,-3.22671900232923,-3.56004658227097,0,0,1,0,107.2,"Q3"
"3691",80,9.17616292019996,104,-3.54369744426944,-3.82957933621707,-3.47074844462327,-3.56004658227097,0,1,1,0,107.4,"Q3"
"3692",80,9.02641753380003,106,-3.54369744426944,-3.7014582363208,-3.24660037288306,-3.63415455442469,1,1,1,0,107.4,"Q3"
"3693",80,9.26482855730004,107,-3.54369744426944,-3.7014582363208,-3.22671900232923,-3.63415455442469,0,0,1,0,107.4,"Q3"
"3694",80,9.4867592521,108,-3.57666746350701,-3.7014582363208,-3.47074844462327,-3.56004658227097,0,1,0,0,116,"Q4"
"3695",80,9.43188264189999,109,-3.57666746350701,-3.7014582363208,-3.22671900232923,-3.56004658227097,1,0,0,0,116,"Q4"
"3696",80,9.44208681210002,111,-3.54369744426944,-3.7014582363208,-3.22671900232923,-3.67645693411538,0,1,1,0,116,"Q4"
"3697",80,10.474241085,112,-3.7601069634023,-3.7014582363208,-3.22671900232923,-3.67645693411538,0,0,0,0,116,"Q4"
"3698",80,9.3462688892,113,-3.54369744426944,-3.7014582363208,-3.22671900232923,-3.56004658227097,1,0,0,0,127.3,"Q4"
"3699",80,9.53878043690001,114,-3.54369744426944,-3.7014582363208,-3.22671900232923,-3.56004658227097,0,0,1,0,127.3,"Q4"
"3700",80,9.49642116310001,115,-3.54369744426944,-3.7014582363208,-3.47074844462327,-3.56004658227097,0,1,1,0,127.3,"Q4"
"3701",80,9.24028744829999,116,-3.54369744426944,-3.7014582363208,-3.22671900232923,-3.90424086498609,1,0,0,0,127.3,"Q4"
"3702",80,9.26482855730004,117,-3.54369744426944,-3.7014582363208,-3.22671900232923,-3.69514906712753,0,0,0,0,131.5,"Q4"
"3703",80,9.32936707840001,118,-3.54369744426944,-3.7014582363208,-3.22671900232923,-3.56004658227097,1,0,0,0,131.5,"Q4"
"3704",80,9.10764297370002,119,-3.54369744426944,-3.7014582363208,-3.22671900232923,-3.63415455442469,0,0,1,0,131.5,"Q4"
"3705",80,9.45720044990004,121,-3.54369744426944,-3.7014582363208,-3.28758971741625,-3.57666746350701,0,0,0,0,135.1,"Q1"
"3706",80,8.85936344920003,122,-3.54369744426944,-3.7014582363208,-3.33033126579352,-3.7601069634023,0,1,1,0,135.1,"Q1"
"3707",80,8.33327035329998,125,-3.24660037288306,-3.7014582363208,-3.20722520764823,-3.57666746350701,0,0,0,0,135.1,"Q1"
"3708",80,8.76405326930003,126,-3.34795286714334,-3.7014582363208,-3.20722520764823,-3.7601069634023,0,0,1,0,134.7,"Q1"
"3709",80,8.88627090209996,127,-3.47074844462327,-3.7014582363208,-3.47074844462327,-4.16893341921317,0,1,0,0,134.7,"Q1"
"3710",80,9.01091334729999,129,-3.47074844462327,-3.7014582363208,-3.47074844462327,-3.57666746350701,0,1,1,0,134.7,"Q1"
"3711",80,8.90381521169997,130,-3.34795286714334,-3.7014582363208,-3.57666746350701,-3.63415455442469,1,0,0,0,134.7,"Q1"
"3712",80,10.050527295,131,-3.47074844462327,-3.7014582363208,-3.57666746350701,-3.69514906712753,0,0,1,1,134.7,"Q1"
"3713",80,9.02641753380003,132,-3.47074844462327,-3.7014582363208,-3.57666746350701,-3.69514906712753,0,1,0,0,134.7,"Q1"
"3714",80,9.62694322449997,134,-3.47074844462327,-3.7014582363208,-3.24259235148552,-3.90424086498609,0,1,1,1,134.3,"Q2"
"3715",80,9.44715011409995,135,-3.47074844462327,-3.7014582363208,-3.24259235148552,-3.63415455442469,0,0,0,0,134.3,"Q2"
"3716",80,8.95467362900003,136,-3.34795286714334,-3.90424086498609,-3.28758971741625,-3.63415455442469,1,0,0,0,134.3,"Q2"
"3717",80,10.781619407,137,-3.6400892899445,-3.90424086498609,-3.28758971741625,-3.57666746350701,0,0,1,1,134.3,"Q2"
"3718",80,8.69148257649997,138,-3.34795286714334,-3.69514906712753,-3.49619511028444,-3.57666746350701,0,1,1,0,134.3,"Q2"
"3719",80,8.92956770779998,139,-3.34795286714334,-3.69514906712753,-3.28758971741625,-3.57666746350701,0,1,1,0,126.2,"Q2"
"3720",80,8.9710674387,140,-3.34795286714334,-3.63415455442469,-3.28758971741625,-3.57666746350701,0,0,0,0,126.2,"Q2"
"3721",80,10.547444489,141,-3.6400892899445,-3.63415455442469,-3.28758971741625,-3.57666746350701,0,0,1,1,126.2,"Q2"
"3722",80,8.73359406190002,142,-3.34795286714334,-3.63415455442469,-3.28758971741625,-3.57666746350701,0,0,1,0,126.2,"Q2"
"3723",80,8.72323127479999,143,-3.33033126579352,-3.63415455442469,-3.28758971741625,-3.57666746350701,0,1,1,0,118.5,"Q2"
"3724",80,9.01869548770001,144,-3.33033126579352,-3.63415455442469,-3.28758971741625,-3.57666746350701,0,0,0,0,118.5,"Q2"
"3725",80,8.8032739825,145,-3.33033126579352,-3.63415455442469,-3.47074844462327,-3.57666746350701,0,1,1,0,118.5,"Q2"
"3726",80,8.83171191779997,146,-3.33033126579352,-3.63415455442469,-3.28758971741625,-3.57666746350701,0,1,1,0,118.5,"Q2"
"3727",80,9.99369382040004,147,-3.45186008123221,-3.63415455442469,-3.28758971741625,-3.57666746350701,0,0,1,1,115.5,"Q3"
"3728",80,9.09335701649998,149,-3.33033126579352,-3.63415455442469,-3.28758971741625,-3.57666746350701,0,0,0,0,115.5,"Q3"
"3729",80,10.570701351,150,-3.33033126579352,-3.63415455442469,-3.28758971741625,-3.57666746350701,0,1,1,1,115.5,"Q3"
"3730",80,8.74385056200001,151,-3.33033126579352,-3.7601069634023,-3.28758971741625,-3.57666746350701,1,0,0,0,115.5,"Q3"
"3731",80,10.8459916909999,153,-3.47074844462327,-3.63415455442469,-3.28758971741625,-3.57666746350701,0,0,1,1,114.5,"Q3"
"3732",80,10.474241085,154,-3.47074844462327,-3.7601069634023,-3.28758971741625,-3.57666746350701,0,1,1,1,114.5,"Q3"
"3733",80,9.62271488840001,155,-3.63415455442469,-3.90424086498609,-3.20722520764823,-3.57666746350701,0,1,1,0,114.5,"Q3"
"3734",80,9.4867592521,156,-3.63415455442469,-3.63415455442469,-3.24660037288306,-3.50655789731998,0,1,1,0,112.5,"Q3"
"3735",80,8.85936344920003,158,-3.33033126579352,-3.50655789731998,-3.20722520764823,-3.69514906712753,0,0,1,0,112.5,"Q3"
"3736",80,10.832181051,160,-3.37498153953126,-3.50655789731998,-3.11507903118656,-3.50655789731998,0,0,1,1,106.5,"Q4"
"3737",81,8.73359406190002,42,-3.06360969595708,-3.24660037288306,-3.01148063052213,-3.52230625428812,0,0,1,0,160,"Q2"
"3738",81,8.87738195470003,43,-3.06360969595708,-3.24660037288306,-3.01148063052213,-3.47074844462327,0,0,1,0,160.4,"Q3"
"3739",81,10.6373927260001,44,-3.20722520764823,-3.24660037288306,-3.01148063052213,-3.25062452318278,0,0,1,1,160.4,"Q3"
"3740",81,8.51559191000002,45,-3.06360969595708,-3.24660037288306,-3.01148063052213,-3.28758971741625,0,0,0,0,160.4,"Q3"
"3741",81,10.201515917,47,-3.28758971741625,-3.42171901738295,-3.09762658123533,-3.25062452318278,1,0,1,1,160.8,"Q3"
"3742",81,8.51559191000002,48,-3.06360969595708,-3.42171901738295,-3.01148063052213,-3.28758971741625,0,0,1,0,160.8,"Q3"
"3743",81,8.37839078850004,50,-3.06360969595708,-3.42171901738295,-3.1328414875264,-3.47074844462327,0,1,1,0,160.8,"Q3"
"3744",81,8.14786712990004,54,-3.06360969595708,-3.57666746350701,-3.01148063052213,-3.29178259567629,0,0,1,0,150.9,"Q3"
"3745",81,8.65869275369998,55,-3.06360969595708,-3.57666746350701,-3.01148063052213,-3.29178259567629,1,0,0,0,150.9,"Q3"
"3746",81,9.2214781164,56,-3.06360969595708,-3.57666746350701,-3.01148063052213,-3.47074844462327,0,1,1,0,147.2,"Q4"
"3747",81,10.751927618,57,-3.47074844462327,-3.24660037288306,-3.02748097186857,-3.47074844462327,0,0,1,1,147.2,"Q4"
"3748",81,8.61323037960001,58,-3.15200556653149,-3.94377170374273,-3.06360969595708,-3.47074844462327,1,1,0,0,147.2,"Q4"
"3749",81,8.37839078850004,59,-3.06360969595708,-3.69514906712753,-3.06360969595708,-3.47074844462327,0,0,1,0,147.2,"Q4"
"3750",81,11.08644099,60,-3.6131795486159,-3.69514906712753,-3.06360969595708,-3.47074844462327,1,0,1,1,120.9,"Q4"
"3751",81,8.26975694750001,61,-3.06360969595708,-3.90424086498609,-3.06360969595708,-3.47074844462327,0,1,1,0,120.9,"Q4"
"3752",81,10.957938945,62,-3.47074844462327,-4.16893341921317,-3.06360969595708,-3.2188758248682,0,0,1,1,120.9,"Q4"
"3753",81,9.5838331008,63,-3.47074844462327,-3.69514906712753,-3.06360969595708,-3.33033126579352,1,0,0,0,120.9,"Q4"
"3754",81,9.53878043690001,64,-3.06360969595708,-3.24660037288306,-3.06360969595708,-3.47074844462327,1,0,1,0,120.9,"Q4"
"3755",81,9.54337814609995,69,-3.47074844462327,-3.37498153953126,-3.52230625428812,-3.47074844462327,0,1,1,0,114.4,"Q1"
"3756",81,8.64751945309997,70,-3.16124230488128,-4.16893341921317,-3.20722520764823,-3.30022146432215,1,0,1,0,114.4,"Q1"
"3757",81,9.0861367685,71,-3.16990031835191,-3.37498153953126,-3.20722520764823,-3.63415455442469,0,0,1,0,114.4,"Q1"
"3758",81,10.857151137,72,-3.47074844462327,-3.37498153953126,-3.01148063052213,-3.63415455442469,0,0,1,1,114.4,"Q1"
"3759",81,9.10052550600004,73,-3.2587217334154,-3.7601069634023,-3.01148063052213,-3.47074844462327,1,0,0,0,114.4,"Q1"
"3760",81,9.02641753380003,74,-3.27925633585711,-3.7601069634023,-3.24660037288306,-3.47074844462327,0,0,1,0,114.4,"Q1"
"3761",81,8.83171191779997,75,-3.27925633585711,-3.37498153953126,-3.16934188974592,-3.7601069634023,0,0,1,0,114.4,"Q1"
"3762",81,9.27087087170001,76,-3.27925633585711,-3.37498153953126,-3.01148063052213,-3.7601069634023,0,0,1,0,114.4,"Q1"
"3763",81,10.167696269,77,-3.47074844462327,-3.47074844462327,-3.01148063052213,-3.37498153953126,1,0,1,1,114.4,"Q1"
"3764",81,8.54090971799997,78,-3.2587217334154,-4.07270538711862,-3.01148063052213,-3.37498153953126,1,0,0,0,111.7,"Q1"
"3765",81,9.4867592521,79,-3.2587217334154,-3.37498153953126,-3.01148063052213,-3.57666746350701,0,0,1,0,111.7,"Q1"
"3766",81,11.4312814760001,80,-3.3853634279669,-3.37498153953126,-3.01148063052213,-3.37498153953126,0,0,1,1,111.7,"Q1"
"3767",81,10.069679727,81,-3.45745222419858,-3.69514906712753,-3.63415455442469,-3.37498153953126,1,1,0,0,111.7,"Q1"
"3768",81,8.96290412809996,83,-3.42171901738295,-3.69514906712753,-3.47074844462327,-4.03666545063542,0,1,0,0,111.7,"Q2"
"3769",81,8.90381521169997,84,-3.42171901738295,-4.16893341921317,-3.01148063052213,-3.57666746350701,1,0,0,0,111.7,"Q2"
"3770",81,8.86841328469997,85,-3.42171901738295,-3.37498153953126,-3.47074844462327,-3.57666746350701,1,1,0,0,111.7,"Q2"
"3771",81,9.78290058949997,86,-3.42171901738295,-3.37498153953126,-3.47074844462327,-3.7601069634023,0,1,0,0,111,"Q2"
"3772",81,11.770725483,87,-3.82957933621707,-3.37498153953126,-3.20722520764823,-3.7601069634023,0,0,1,1,111,"Q2"
"3773",81,8.97916464900004,88,-3.34351827007548,-3.37498153953126,-3.33033126579352,-3.7601069634023,0,1,1,0,111,"Q2"
"3774",81,9.114710141,91,-3.34351827007548,-3.42171901738295,-3.47074844462327,-3.34351827007548,0,0,1,0,111,"Q2"
"3775",81,10.083138881,92,-3.63415455442469,-3.81529337896959,-3.47074844462327,-3.63415455442469,1,1,1,1,111,"Q2"
"3776",81,9.68433602250001,93,-3.34351827007548,-3.90424086498609,-3.06360969595708,-3.90424086498609,0,1,0,0,111,"Q2"
"3777",81,11.026857492,94,-3.63415455442469,-3.52230625428812,-3.03071199245002,-3.34351827007548,0,0,1,1,111,"Q2"
"3778",81,9.50599061410004,95,-3.63415455442469,-3.52230625428812,-3.47074844462327,-3.34351827007548,0,0,1,0,111,"Q3"
"3779",81,8.33327035329998,96,-3.34351827007548,-3.69514906712753,-3.47074844462327,-3.34351827007548,1,1,0,0,111,"Q3"
"3780",81,8.37839078850004,97,-3.34351827007548,-3.69514906712753,-3.47074844462327,-3.47074844462327,0,0,1,0,111,"Q3"
"3781",81,8.20193435119999,98,-3.34351827007548,-3.52230625428812,-3.08606435945409,-3.47074844462327,0,1,1,0,111,"Q3"
"3782",81,8.43554920239998,99,-3.34351827007548,-4.16893341921317,-3.37498153953126,-3.47074844462327,1,0,1,0,107.2,"Q3"
"3783",81,8.60153433980004,100,-3.34351827007548,-4.16893341921317,-3.37498153953126,-3.52230625428812,0,0,0,0,107.2,"Q3"
"3784",81,9.40063009839998,101,-3.34351827007548,-3.7601069634023,-3.28758971741625,-3.37498153953126,1,0,0,0,107.2,"Q3"
"3785",81,11.40880862,102,-3.90424086498609,-3.7601069634023,-3.14728217168119,-3.37498153953126,0,0,1,1,107.2,"Q3"
"3786",81,8.30201780980003,103,-3.34351827007548,-3.82957933621707,-3.14728217168119,-3.47074844462327,0,0,1,0,107.2,"Q3"
"3787",81,8.62479120200004,104,-3.34351827007548,-3.82957933621707,-3.47074844462327,-3.47074844462327,0,1,1,0,107.4,"Q3"
"3788",81,10.036618865,105,-3.47074844462327,-3.82957933621707,-3.14728217168119,-3.47074844462327,0,0,1,1,107.4,"Q3"
"3789",81,8.93800657649997,106,-3.47074844462327,-3.7014582363208,-3.24660037288306,-3.63415455442469,1,1,1,0,107.4,"Q3"
"3790",81,9.14931567009999,107,-3.52230625428812,-3.7014582363208,-3.14728217168119,-3.63415455442469,0,0,1,0,107.4,"Q3"
"3791",81,9.24028744829999,108,-3.57666746350701,-3.7014582363208,-3.47074844462327,-3.47074844462327,0,1,0,0,116,"Q4"
"3792",81,9.25263328419997,109,-3.57666746350701,-3.7014582363208,-3.14728217168119,-3.46074836128869,1,0,0,0,116,"Q4"
"3793",81,9.41115651140004,111,-3.34351827007548,-3.7014582363208,-3.20722520764823,-3.47074844462327,0,1,1,0,116,"Q4"
"3794",81,10.256957366,112,-3.7601069634023,-3.7014582363208,-3.14728217168119,-3.47074844462327,0,0,0,0,116,"Q4"
"3795",81,8.47637119690002,113,-3.34351827007548,-3.7014582363208,-3.14728217168119,-3.47074844462327,1,0,0,0,127.3,"Q4"
"3796",81,8.89508153180002,114,-3.34351827007548,-3.7014582363208,-3.14728217168119,-3.48084954060977,0,0,1,0,127.3,"Q4"
"3797",81,9.25874951120003,115,-3.47074844462327,-3.7014582363208,-3.47074844462327,-3.47074844462327,0,1,1,0,127.3,"Q4"
"3798",81,8.9871968207,116,-3.47074844462327,-3.7014582363208,-3.14728217168119,-3.90424086498609,1,0,0,0,127.3,"Q4"
"3799",81,8.64751945309997,117,-3.47074844462327,-3.7014582363208,-3.14728217168119,-3.69514906712753,0,0,0,0,131.5,"Q4"
"3800",81,8.14786712990004,118,-3.34351827007548,-3.7014582363208,-3.14728217168119,-3.52230625428812,1,0,0,0,131.5,"Q4"
"3801",81,8.76405326930003,119,-3.34351827007548,-3.7014582363208,-3.14728217168119,-3.63415455442469,0,0,1,0,131.5,"Q4"
"3802",81,9.57052913519997,120,-3.47074844462327,-3.7014582363208,-3.28758971741625,-3.63415455442469,1,0,1,1,131.5,"Q4"
"3803",81,9.6883121709,121,-3.47074844462327,-3.7014582363208,-3.28758971741625,-3.57666746350701,0,0,0,0,135.1,"Q1"
"3804",81,8.61323037960001,122,-3.47074844462327,-3.7014582363208,-3.33033126579352,-3.7601069634023,0,1,1,0,135.1,"Q1"
"3805",81,9.47700307720005,123,-3.24660037288306,-3.7014582363208,-3.33033126579352,-3.7601069634023,0,0,1,1,135.1,"Q1"
"3806",81,8.44934252449998,125,-3.24660037288306,-3.7014582363208,-3.06360969595708,-3.57666746350701,0,0,0,0,135.1,"Q1"
"3807",81,8.31776616669999,126,-3.18055696056606,-3.7014582363208,-3.06360969595708,-3.7601069634023,0,0,1,0,134.7,"Q1"
"3808",81,8.88627090209996,127,-3.47074844462327,-3.7014582363208,-3.47074844462327,-4.16893341921317,0,1,0,0,134.7,"Q1"
"3809",81,9.07886400919999,129,-3.47074844462327,-3.7014582363208,-3.47074844462327,-3.57666746350701,0,1,1,0,134.7,"Q1"
"3810",81,8.68067166040002,130,-3.18055696056606,-3.7014582363208,-3.57666746350701,-3.63415455442469,1,0,0,0,134.7,"Q1"
"3811",81,10.254707646,131,-3.47074844462327,-3.7014582363208,-3.57666746350701,-3.69514906712753,0,0,1,1,134.7,"Q1"
"3812",81,9.04923221160001,132,-3.47074844462327,-3.7014582363208,-3.57666746350701,-3.69514906712753,0,1,0,0,134.7,"Q1"
"3813",81,8.88627090209996,133,-3.18055696056606,-3.7014582363208,-3.1328414875264,-3.90424086498609,0,0,1,0,134.7,"Q1"
"3814",81,9.69621735039997,134,-3.47074844462327,-3.7014582363208,-3.24259235148552,-3.90424086498609,0,1,1,1,134.3,"Q2"
"3815",81,8.6697425899,136,-3.18055696056606,-3.90424086498609,-3.07707791300794,-3.63415455442469,1,0,0,0,134.3,"Q2"
"3816",81,10.091128271,137,-3.47074844462327,-3.90424086498609,-3.07707791300794,-3.57666746350701,0,0,1,1,134.3,"Q2"
"3817",81,8.20193435119999,138,-3.18055696056606,-3.52230625428812,-3.35240721749272,-3.57666746350701,0,1,1,0,134.3,"Q2"
"3818",81,8.64751945309997,139,-3.18055696056606,-3.52230625428812,-3.09762658123533,-3.57666746350701,0,1,1,0,126.2,"Q2"
"3819",81,8.65869275369998,140,-3.18055696056606,-3.47074844462327,-3.09762658123533,-3.57666746350701,0,0,0,0,126.2,"Q2"
"3820",81,10.371489179,141,-3.47074844462327,-3.63415455442469,-3.06360969595708,-3.57666746350701,0,0,1,1,126.2,"Q2"
"3821",81,8.28601746839997,142,-3.18055696056606,-3.63415455442469,-3.09762658123533,-3.57666746350701,0,0,1,0,126.2,"Q2"
"3822",81,8.12917499690002,143,-3.16934188974592,-3.63415455442469,-3.24660037288306,-3.57666746350701,0,1,1,0,118.5,"Q2"
"3823",81,8.70217786560003,144,-3.16934188974592,-3.47074844462327,-3.24660037288306,-3.57666746350701,0,0,0,0,118.5,"Q2"
"3824",81,8.43554920239998,145,-3.16934188974592,-3.47074844462327,-3.47074844462327,-3.57666746350701,0,1,1,0,118.5,"Q2"
"3825",81,8.43554920239998,146,-3.16934188974592,-3.47074844462327,-3.06360969595708,-3.57666746350701,0,1,1,0,118.5,"Q2"
"3826",81,9.74987006390004,147,-3.45147609091531,-3.47074844462327,-3.16934188974592,-3.57666746350701,0,0,1,1,115.5,"Q3"
"3827",81,8.51559191000002,149,-3.16934188974592,-3.47074844462327,-3.06360969595708,-3.57666746350701,0,0,0,0,115.5,"Q3"
"3828",81,8.5026885052,151,-3.16934188974592,-3.7601069634023,-3.06360969595708,-3.57666746350701,1,0,0,0,115.5,"Q3"
"3829",81,10.829649404,153,-3.47074844462327,-3.47074844462327,-3.06360969595708,-3.57666746350701,0,0,1,1,114.5,"Q3"
"3830",81,10.426083632,154,-3.47074844462327,-3.57666746350701,-3.1328414875264,-3.57666746350701,0,1,1,1,114.5,"Q3"
"3831",81,9.19583568579999,156,-3.63415455442469,-3.47074844462327,-3.24660037288306,-3.57666746350701,0,1,1,0,112.5,"Q3"
"3832",81,10.135233993,157,-3.47074844462327,-3.47074844462327,-3.24660037288306,-3.57666746350701,0,0,1,1,112.5,"Q3"
"3833",81,8.70217786560003,158,-3.16934188974592,-3.47074844462327,-3.06360969595708,-3.69514906712753,0,0,1,0,112.5,"Q3"
"3834",81,8.60153433980004,159,-3.24660037288306,-3.7601069634023,-3.1328414875264,-3.69514906712753,0,1,0,0,112.5,"Q3"
"3835",81,10.733958924,160,-3.37498153953126,-3.47074844462327,-3.06360969595708,-3.57666746350701,0,0,1,1,106.5,"Q4"
"3836",83,8.60153433980004,43,-3.19570876558667,-3.33033126579352,-3.01148063052213,-3.47074844462327,0,0,1,0,160.4,"Q3"
"3837",83,10.347147206,44,-3.20722520764823,-3.33033126579352,-3.03071199245002,-3.37498153953126,0,0,1,1,160.4,"Q3"
"3838",83,8.34853782539999,45,-3.19570876558667,-3.33033126579352,-3.03071199245002,-3.37498153953126,0,0,0,0,160.4,"Q3"
"3839",83,8.70217786560003,46,-3.19570876558667,-3.33033126579352,-3.09762658123533,-3.57666746350701,0,1,1,0,160.4,"Q3"
"3840",83,9.93962659920004,47,-3.28758971741625,-3.42171901738295,-3.09762658123533,-3.37498153953126,1,0,1,1,160.8,"Q3"
"3841",83,8.31776616669999,48,-3.19570876558667,-3.42171901738295,-3.03071199245002,-3.37498153953126,0,0,1,0,160.8,"Q3"
"3842",83,8.26975694750001,50,-3.19570876558667,-3.42171901738295,-3.1328414875264,-3.47074844462327,0,1,1,0,160.8,"Q3"
"3843",83,8.43554920239998,51,-3.19570876558667,-3.52230625428812,-3.1328414875264,-3.37498153953126,1,0,1,0,160.8,"Q3"
"3844",83,8.31776616669999,52,-3.19570876558667,-3.52230625428812,-3.1328414875264,-3.47074844462327,0,0,1,0,150.9,"Q3"
"3845",83,9.87591078480004,53,-3.37498153953126,-3.52230625428812,-3.03071199245002,-3.47074844462327,0,0,1,1,150.9,"Q3"
"3846",83,8.26975694750001,54,-3.19570876558667,-3.57666746350701,-3.03071199245002,-3.37498153953126,0,0,1,0,150.9,"Q3"
"3847",83,8.42156296040003,55,-3.19570876558667,-3.57666746350701,-3.03071199245002,-3.37498153953126,1,0,0,0,150.9,"Q3"
"3848",83,8.96290412809996,56,-3.19570876558667,-3.57666746350701,-3.03071199245002,-3.47074844462327,0,1,1,0,147.2,"Q4"
"3849",83,10.7056684939999,57,-3.47074844462327,-3.33033126579352,-3.04702556794154,-3.47074844462327,0,0,1,1,147.2,"Q4"
"3850",83,8.54090971799997,58,-3.25099085866253,-4.02785482095327,-3.06360969595708,-3.47074844462327,1,1,0,0,147.2,"Q4"
"3851",83,8.5026885052,59,-3.19570876558667,-3.69514906712753,-3.06360969595708,-3.47074844462327,0,0,1,0,147.2,"Q4"
"3852",83,10.101682458,60,-3.47074844462327,-3.69514906712753,-3.06360969595708,-3.47074844462327,1,0,1,1,120.9,"Q4"
"3853",83,11.011125652,62,-3.47074844462327,-4.16893341921317,-3.06360969595708,-3.43133447608239,0,0,1,1,120.9,"Q4"
"3854",83,8.76405326930003,63,-3.47074844462327,-3.69514906712753,-3.06360969595708,-3.47578623865323,1,0,0,0,120.9,"Q4"
"3855",83,9.07886400919999,64,-3.19570876558667,-3.33033126579352,-3.06360969595708,-3.47578623865323,1,0,1,0,120.9,"Q4"
"3856",83,9.06415786180001,66,-3.47074844462327,-3.82957933621707,-3.16934188974592,-3.52230625428812,1,0,0,0,117.8,"Q4"
"3857",83,9.31217467790004,68,-3.47074844462327,-3.57666746350701,-3.28758971741625,-3.63415455442469,0,0,1,0,117.8,"Q4"
"3858",83,9.10764297370002,69,-3.47074844462327,-3.57666746350701,-3.52230625428812,-3.52230625428812,0,1,1,0,114.4,"Q1"
"3859",83,8.5777236912,70,-3.47578623865323,-4.16893341921317,-3.20722520764823,-3.52230625428812,1,0,1,0,114.4,"Q1"
"3860",83,8.83171191779997,71,-3.47578623865323,-3.57666746350701,-3.20722520764823,-3.63415455442469,0,0,1,0,114.4,"Q1"
"3861",83,10.704232744,72,-3.47578623865323,-3.57666746350701,-3.1545814741628,-3.63415455442469,0,0,1,1,114.4,"Q1"
"3862",83,9.28284706280001,73,-3.47578623865323,-3.7601069634023,-3.1545814741628,-3.52230625428812,1,0,0,0,114.4,"Q1"
"3863",83,9.23405689859997,74,-3.52230625428812,-3.7601069634023,-3.24660037288306,-3.52230625428812,0,0,1,0,114.4,"Q1"
"3864",83,8.85936344920003,75,-3.52230625428812,-3.57666746350701,-3.16934188974592,-3.7601069634023,0,0,1,0,114.4,"Q1"
"3865",83,8.87738195470003,76,-3.52230625428812,-3.57666746350701,-3.1545814741628,-3.7601069634023,0,0,1,0,114.4,"Q1"
"3866",83,8.58969988220001,78,-3.47578623865323,-4.27541689961562,-3.1545814741628,-3.52230625428812,1,0,0,0,111.7,"Q1"
"3867",83,9.79723775270002,81,-3.63415455442469,-3.69514906712753,-3.85139838361171,-3.56004658227097,1,1,0,0,111.7,"Q1"
"3868",83,9.10052550600004,83,-3.54369744426944,-3.69514906712753,-3.47074844462327,-4.25319376283091,0,1,0,0,111.7,"Q2"
"3869",83,8.88627090209996,84,-3.54369744426944,-4.16893341921317,-3.1545814741628,-3.57666746350701,1,0,0,0,111.7,"Q2"
"3870",83,8.85936344920003,85,-3.54369744426944,-3.57666746350701,-3.47074844462327,-3.57666746350701,1,1,0,0,111.7,"Q2"
"3871",83,9.96702557330002,86,-3.54369744426944,-3.57666746350701,-3.47074844462327,-3.7601069634023,0,1,0,0,111,"Q2"
"3872",83,8.6697425899,88,-3.54369744426944,-3.57666746350701,-3.33033126579352,-3.7601069634023,0,1,1,0,111,"Q2"
"3873",83,8.8032739825,89,-3.54369744426944,-3.69514906712753,-3.1545814741628,-3.7601069634023,1,0,0,0,111,"Q2"
"3874",83,8.3635757028,90,-3.54369744426944,-3.69514906712753,-3.1545814741628,-4.25319376283091,0,0,1,0,111,"Q2"
"3875",83,8.65869275369998,91,-3.54369744426944,-3.69514906712753,-3.47074844462327,-3.56004658227097,0,0,1,0,111,"Q2"
"3876",83,9.00307016980004,92,-3.83679958419056,-3.98492977623623,-3.47074844462327,-3.85139838361171,1,1,1,1,111,"Q2"
"3877",83,9.5012173353,93,-3.54369744426944,-3.90424086498609,-3.1545814741628,-3.90424086498609,0,1,0,0,111,"Q2"
"3878",83,11.227055084,94,-3.63415455442469,-3.69514906712753,-3.1545814741628,-3.56004658227097,0,0,1,1,111,"Q2"
"3879",83,8.58969988220001,95,-3.63415455442469,-3.69514906712753,-3.47074844462327,-3.56004658227097,0,0,1,0,111,"Q3"
"3880",83,8.51559191000002,96,-3.54369744426944,-3.69514906712753,-3.47074844462327,-3.56004658227097,1,1,0,0,111,"Q3"
"3881",83,8.82232217749998,97,-3.54369744426944,-3.69514906712753,-3.47074844462327,-3.56004658227097,0,0,1,0,111,"Q3"
"3882",83,8.64751945309997,98,-3.54369744426944,-3.69514906712753,-3.1545814741628,-3.56004658227097,0,1,1,0,111,"Q3"
"3883",83,8.64751945309997,99,-3.54369744426944,-4.16893341921317,-3.37498153953126,-3.56004658227097,1,0,1,0,107.2,"Q3"
"3884",83,8.39298958799997,100,-3.54369744426944,-4.16893341921317,-3.37498153953126,-3.56004658227097,0,0,0,0,107.2,"Q3"
"3885",83,9.57498348560002,101,-3.54369744426944,-3.7601069634023,-3.28758971741625,-3.56004658227097,1,0,0,0,107.2,"Q3"
"3886",83,9.2214781164,103,-3.54369744426944,-3.82957933621707,-3.22671900232923,-3.56004658227097,0,0,1,0,107.2,"Q3"
"3887",83,8.71275997499997,104,-3.54369744426944,-3.82957933621707,-3.47074844462327,-3.56004658227097,0,1,1,0,107.4,"Q3"
"3888",83,8.70217786560003,106,-3.54369744426944,-3.7014582363208,-3.24660037288306,-3.63415455442469,1,1,1,0,107.4,"Q3"
"3889",83,8.90381521169997,107,-3.54369744426944,-3.7014582363208,-3.22671900232923,-3.63415455442469,0,0,1,0,107.4,"Q3"
"3890",83,9.29468152039999,108,-3.57666746350701,-3.7014582363208,-3.47074844462327,-3.56004658227097,0,1,0,0,116,"Q4"
"3891",83,9.14248970509999,109,-3.57666746350701,-3.7014582363208,-3.22671900232923,-3.56004658227097,1,0,0,0,116,"Q4"
"3892",83,9.71956471440003,111,-3.54369744426944,-3.7014582363208,-3.22671900232923,-3.67645693411538,0,1,1,0,116,"Q4"
"3893",83,8.99516499030001,113,-3.54369744426944,-3.7014582363208,-3.22671900232923,-3.56004658227097,1,0,0,0,127.3,"Q4"
"3894",83,8.85023096560004,114,-3.54369744426944,-3.7014582363208,-3.22671900232923,-3.56004658227097,0,0,1,0,127.3,"Q4"
"3895",83,9.0861367685,115,-3.54369744426944,-3.7014582363208,-3.47074844462327,-3.56004658227097,0,1,1,0,127.3,"Q4"
"3896",83,8.74385056200001,116,-3.54369744426944,-3.7014582363208,-3.22671900232923,-3.90424086498609,1,0,0,0,127.3,"Q4"
"3897",83,8.97916464900004,117,-3.54369744426944,-3.7014582363208,-3.22671900232923,-3.69514906712753,0,0,0,0,131.5,"Q4"
"3898",83,8.68067166040002,118,-3.54369744426944,-3.7014582363208,-3.22671900232923,-3.56004658227097,1,0,0,0,131.5,"Q4"
"3899",83,9.01869548770001,119,-3.54369744426944,-3.7014582363208,-3.22671900232923,-3.63415455442469,0,0,1,0,131.5,"Q4"
"3900",83,9.20873909060002,121,-3.54369744426944,-3.7014582363208,-3.28758971741625,-3.57666746350701,0,0,0,0,135.1,"Q1"
"3901",83,8.34853782539999,122,-3.54369744426944,-3.7014582363208,-3.33033126579352,-3.7601069634023,0,1,1,0,135.1,"Q1"
"3902",83,8.05070338149999,125,-3.24660037288306,-3.7014582363208,-3.20722520764823,-3.57666746350701,0,0,0,0,135.1,"Q1"
"3903",83,8.00903068509998,126,-3.34795286714334,-3.7014582363208,-3.20722520764823,-3.7601069634023,0,0,1,0,134.7,"Q1"
"3904",83,8.54090971799997,127,-3.47074844462327,-3.7014582363208,-3.47074844462327,-4.16893341921317,0,1,0,0,134.7,"Q1"
"3905",83,9.76835487850003,129,-3.47074844462327,-3.7014582363208,-3.47074844462327,-3.57666746350701,0,1,1,0,134.7,"Q1"
"3906",83,8.63621989780004,130,-3.34795286714334,-3.7014582363208,-3.57666746350701,-3.63415455442469,1,0,0,0,134.7,"Q1"
"3907",83,9.03408040660004,132,-3.47074844462327,-3.7014582363208,-3.57666746350701,-3.69514906712753,0,1,0,0,134.7,"Q1"
"3908",83,8.61323037960001,133,-3.34795286714334,-3.7014582363208,-3.20722520764823,-3.90424086498609,0,0,1,0,134.7,"Q1"
"3909",83,9.26482855730004,134,-3.47074844462327,-3.7014582363208,-3.24259235148552,-3.90424086498609,0,1,1,1,134.3,"Q2"
"3910",83,9.23405689859997,135,-3.47074844462327,-3.7014582363208,-3.24259235148552,-3.63415455442469,0,0,0,0,134.3,"Q2"
"3911",83,8.6697425899,136,-3.34795286714334,-3.90424086498609,-3.28758971741625,-3.63415455442469,1,0,0,0,134.3,"Q2"
"3912",83,10.307351379,137,-3.6400892899445,-3.90424086498609,-3.28758971741625,-3.57666746350701,0,0,1,1,134.3,"Q2"
"3913",83,8.26975694750001,138,-3.34795286714334,-3.69514906712753,-3.49619511028444,-3.57666746350701,0,1,1,0,134.3,"Q2"
"3914",83,8.3635757028,139,-3.34795286714334,-3.69514906712753,-3.28758971741625,-3.57666746350701,0,1,1,0,126.2,"Q2"
"3915",83,8.61323037960001,140,-3.34795286714334,-3.63415455442469,-3.28758971741625,-3.57666746350701,0,0,0,0,126.2,"Q2"
"3916",83,10.488603989,141,-3.6400892899445,-3.63415455442469,-3.28758971741625,-3.57666746350701,0,0,1,1,126.2,"Q2"
"3917",83,8.33327035329998,142,-3.34795286714334,-3.63415455442469,-3.28758971741625,-3.57666746350701,0,0,1,0,126.2,"Q2"
"3918",83,8.21932609390002,143,-3.33033126579352,-3.63415455442469,-3.28758971741625,-3.57666746350701,0,1,1,0,118.5,"Q2"
"3919",83,8.52833093580003,144,-3.33033126579352,-3.63415455442469,-3.28758971741625,-3.57666746350701,0,0,0,0,118.5,"Q2"
"3920",83,8.78385589659998,145,-3.33033126579352,-3.63415455442469,-3.47074844462327,-3.57666746350701,0,1,1,0,118.5,"Q2"
"3921",83,8.5026885052,146,-3.33033126579352,-3.63415455442469,-3.28758971741625,-3.57666746350701,0,1,1,0,118.5,"Q2"
"3922",83,10.433645105,147,-3.46353228455084,-3.63415455442469,-3.28758971741625,-3.57666746350701,0,0,1,1,115.5,"Q3"
"3923",83,8.8032739825,149,-3.33033126579352,-3.63415455442469,-3.28758971741625,-3.57666746350701,0,0,0,0,115.5,"Q3"
"3924",83,10.393293809,157,-3.47074844462327,-3.50655789731998,-3.24660037288306,-3.50655789731998,0,0,1,1,112.5,"Q3"
"3925",84,8.25322764560004,40,-3.06360969595708,-3.69514906712753,-3.16934188974592,-3.7601069634023,1,1,1,0,160,"Q2"
"3926",84,9.96702557330002,41,-3.47074844462327,-3.24660037288306,-3.16934188974592,-3.29178259567629,0,0,1,1,160,"Q2"
"3927",84,8.73359406190002,42,-3.06360969595708,-3.24660037288306,-3.01148063052213,-3.52230625428812,0,0,1,0,160,"Q2"
"3928",84,8.76405326930003,43,-3.06360969595708,-3.24660037288306,-3.01148063052213,-3.47074844462327,0,0,1,0,160.4,"Q3"
"3929",84,10.401106349,44,-3.20722520764823,-3.24660037288306,-3.01148063052213,-3.25062452318278,0,0,1,1,160.4,"Q3"
"3930",84,8.42156296040003,45,-3.06360969595708,-3.24660037288306,-3.01148063052213,-3.28758971741625,0,0,0,0,160.4,"Q3"
"3931",84,9.00307016980004,46,-3.06360969595708,-3.24660037288306,-3.09762658123533,-3.57666746350701,0,1,1,0,160.4,"Q3"
"3932",84,9.93653540660005,47,-3.28758971741625,-3.42171901738295,-3.09762658123533,-3.25062452318278,1,0,1,1,160.8,"Q3"
"3933",84,8.46294817659997,48,-3.06360969595708,-3.42171901738295,-3.01148063052213,-3.28758971741625,0,0,1,0,160.8,"Q3"
"3934",84,10.43176009,49,-3.47074844462327,-3.42171901738295,-3.01148063052213,-3.28758971741625,0,0,1,1,160.8,"Q3"
"3935",84,8.3635757028,50,-3.06360969595708,-3.42171901738295,-3.1328414875264,-3.47074844462327,0,1,1,0,160.8,"Q3"
"3936",84,8.47637119690002,52,-3.06360969595708,-3.52230625428812,-3.1328414875264,-3.47074844462327,0,0,1,0,150.9,"Q3"
"3937",84,9.94578046470002,53,-3.37498153953126,-3.52230625428812,-3.01148063052213,-3.47074844462327,0,0,1,1,150.9,"Q3"
"3938",84,8.34853782539999,54,-3.06360969595708,-3.57666746350701,-3.01148063052213,-3.29178259567629,0,0,1,0,150.9,"Q3"
"3939",84,8.25322764560004,55,-3.06360969595708,-3.57666746350701,-3.01148063052213,-3.29178259567629,1,0,0,0,150.9,"Q3"
"3940",84,9.20873909060002,56,-3.06360969595708,-3.57666746350701,-3.01148063052213,-3.47074844462327,0,1,1,0,147.2,"Q4"
"3941",84,10.675076159,57,-3.47074844462327,-3.24660037288306,-3.02748097186857,-3.47074844462327,0,0,1,1,147.2,"Q4"
"3942",84,8.42156296040003,58,-3.18932032845736,-3.94377170374273,-3.06360969595708,-3.47074844462327,1,1,0,0,147.2,"Q4"
"3943",84,8.34853782539999,59,-3.06360969595708,-3.69514906712753,-3.06360969595708,-3.47074844462327,0,0,1,0,147.2,"Q4"
"3944",84,10.433645105,60,-3.47074844462327,-3.69514906712753,-3.06360969595708,-3.47074844462327,1,0,1,1,120.9,"Q4"
"3945",84,8.5656023306,61,-3.06360969595708,-3.90424086498609,-3.06360969595708,-3.47074844462327,0,1,1,0,120.9,"Q4"
"3946",84,10.751927618,62,-3.47074844462327,-4.16893341921317,-3.06360969595708,-3.2188758248682,0,0,1,1,120.9,"Q4"
"3947",84,9.3350328159,63,-3.47074844462327,-3.69514906712753,-3.06360969595708,-3.33033126579352,1,0,0,0,120.9,"Q4"
"3948",84,9.27687689579999,64,-3.06360969595708,-3.24660037288306,-3.06360969595708,-3.47074844462327,1,0,1,0,120.9,"Q4"
"3949",84,10.194364516,65,-3.47074844462327,-3.37498153953126,-3.16934188974592,-3.47074844462327,0,0,1,1,117.8,"Q4"
"3950",84,9.36288977040002,69,-3.47074844462327,-3.37498153953126,-3.52230625428812,-3.47074844462327,0,1,1,0,114.4,"Q1"
"3951",84,8.5656023306,70,-3.2587217334154,-4.16893341921317,-3.20722520764823,-3.30022146432215,1,0,1,0,114.4,"Q1"
"3952",84,8.68067166040002,71,-3.2587217334154,-3.37498153953126,-3.20722520764823,-3.63415455442469,0,0,1,0,114.4,"Q1"
"3953",84,10.60301434,72,-3.47074844462327,-3.37498153953126,-3.01148063052213,-3.63415455442469,0,0,1,1,114.4,"Q1"
"3954",84,8.64751945309997,73,-3.2587217334154,-3.7601069634023,-3.01148063052213,-3.47074844462327,1,0,0,0,114.4,"Q1"
"3955",84,8.72323127479999,74,-3.27925633585711,-3.7601069634023,-3.24660037288306,-3.47074844462327,0,0,1,0,114.4,"Q1"
"3956",84,8.5656023306,75,-3.27925633585711,-3.37498153953126,-3.16934188974592,-3.7601069634023,0,0,1,0,114.4,"Q1"
"3957",84,9.14248970509999,76,-3.27925633585711,-3.37498153953126,-3.01148063052213,-3.7601069634023,0,0,1,0,114.4,"Q1"
"3958",84,9.70014662849998,77,-3.47074844462327,-3.47074844462327,-3.01148063052213,-3.37498153953126,1,0,1,1,114.4,"Q1"
"3959",84,8.12917499690002,78,-3.2587217334154,-4.07270538711862,-3.01148063052213,-3.37498153953126,1,0,0,0,111.7,"Q1"
"3960",84,9.45218790810001,79,-3.2587217334154,-3.37498153953126,-3.01148063052213,-3.57666746350701,0,0,1,0,111.7,"Q1"
"3961",84,11.158305551,80,-3.63415455442469,-3.37498153953126,-3.01148063052213,-3.37498153953126,0,0,1,1,111.7,"Q1"
"3962",84,9.88898286629998,81,-3.63415455442469,-3.69514906712753,-3.63415455442469,-3.37498153953126,1,1,0,0,111.7,"Q1"
"3963",84,8.82232217749998,83,-3.42171901738295,-3.69514906712753,-3.47074844462327,-4.03666545063542,0,1,0,0,111.7,"Q2"
"3964",84,8.48961642359998,84,-3.42171901738295,-4.16893341921317,-3.01148063052213,-3.57666746350701,1,0,0,0,111.7,"Q2"
"3965",84,8.65869275369998,85,-3.42171901738295,-3.37498153953126,-3.47074844462327,-3.57666746350701,1,1,0,0,111.7,"Q2"
"3966",84,9.68433602250001,86,-3.42171901738295,-3.37498153953126,-3.47074844462327,-3.7601069634023,0,1,0,0,111,"Q2"
"3967",84,11.717921339,87,-3.82957933621707,-3.37498153953126,-3.20722520764823,-3.7601069634023,0,0,1,1,111,"Q2"
"3968",84,8.58969988220001,88,-3.34351827007548,-3.37498153953126,-3.33033126579352,-3.7601069634023,0,1,1,0,111,"Q2"
"3969",84,8.46294817659997,89,-3.34351827007548,-3.69514906712753,-3.01148063052213,-3.7601069634023,1,0,0,0,111,"Q2"
"3970",84,8.65869275369998,90,-3.34351827007548,-3.69514906712753,-3.01148063052213,-4.03666545063542,0,0,1,0,111,"Q2"
"3971",84,8.23642052730002,91,-3.34351827007548,-3.42171901738295,-3.47074844462327,-3.34351827007548,0,0,1,0,111,"Q2"
"3972",84,9.67231182949999,92,-3.63415455442469,-3.81529337896959,-3.47074844462327,-3.63415455442469,1,1,1,1,111,"Q2"
"3973",84,9.20873909060002,93,-3.34351827007548,-3.90424086498609,-3.06360969595708,-3.90424086498609,0,1,0,0,111,"Q2"
"3974",84,10.483242046,94,-3.63415455442469,-3.52230625428812,-3.03071199245002,-3.34351827007548,0,0,1,1,111,"Q2"
"3975",84,9.57498348560002,95,-3.63415455442469,-3.52230625428812,-3.47074844462327,-3.34351827007548,0,0,1,0,111,"Q3"
"3976",84,8.12917499690002,96,-3.34351827007548,-3.69514906712753,-3.47074844462327,-3.34351827007548,1,1,0,0,111,"Q3"
"3977",84,8.42156296040003,97,-3.34351827007548,-3.69514906712753,-3.47074844462327,-3.47074844462327,0,0,1,0,111,"Q3"
"3978",84,8.25322764560004,98,-3.34351827007548,-3.52230625428812,-3.07254852085325,-3.47074844462327,0,1,1,0,111,"Q3"
"3979",84,8.30201780980003,99,-3.34351827007548,-4.16893341921317,-3.37498153953126,-3.47074844462327,1,0,1,0,107.2,"Q3"
"3980",84,8.0709060888,100,-3.34351827007548,-4.16893341921317,-3.37498153953126,-3.52230625428812,0,0,0,0,107.2,"Q3"
"3981",84,9.18932100480001,101,-3.34351827007548,-3.7601069634023,-3.28758971741625,-3.37498153953126,1,0,0,0,107.2,"Q3"
"3982",84,11.300128206,102,-3.90424086498609,-3.7601069634023,-3.14728217168119,-3.37498153953126,0,0,1,1,107.2,"Q3"
"3983",84,8.0709060888,103,-3.34351827007548,-3.82957933621707,-3.14728217168119,-3.47074844462327,0,0,1,0,107.2,"Q3"
"3984",84,8.43554920239998,104,-3.34351827007548,-3.82957933621707,-3.47074844462327,-3.47074844462327,0,1,1,0,107.4,"Q3"
"3985",84,10.125029822,105,-3.47074844462327,-3.82957933621707,-3.14728217168119,-3.47074844462327,0,0,1,1,107.4,"Q3"
"3986",84,8.58969988220001,106,-3.47074844462327,-3.7014582363208,-3.24660037288306,-3.63415455442469,1,1,1,0,107.4,"Q3"
"3987",84,9.04168500589999,107,-3.52230625428812,-3.7014582363208,-3.14728217168119,-3.63415455442469,0,0,1,0,107.4,"Q3"
"3988",84,9.21512888869999,108,-3.57666746350701,-3.7014582363208,-3.47074844462327,-3.47074844462327,0,1,0,0,116,"Q4"
"3989",84,9.12869638290002,109,-3.57666746350701,-3.7014582363208,-3.14728217168119,-3.46074836128869,1,0,0,0,116,"Q4"
"3990",84,9.18932100480001,111,-3.34351827007548,-3.7014582363208,-3.20722520764823,-3.47074844462327,0,1,1,0,116,"Q4"
"3991",84,10.21332243,112,-3.7601069634023,-3.7014582363208,-3.14728217168119,-3.47074844462327,0,0,0,0,116,"Q4"
"3992",84,8.52833093580003,113,-3.34351827007548,-3.7014582363208,-3.14728217168119,-3.47074844462327,1,0,0,0,127.3,"Q4"
"3993",84,8.8032739825,114,-3.34351827007548,-3.7014582363208,-3.14728217168119,-3.48084954060977,0,0,1,0,127.3,"Q4"
"3994",84,9.07153796909997,115,-3.47074844462327,-3.7014582363208,-3.47074844462327,-3.47074844462327,0,1,1,0,127.3,"Q4"
"3995",84,8.92105701820002,116,-3.47074844462327,-3.7014582363208,-3.14728217168119,-3.90424086498609,1,0,0,0,127.3,"Q4"
"3996",84,8.65869275369998,117,-3.47074844462327,-3.7014582363208,-3.14728217168119,-3.69514906712753,0,0,0,0,131.5,"Q4"
"3997",84,8.62479120200004,118,-3.34351827007548,-3.7014582363208,-3.14728217168119,-3.52230625428812,1,0,0,0,131.5,"Q4"
"3998",84,8.77400360019999,119,-3.34351827007548,-3.7014582363208,-3.14728217168119,-3.63415455442469,0,0,1,0,131.5,"Q4"
"3999",84,9.87591078480004,120,-3.47074844462327,-3.7014582363208,-3.28758971741625,-3.63415455442469,1,0,1,1,131.5,"Q4"
"4000",84,9.51546935800002,121,-3.47074844462327,-3.7014582363208,-3.28758971741625,-3.57666746350701,0,0,0,0,135.1,"Q1"
"4001",84,8.74385056200001,122,-3.47074844462327,-3.7014582363208,-3.33033126579352,-3.7601069634023,0,1,1,0,135.1,"Q1"
"4002",84,9.74613174179998,123,-3.24660037288306,-3.7014582363208,-3.33033126579352,-3.7601069634023,0,0,1,1,135.1,"Q1"
"4003",84,9.3573801146,124,-3.24660037288306,-3.7014582363208,-3.06360969595708,-3.57666746350701,0,0,1,1,135.1,"Q1"
"4004",84,8.28601746839997,125,-3.24660037288306,-3.7014582363208,-3.06360969595708,-3.57666746350701,0,0,0,0,135.1,"Q1"
"4005",84,8.48961642359998,126,-3.18055696056606,-3.7014582363208,-3.06360969595708,-3.7601069634023,0,0,1,0,134.7,"Q1"
"4006",84,8.81284343350004,127,-3.47074844462327,-3.7014582363208,-3.47074844462327,-4.16893341921317,0,1,0,0,134.7,"Q1"
"4007",84,8.83171191779997,129,-3.47074844462327,-3.7014582363208,-3.47074844462327,-3.57666746350701,0,1,1,0,134.7,"Q1"
"4008",84,8.51559191000002,130,-3.18055696056606,-3.7014582363208,-3.57666746350701,-3.63415455442469,1,0,0,0,134.7,"Q1"
"4009",84,9.97599424330003,131,-3.47074844462327,-3.7014582363208,-3.57666746350701,-3.69514906712753,0,0,1,1,134.7,"Q1"
"4010",84,9.70795916829995,132,-3.47074844462327,-3.7014582363208,-3.57666746350701,-3.69514906712753,0,1,0,0,134.7,"Q1"
"4011",84,10.122462427,134,-3.47074844462327,-3.7014582363208,-3.24259235148552,-3.90424086498609,0,1,1,1,134.3,"Q2"
"4012",84,9.14931567009999,135,-3.47074844462327,-3.7014582363208,-3.24259235148552,-3.63415455442469,0,0,0,0,134.3,"Q2"
"4013",84,8.33327035329998,136,-3.18055696056606,-3.90424086498609,-3.07707791300794,-3.63415455442469,1,0,0,0,134.3,"Q2"
"4014",84,10.227308672,137,-3.47074844462327,-3.90424086498609,-3.07707791300794,-3.57666746350701,0,0,1,1,134.3,"Q2"
"4015",84,8.23642052730002,138,-3.18055696056606,-3.52230625428812,-3.35240721749272,-3.57666746350701,0,1,1,0,134.3,"Q2"
"4016",84,8.82232217749998,139,-3.18055696056606,-3.52230625428812,-3.09762658123533,-3.57666746350701,0,1,1,0,126.2,"Q2"
"4017",84,8.48961642359998,140,-3.18055696056606,-3.47074844462327,-3.09762658123533,-3.57666746350701,0,0,0,0,126.2,"Q2"
"4018",84,10.241101994,141,-3.47074844462327,-3.63415455442469,-3.06360969595708,-3.57666746350701,0,0,1,1,126.2,"Q2"
"4019",84,8.5656023306,142,-3.18055696056606,-3.63415455442469,-3.09762658123533,-3.57666746350701,0,0,1,0,126.2,"Q2"
"4020",84,8.14786712990004,143,-3.16934188974592,-3.63415455442469,-3.24660037288306,-3.57666746350701,0,1,1,0,118.5,"Q2"
"4021",84,8.43554920239998,144,-3.16934188974592,-3.47074844462327,-3.24660037288306,-3.57666746350701,0,0,0,0,118.5,"Q2"
"4022",84,7.94307271730001,145,-3.16934188974592,-3.47074844462327,-3.47074844462327,-3.57666746350701,0,1,1,0,118.5,"Q2"
"4023",84,8.52833093580003,146,-3.16934188974592,-3.47074844462327,-3.06360969595708,-3.57666746350701,0,1,1,0,118.5,"Q2"
"4024",84,9.80785732149999,147,-3.44812523530881,-3.47074844462327,-3.16934188974592,-3.57666746350701,0,0,1,1,115.5,"Q3"
"4025",84,8.69148257649997,149,-3.16934188974592,-3.47074844462327,-3.06360969595708,-3.57666746350701,0,0,0,0,115.5,"Q3"
"4026",84,8.3635757028,159,-3.24660037288306,-3.7601069634023,-3.13643215565713,-3.69514906712753,0,1,0,0,112.5,"Q3"
"4027",84,10.997288284,160,-3.37498153953126,-3.54369744426944,-3.13643215565713,-3.57666746350701,0,0,1,1,106.5,"Q4"
"4028",86,8.11012680190003,42,-3.19570876558667,-3.33033126579352,-3.01148063052213,-3.52230625428812,0,0,1,0,160,"Q2"
"4029",86,8.46294817659997,43,-3.19570876558667,-3.33033126579352,-3.01148063052213,-3.47074844462327,0,0,1,0,160.4,"Q3"
"4030",86,10.21332243,44,-3.20722520764823,-3.33033126579352,-3.01148063052213,-3.33033126579352,0,0,1,1,160.4,"Q3"
"4031",86,8.21932609390002,45,-3.19570876558667,-3.33033126579352,-3.01148063052213,-3.57666746350701,0,0,0,0,160.4,"Q3"
"4032",86,8.62479120200004,46,-3.19570876558667,-3.33033126579352,-3.09762658123533,-3.57666746350701,0,1,1,0,160.4,"Q3"
"4033",86,9.63115375699996,47,-3.28758971741625,-3.42171901738295,-3.09762658123533,-3.33033126579352,1,0,1,1,160.8,"Q3"
"4034",86,8.25322764560004,48,-3.19570876558667,-3.42171901738295,-3.01148063052213,-3.33033126579352,0,0,1,0,160.8,"Q3"
"4035",86,8.0709060888,50,-3.19570876558667,-3.42171901738295,-3.1328414875264,-3.47074844462327,0,1,1,0,160.8,"Q3"
"4036",86,8.18423477410002,52,-3.06360969595708,-3.52230625428812,-3.1328414875264,-3.47074844462327,0,0,1,0,150.9,"Q3"
"4037",86,10.042205472,53,-3.19570876558667,-3.52230625428812,-3.01148063052213,-3.47074844462327,0,0,1,1,150.9,"Q3"
"4038",86,8.40737832540001,54,-3.19570876558667,-3.57666746350701,-3.01148063052213,-3.47074844462327,0,0,1,0,150.9,"Q3"
"4039",86,8.51559191000002,55,-3.19570876558667,-3.57666746350701,-3.01148063052213,-3.47074844462327,1,0,0,0,150.9,"Q3"
"4040",86,9.30054663989996,56,-3.19570876558667,-3.57666746350701,-3.06360969595708,-3.47074844462327,0,1,1,0,147.2,"Q4"
"4041",86,10.535610031,57,-3.47074844462327,-3.24660037288306,-3.06360969595708,-3.47074844462327,0,0,1,1,147.2,"Q4"
"4042",86,8.34853782539999,58,-3.25048827698085,-3.94377170374273,-3.06360969595708,-3.47074844462327,1,1,0,0,147.2,"Q4"
"4043",86,8.18423477410002,59,-3.19570876558667,-3.69514906712753,-3.06360969595708,-3.47074844462327,0,0,1,0,147.2,"Q4"
"4044",86,10.51672535,60,-3.47074844462327,-3.69514906712753,-3.06360969595708,-3.47074844462327,1,0,1,1,120.9,"Q4"
"4045",86,8.0300840943,61,-3.15296148419826,-3.90424086498609,-3.06360969595708,-3.47074844462327,0,1,1,0,120.9,"Q4"
"4046",86,10.798758917,62,-3.47074844462327,-4.16893341921317,-3.06360969595708,-3.25466493271979,0,0,1,1,120.9,"Q4"
"4047",86,9.3406666337,63,-3.47074844462327,-3.69514906712753,-3.06360969595708,-3.33033126579352,1,0,0,0,120.9,"Q4"
"4048",86,9.59696239229999,64,-3.15221503857928,-3.24660037288306,-3.06360969595708,-3.47074844462327,1,0,1,0,120.9,"Q4"
"4049",86,9.46218799139997,67,-3.47074844462327,-3.37498153953126,-3.28758971741625,-3.47074844462327,0,0,1,0,117.8,"Q4"
"4050",86,9.38462975710001,69,-3.47074844462327,-3.37498153953126,-3.52230625428812,-3.47074844462327,0,1,1,0,114.4,"Q1"
"4051",86,8.09070871610001,70,-3.15083401149368,-4.16893341921317,-3.20722520764823,-3.30022146432215,1,0,1,0,114.4,"Q1"
"4052",86,8.71275997499997,71,-3.15013927389521,-3.37498153953126,-3.20722520764823,-3.63415455442469,0,0,1,0,114.4,"Q1"
"4053",86,10.740908222,72,-3.47074844462327,-3.37498153953126,-3.01148063052213,-3.63415455442469,0,0,1,1,114.4,"Q1"
"4054",86,8.58969988220001,73,-3.2587217334154,-3.7601069634023,-3.01148063052213,-3.47074844462327,1,0,0,0,114.4,"Q1"
"4055",86,8.30201780980003,74,-3.27925633585711,-3.7601069634023,-3.24660037288306,-3.47074844462327,0,0,1,0,114.4,"Q1"
"4056",86,8.5026885052,75,-3.27925633585711,-3.37498153953126,-3.16934188974592,-3.7601069634023,0,0,1,0,114.4,"Q1"
"4057",86,8.73359406190002,76,-3.27925633585711,-3.37498153953126,-3.01148063052213,-3.7601069634023,0,0,1,0,114.4,"Q1"
"4058",86,10.259202035,77,-3.47074844462327,-3.47074844462327,-3.01148063052213,-3.37498153953126,1,0,1,1,114.4,"Q1"
"4059",86,8.11012680190003,78,-3.2587217334154,-4.07270538711862,-3.01148063052213,-3.37498153953126,1,0,0,0,111.7,"Q1"
"4060",86,8.68067166040002,79,-3.2587217334154,-3.37498153953126,-3.01148063052213,-3.57666746350701,0,0,1,0,111.7,"Q1"
"4061",86,11.1445249010001,80,-3.2587217334154,-3.37498153953126,-3.01148063052213,-3.37498153953126,0,0,1,1,111.7,"Q1"
"4062",86,8.85023096560004,82,-3.2587217334154,-3.69514906712753,-3.70780746399946,-3.34351827007548,0,1,1,1,111.7,"Q2"
"4063",86,8.76405326930003,83,-3.42171901738295,-3.69514906712753,-3.47074844462327,-4.03666545063542,0,1,0,0,111.7,"Q2"
"4064",86,9.2887817983,84,-3.42171901738295,-4.16893341921317,-3.01148063052213,-3.57666746350701,1,0,0,0,111.7,"Q2"
"4065",86,8.39298958799997,85,-3.42171901738295,-3.37498153953126,-3.47074844462327,-3.57666746350701,1,1,0,0,111.7,"Q2"
"4066",86,9.82530977149998,86,-3.42171901738295,-3.37498153953126,-3.47074844462327,-3.7601069634023,0,1,0,0,111,"Q2"
"4067",86,8.20193435119999,88,-3.34351827007548,-3.37498153953126,-3.33033126579352,-3.7601069634023,0,1,1,0,111,"Q2"
"4068",86,8.30201780980003,89,-3.34351827007548,-3.69514906712753,-3.01148063052213,-3.7601069634023,1,0,0,0,111,"Q2"
"4069",86,8.52833093580003,90,-3.34351827007548,-3.69514906712753,-3.01148063052213,-4.03666545063542,0,0,1,0,111,"Q2"
"4070",86,9.28284706280001,91,-3.34351827007548,-3.42171901738295,-3.47074844462327,-3.34351827007548,0,0,1,0,111,"Q2"
"4071",86,9.94578046470002,92,-3.63415455442469,-3.81529337896959,-3.47074844462327,-3.63415455442469,1,1,1,1,111,"Q2"
"4072",86,9.31217467790004,93,-3.34351827007548,-3.90424086498609,-3.06360969595708,-3.90424086498609,0,1,0,0,111,"Q2"
"4073",86,10.712816487,94,-3.63415455442469,-3.52230625428812,-3.03071199245002,-3.34351827007548,0,0,1,1,111,"Q2"
"4074",86,9.38999170020003,95,-3.63415455442469,-3.52230625428812,-3.47074844462327,-3.34351827007548,0,0,1,0,111,"Q3"
"4075",86,7.9875244798,96,-3.34351827007548,-3.69514906712753,-3.47074844462327,-3.34351827007548,1,1,0,0,111,"Q3"
"4076",86,8.14786712990004,97,-3.34351827007548,-3.69514906712753,-3.47074844462327,-3.47074844462327,0,0,1,0,111,"Q3"
"4077",86,7.92008319910002,98,-3.34351827007548,-3.52230625428812,-3.07870013114342,-3.47074844462327,0,1,1,0,111,"Q3"
"4078",86,7.74240202179999,99,-3.34351827007548,-4.16893341921317,-3.37498153953126,-3.47074844462327,1,0,1,0,107.2,"Q3"
"4079",86,7.89655270159997,100,-3.34351827007548,-4.16893341921317,-3.37498153953126,-3.52230625428812,0,0,0,0,107.2,"Q3"
"4080",86,9.16951837750003,101,-3.34351827007548,-3.7601069634023,-3.28758971741625,-3.37498153953126,1,0,0,0,107.2,"Q3"
"4081",86,11.1361644250001,102,-3.90424086498609,-3.7601069634023,-3.14728217168119,-3.37498153953126,0,0,1,1,107.2,"Q3"
"4082",86,8.0709060888,103,-3.34351827007548,-3.82957933621707,-3.14728217168119,-3.47074844462327,0,0,1,0,107.2,"Q3"
"4083",86,8.79361207160002,104,-3.34351827007548,-3.82957933621707,-3.47074844462327,-3.47074844462327,0,1,1,0,107.4,"Q3"
"4084",86,10.019669307,105,-3.47074844462327,-3.82957933621707,-3.14728217168119,-3.47074844462327,0,0,1,1,107.4,"Q3"
"4085",86,8.70217786560003,106,-3.47074844462327,-3.7014582363208,-3.24660037288306,-3.63415455442469,1,1,1,0,107.4,"Q3"
"4086",86,9.06415786180001,107,-3.52230625428812,-3.7014582363208,-3.14728217168119,-3.63415455442469,0,0,1,0,107.4,"Q3"
"4087",86,9.22778728560003,108,-3.57666746350701,-3.7014582363208,-3.47074844462327,-3.47074844462327,0,1,0,0,116,"Q4"
"4088",86,8.97916464900004,109,-3.57666746350701,-3.7014582363208,-3.14728217168119,-3.46074836128869,1,0,0,0,116,"Q4"
"4089",86,8.83171191779997,111,-3.34351827007548,-3.7014582363208,-3.20722520764823,-3.47074844462327,0,1,1,0,116,"Q4"
"4090",86,8.34853782539999,113,-3.34351827007548,-3.7014582363208,-3.14728217168119,-3.47074844462327,1,0,0,0,127.3,"Q4"
"4091",86,8.63621989780004,114,-3.34351827007548,-3.7014582363208,-3.14728217168119,-3.48084954060977,0,0,1,0,127.3,"Q4"
"4092",86,8.71275997499997,115,-3.47074844462327,-3.7014582363208,-3.47074844462327,-3.47074844462327,0,1,1,0,127.3,"Q4"
"4093",86,8.64751945309997,116,-3.47074844462327,-3.7014582363208,-3.14728217168119,-3.90424086498609,1,0,0,0,127.3,"Q4"
"4094",86,8.47637119690002,117,-3.47074844462327,-3.7014582363208,-3.14728217168119,-3.69514906712753,0,0,0,0,131.5,"Q4"
"4095",86,7.45471994939996,118,-3.34351827007548,-3.7014582363208,-3.14728217168119,-3.52230625428812,1,0,0,0,131.5,"Q4"
"4096",86,7.96554557310002,119,-3.34351827007548,-3.7014582363208,-3.14728217168119,-3.63415455442469,0,0,1,0,131.5,"Q4"
"4097",86,9.88573083089996,120,-3.47074844462327,-3.7014582363208,-3.28758971741625,-3.63415455442469,1,0,1,1,131.5,"Q4"
"4098",86,8.77400360019999,121,-3.47074844462327,-3.7014582363208,-3.28758971741625,-3.57666746350701,0,0,0,0,135.1,"Q1"
"4099",86,7.92008319910002,122,-3.47074844462327,-3.7014582363208,-3.33033126579352,-3.7601069634023,0,1,1,0,135.1,"Q1"
"4100",86,9.30637756020002,123,-3.24660037288306,-3.7014582363208,-3.33033126579352,-3.7601069634023,0,0,1,1,135.1,"Q1"
"4101",86,7.84776253750002,125,-3.24660037288306,-3.7014582363208,-3.06360969595708,-3.57666746350701,0,0,0,0,135.1,"Q1"
"4102",86,8.05070338149999,126,-3.18055696056606,-3.7014582363208,-3.06360969595708,-3.7601069634023,0,0,1,0,134.7,"Q1"
"4103",86,8.5656023306,127,-3.47074844462327,-3.7014582363208,-3.47074844462327,-4.16893341921317,0,1,0,0,134.7,"Q1"
"4104",86,8.5777236912,129,-3.47074844462327,-3.7014582363208,-3.47074844462327,-3.57666746350701,0,1,1,0,134.7,"Q1"
"4105",86,9.94578046470002,131,-3.47074844462327,-3.7014582363208,-3.57666746350701,-3.69514906712753,0,0,1,1,134.7,"Q1"
"4106",86,8.63621989780004,132,-3.47074844462327,-3.7014582363208,-3.57666746350701,-3.69514906712753,0,1,0,0,134.7,"Q1"
"4107",86,9.89222436029996,134,-3.47074844462327,-3.7014582363208,-3.24259235148552,-3.90424086498609,0,1,1,1,134.3,"Q2"
"4108",86,8.31776616669999,136,-3.18055696056606,-3.90424086498609,-3.07707791300794,-3.63415455442469,1,0,0,0,134.3,"Q2"
"4109",86,10.317978472,137,-3.47074844462327,-3.90424086498609,-3.07707791300794,-3.57666746350701,0,0,1,1,134.3,"Q2"
"4110",86,7.92008319910002,138,-3.18055696056606,-3.52230625428812,-3.35240721749272,-3.57666746350701,0,1,1,0,134.3,"Q2"
"4111",86,7.79646924310001,139,-3.18055696056606,-3.52230625428812,-3.09762658123533,-3.57666746350701,0,1,1,0,126.2,"Q2"
"4112",86,8.25322764560004,140,-3.18055696056606,-3.47074844462327,-3.09762658123533,-3.57666746350701,0,0,0,0,126.2,"Q2"
"4113",86,10.322197887,141,-3.47074844462327,-3.63415455442469,-3.06360969595708,-3.57666746350701,0,0,1,1,126.2,"Q2"
"4114",86,8.28601746839997,142,-3.18055696056606,-3.63415455442469,-3.09762658123533,-3.57666746350701,0,0,1,0,126.2,"Q2"
"4115",86,7.68524360800001,143,-3.16934188974592,-3.63415455442469,-3.24660037288306,-3.57666746350701,0,1,1,0,118.5,"Q2"
"4116",86,7.76980099600004,145,-3.16934188974592,-3.47074844462327,-3.47074844462327,-3.57666746350701,0,1,1,0,118.5,"Q2"
"4117",86,7.89655270159997,146,-3.16934188974592,-3.47074844462327,-3.06360969595708,-3.57666746350701,0,1,1,0,118.5,"Q2"
"4118",86,10.182330676,147,-3.45709032454834,-3.47074844462327,-3.16934188974592,-3.57666746350701,0,0,1,1,115.5,"Q3"
"4119",86,8.92956770779998,148,-3.37498153953126,-3.90424086498609,-3.16934188974592,-3.57666746350701,0,0,1,1,115.5,"Q3"
"4120",86,8.21932609390002,149,-3.16934188974592,-3.47074844462327,-3.06360969595708,-3.57666746350701,0,0,0,0,115.5,"Q3"
"4121",86,10.545762403,150,-3.33033126579352,-3.63415455442469,-3.1328414875264,-3.57666746350701,0,1,1,1,115.5,"Q3"
"4122",86,11.139888824,153,-3.47074844462327,-3.47074844462327,-3.06360969595708,-3.57666746350701,0,0,1,1,114.5,"Q3"
"4123",86,9.90827606929997,154,-3.47074844462327,-3.57666746350701,-3.1328414875264,-3.57666746350701,0,1,1,1,114.5,"Q3"
"4124",86,9.44208681210002,155,-3.63415455442469,-3.90424086498609,-3.13643215565713,-3.57666746350701,0,1,1,0,114.5,"Q3"
"4125",86,9.51074121679997,156,-3.63415455442469,-3.47074844462327,-3.24660037288306,-3.65206548099122,0,1,1,0,112.5,"Q3"
"4126",86,10.1725982389999,157,-3.47074844462327,-3.54369744426944,-3.24660037288306,-3.57666746350701,0,0,1,1,112.5,"Q3"
"4127",86,8.78385589659998,158,-3.16934188974592,-3.54369744426944,-3.13643215565713,-3.69514906712753,0,0,1,0,112.5,"Q3"
"4128",86,8.12917499690002,159,-3.24660037288306,-3.7601069634023,-3.13643215565713,-3.69514906712753,0,1,0,0,112.5,"Q3"
"4129",88,8.20193435119999,42,-3.06360969595708,-3.24660037288306,-3.01148063052213,-3.52230625428812,0,0,1,0,160,"Q2"
"4130",88,8.23642052730002,43,-3.06360969595708,-3.24660037288306,-3.01148063052213,-3.47074844462327,0,0,1,0,160.4,"Q3"
"4131",88,10.125029822,44,-3.20722520764823,-3.24660037288306,-3.01148063052213,-3.25062452318278,0,0,1,1,160.4,"Q3"
"4132",88,8.05070338149999,45,-3.06360969595708,-3.24660037288306,-3.01148063052213,-3.57666746350701,0,0,0,0,160.4,"Q3"
"4133",88,8.89508153180002,46,-3.06360969595708,-3.24660037288306,-3.09762658123533,-3.57666746350701,0,1,1,0,160.4,"Q3"
"4134",88,9.83905569240002,47,-3.28758971741625,-3.42171901738295,-3.09762658123533,-3.25062452318278,1,0,1,1,160.8,"Q3"
"4135",88,7.96554557310002,48,-3.06360969595708,-3.42171901738295,-3.01148063052213,-3.28758971741625,0,0,1,0,160.8,"Q3"
"4136",88,7.89655270159997,50,-3.06360969595708,-3.42171901738295,-3.1328414875264,-3.47074844462327,0,1,1,0,160.8,"Q3"
"4137",88,8.11012680190003,52,-3.06360969595708,-3.52230625428812,-3.1328414875264,-3.47074844462327,0,0,1,0,150.9,"Q3"
"4138",88,9.94578046470002,53,-3.37498153953126,-3.52230625428812,-3.01148063052213,-3.47074844462327,0,0,1,1,150.9,"Q3"
"4139",88,7.96554557310002,54,-3.06360969595708,-3.57666746350701,-3.01148063052213,-3.47074844462327,0,0,1,0,150.9,"Q3"
"4140",88,8.33327035329998,55,-3.06360969595708,-3.57666746350701,-3.01148063052213,-3.47074844462327,1,0,0,0,150.9,"Q3"
"4141",88,9.0567228833,56,-3.06360969595708,-3.57666746350701,-3.06360969595708,-3.47074844462327,0,1,1,0,147.2,"Q4"
"4142",88,10.44114983,57,-3.47074844462327,-3.24660037288306,-3.06360969595708,-3.47074844462327,0,0,1,1,147.2,"Q4"
"4143",88,8.77400360019999,58,-3.19448764153854,-3.94377170374273,-3.06360969595708,-3.47074844462327,1,1,0,0,147.2,"Q4"
"4144",88,8.00903068509998,59,-3.06360969595708,-3.69514906712753,-3.06360969595708,-3.47074844462327,0,0,1,0,147.2,"Q4"
"4145",88,10.463331886,60,-3.47074844462327,-3.69514906712753,-3.06360969595708,-3.47074844462327,1,0,1,1,120.9,"Q4"
"4146",88,8.18423477410002,61,-3.06360969595708,-3.90424086498609,-3.06360969595708,-3.47074844462327,0,1,1,0,120.9,"Q4"
"4147",88,9.9907655606,62,-3.47074844462327,-4.16893341921317,-3.06360969595708,-3.2188758248682,0,0,1,1,120.9,"Q4"
"4148",88,9.03408040660004,63,-3.47074844462327,-3.69514906712753,-3.06360969595708,-3.33033126579352,1,0,0,0,120.9,"Q4"
"4149",88,9.12172771360001,64,-3.06360969595708,-3.24660037288306,-3.06360969595708,-3.47074844462327,1,0,1,0,120.9,"Q4"
"4150",88,9.3573801146,67,-3.47074844462327,-3.37498153953126,-3.28758971741625,-3.47074844462327,0,0,1,0,117.8,"Q4"
"4151",88,8.85023096560004,69,-3.47074844462327,-3.37498153953126,-3.52230625428812,-3.47074844462327,0,1,1,0,114.4,"Q1"
"4152",88,8.48961642359998,70,-3.2587217334154,-4.16893341921317,-3.20722520764823,-3.30022146432215,1,0,1,0,114.4,"Q1"
"4153",88,8.71275997499997,71,-3.2587217334154,-3.37498153953126,-3.20722520764823,-3.63415455442469,0,0,1,0,114.4,"Q1"
"4154",88,8.69148257649997,74,-3.27925633585711,-3.7601069634023,-3.24660037288306,-3.47074844462327,0,0,1,0,114.4,"Q1"
"4155",88,8.42156296040003,75,-3.27925633585711,-3.37498153953126,-3.16934188974592,-3.7601069634023,0,0,1,0,114.4,"Q1"
"4156",88,8.94637482609996,76,-3.27925633585711,-3.37498153953126,-3.01148063052213,-3.7601069634023,0,0,1,0,114.4,"Q1"
"4157",88,9.9579757378,77,-3.47074844462327,-3.47074844462327,-3.01148063052213,-3.37498153953126,1,0,1,1,114.4,"Q1"
"4158",88,8.23642052730002,78,-3.2587217334154,-4.07270538711862,-3.01148063052213,-3.37498153953126,1,0,0,0,111.7,"Q1"
"4159",88,9.43699774259998,79,-3.2587217334154,-3.37498153953126,-3.01148063052213,-3.57666746350701,0,0,1,0,111.7,"Q1"
"4160",88,11.227055084,80,-3.63415455442469,-3.37498153953126,-3.01148063052213,-3.37498153953126,0,0,1,1,111.7,"Q1"
"4161",88,9.6803440012,81,-3.63415455442469,-3.69514906712753,-3.63415455442469,-3.37498153953126,1,1,0,0,111.7,"Q1"
"4162",88,9.01091334729999,83,-3.42171901738295,-3.69514906712753,-3.47074844462327,-4.03666545063542,0,1,0,0,111.7,"Q2"
"4163",88,8.61323037960001,84,-3.42171901738295,-4.16893341921317,-3.01148063052213,-3.57666746350701,1,0,0,0,111.7,"Q2"
"4164",88,8.64751945309997,85,-3.42171901738295,-3.37498153953126,-3.47074844462327,-3.57666746350701,1,1,0,0,111.7,"Q2"
"4165",88,9.74613174179998,86,-3.42171901738295,-3.37498153953126,-3.47074844462327,-3.7601069634023,0,1,0,0,111,"Q2"
"4166",88,8.51559191000002,88,-3.34351827007548,-3.37498153953126,-3.33033126579352,-3.7601069634023,0,1,1,0,111,"Q2"
"4167",88,8.34853782539999,89,-3.34351827007548,-3.69514906712753,-3.01148063052213,-3.7601069634023,1,0,0,0,111,"Q2"
"4168",88,8.3635757028,90,-3.34351827007548,-3.69514906712753,-3.01148063052213,-4.03666545063542,0,0,1,0,111,"Q2"
"4169",88,8.12917499690002,91,-3.34351827007548,-3.42171901738295,-3.47074844462327,-3.34351827007548,0,0,1,0,111,"Q2"
"4170",88,9.89222436029996,92,-3.63415455442469,-3.81529337896959,-3.47074844462327,-3.63415455442469,1,1,1,1,111,"Q2"
"4171",88,9.12869638290002,93,-3.34351827007548,-3.90424086498609,-3.06360969595708,-3.90424086498609,0,1,0,0,111,"Q2"
"4172",88,10.463331886,94,-3.63415455442469,-3.52230625428812,-3.03071199245002,-3.34351827007548,0,0,1,1,111,"Q2"
"4173",88,9.18276360419998,95,-3.63415455442469,-3.52230625428812,-3.47074844462327,-3.34351827007548,0,0,1,0,111,"Q3"
"4174",88,8.23642052730002,96,-3.34351827007548,-3.69514906712753,-3.47074844462327,-3.34351827007548,1,1,0,0,111,"Q3"
"4175",88,8.21932609390002,97,-3.34351827007548,-3.69514906712753,-3.47074844462327,-3.47074844462327,0,0,1,0,111,"Q3"
"4176",88,8.0709060888,98,-3.34351827007548,-3.52230625428812,-3.07083414561648,-3.47074844462327,0,1,1,0,111,"Q3"
"4177",88,7.84776253750002,99,-3.34351827007548,-4.16893341921317,-3.37498153953126,-3.47074844462327,1,0,1,0,107.2,"Q3"
"4178",88,8.00903068509998,100,-3.34351827007548,-4.16893341921317,-3.37498153953126,-3.52230625428812,0,0,0,0,107.2,"Q3"
"4179",88,9.2887817983,101,-3.34351827007548,-3.7601069634023,-3.28758971741625,-3.37498153953126,1,0,0,0,107.2,"Q3"
"4180",88,10.9886768210001,102,-3.90424086498609,-3.7601069634023,-3.14728217168119,-3.37498153953126,0,0,1,1,107.2,"Q3"
"4181",88,7.94307271730001,103,-3.34351827007548,-3.82957933621707,-3.14728217168119,-3.47074844462327,0,0,1,0,107.2,"Q3"
"4182",88,8.37839078850004,104,-3.34351827007548,-3.82957933621707,-3.47074844462327,-3.47074844462327,0,1,1,0,107.4,"Q3"
"4183",88,9.59696239229999,105,-3.47074844462327,-3.82957933621707,-3.14728217168119,-3.47074844462327,0,0,1,1,107.4,"Q3"
"4184",88,8.60153433980004,106,-3.47074844462327,-3.7014582363208,-3.24660037288306,-3.63415455442469,1,1,1,0,107.4,"Q3"
"4185",88,8.87738195470003,107,-3.52230625428812,-3.7014582363208,-3.14728217168119,-3.63415455442469,0,0,1,0,107.4,"Q3"
"4186",88,8.74385056200001,109,-3.57666746350701,-3.7014582363208,-3.14728217168119,-3.46074836128869,1,0,0,0,116,"Q4"
"4187",88,11.534765232,110,-3.63415455442469,-3.7014582363208,-3.14728217168119,-3.37498153953126,0,0,1,1,116,"Q4"
"4188",88,8.77400360019999,111,-3.34351827007548,-3.7014582363208,-3.20722520764823,-3.47074844462327,0,1,1,0,116,"Q4"
"4189",88,9.68433602250001,112,-3.7601069634023,-3.7014582363208,-3.14728217168119,-3.47074844462327,0,0,0,0,116,"Q4"
"4190",88,8.11012680190003,113,-3.34351827007548,-3.7014582363208,-3.14728217168119,-3.47074844462327,1,0,0,0,127.3,"Q4"
"4191",88,8.61323037960001,114,-3.34351827007548,-3.7014582363208,-3.14728217168119,-3.48084954060977,0,0,1,0,127.3,"Q4"
"4192",88,9.07886400919999,115,-3.47074844462327,-3.7014582363208,-3.47074844462327,-3.47074844462327,0,1,1,0,127.3,"Q4"
"4193",88,8.52833093580003,116,-3.47074844462327,-3.7014582363208,-3.14728217168119,-3.90424086498609,1,0,0,0,127.3,"Q4"
"4194",88,8.37839078850004,117,-3.47074844462327,-3.7014582363208,-3.14728217168119,-3.69514906712753,0,0,0,0,131.5,"Q4"
"4195",88,8.28601746839997,118,-3.34351827007548,-3.7014582363208,-3.14728217168119,-3.52230625428812,1,0,0,0,131.5,"Q4"
"4196",88,8.30201780980003,119,-3.34351827007548,-3.7014582363208,-3.14728217168119,-3.63415455442469,0,0,1,0,131.5,"Q4"
"4197",88,9.88898286629998,120,-3.47074844462327,-3.7014582363208,-3.28758971741625,-3.63415455442469,1,0,1,1,131.5,"Q4"
"4198",88,9.31793838260002,121,-3.47074844462327,-3.7014582363208,-3.28758971741625,-3.57666746350701,0,0,0,0,135.1,"Q1"
"4199",88,8.39298958799997,122,-3.47074844462327,-3.7014582363208,-3.33033126579352,-3.7601069634023,0,1,1,0,135.1,"Q1"
"4200",88,9.37923890839995,123,-3.24660037288306,-3.7014582363208,-3.33033126579352,-3.7601069634023,0,0,1,1,135.1,"Q1"
"4201",88,7.94307271730001,125,-3.24660037288306,-3.7014582363208,-3.06360969595708,-3.57666746350701,0,0,0,0,135.1,"Q1"
"4202",88,8.47637119690002,126,-3.18055696056606,-3.7014582363208,-3.06360969595708,-3.7601069634023,0,0,1,0,134.7,"Q1"
"4203",88,9.0567228833,127,-3.47074844462327,-3.7014582363208,-3.47074844462327,-4.16893341921317,0,1,0,0,134.7,"Q1"
"4204",88,11.232152801,128,-3.47074844462327,-3.7014582363208,-3.06360969595708,-3.57666746350701,0,0,1,1,134.7,"Q1"
"4205",88,9.7573050424,131,-3.47074844462327,-3.7014582363208,-3.57666746350701,-3.69514906712753,0,0,1,1,134.7,"Q1"
"4206",88,8.83171191779997,132,-3.47074844462327,-3.7014582363208,-3.57666746350701,-3.69514906712753,0,1,0,0,134.7,"Q1"
"4207",88,8.5777236912,133,-3.18055696056606,-3.7014582363208,-3.1328414875264,-3.90424086498609,0,0,1,0,134.7,"Q1"
"4208",88,9.83220635050002,134,-3.47074844462327,-3.7014582363208,-3.24259235148552,-3.90424086498609,0,1,1,1,134.3,"Q2"
"4209",88,9.03408040660004,135,-3.47074844462327,-3.7014582363208,-3.24259235148552,-3.63415455442469,0,0,0,0,134.3,"Q2"
"4210",88,8.25322764560004,136,-3.18055696056606,-3.90424086498609,-3.07707791300794,-3.63415455442469,1,0,0,0,134.3,"Q2"
"4211",88,9.88573083089996,137,-3.47074844462327,-3.90424086498609,-3.07707791300794,-3.57666746350701,0,0,1,1,134.3,"Q2"
"4212",88,8.05070338149999,138,-3.18055696056606,-3.52230625428812,-3.35240721749272,-3.57666746350701,0,1,1,0,134.3,"Q2"
"4213",88,8.55333223800003,139,-3.18055696056606,-3.52230625428812,-3.09762658123533,-3.57666746350701,0,1,1,0,126.2,"Q2"
"4214",88,8.21932609390002,140,-3.18055696056606,-3.47074844462327,-3.09762658123533,-3.57666746350701,0,0,0,0,126.2,"Q2"
"4215",88,10.096419288,141,-3.47074844462327,-3.63415455442469,-3.06360969595708,-3.57666746350701,0,0,1,1,126.2,"Q2"
"4216",88,8.25322764560004,142,-3.18055696056606,-3.63415455442469,-3.09762658123533,-3.57666746350701,0,0,1,0,126.2,"Q2"
"4217",88,8.12917499690002,143,-3.16934188974592,-3.63415455442469,-3.24660037288306,-3.57666746350701,0,1,1,0,118.5,"Q2"
"4218",88,8.40737832540001,144,-3.16934188974592,-3.47074844462327,-3.24660037288306,-3.57666746350701,0,0,0,0,118.5,"Q2"
"4219",88,8.00903068509998,145,-3.16934188974592,-3.47074844462327,-3.47074844462327,-3.57666746350701,0,1,1,0,118.5,"Q2"
"4220",88,9.49160187660003,147,-3.44899402698492,-3.47074844462327,-3.16934188974592,-3.57666746350701,0,0,1,1,115.5,"Q3"
"4221",88,8.64751945309997,149,-3.16934188974592,-3.47074844462327,-3.06360969595708,-3.57666746350701,0,0,0,0,115.5,"Q3"
"4222",88,10.265905971,150,-3.33033126579352,-3.63415455442469,-3.1328414875264,-3.57666746350701,0,1,1,1,115.5,"Q3"
"4223",88,8.12917499690002,151,-3.16934188974592,-3.7601069634023,-3.06360969595708,-3.57666746350701,1,0,0,0,115.5,"Q3"
"4224",88,10.673595774,153,-3.47074844462327,-3.47074844462327,-3.06360969595708,-3.57666746350701,0,0,1,1,114.5,"Q3"
"4225",88,9.88573083089996,154,-3.47074844462327,-3.57666746350701,-3.1328414875264,-3.57666746350701,0,1,1,1,114.5,"Q3"
"4226",88,8.72323127479999,156,-3.63415455442469,-3.47074844462327,-3.24660037288306,-3.57666746350701,0,1,1,0,112.5,"Q3"
"4227",88,9.63952200670001,157,-3.47074844462327,-3.47074844462327,-3.24660037288306,-3.57666746350701,0,0,1,1,112.5,"Q3"
"4228",88,9.25874951120003,158,-3.16934188974592,-3.47074844462327,-3.06360969595708,-3.69514906712753,0,0,1,0,112.5,"Q3"
"4229",88,8.42156296040003,159,-3.24660037288306,-3.7601069634023,-3.1328414875264,-3.69514906712753,0,1,0,0,112.5,"Q3"
"4230",88,10.300920489,160,-3.37498153953126,-3.47074844462327,-3.06360969595708,-3.57666746350701,0,0,1,1,106.5,"Q4"
"4231",89,7.92008319910002,40,-3.06360969595708,-3.69514906712753,-3.16934188974592,-3.54369744426944,1,1,1,0,160,"Q2"
"4232",89,10.863297438,41,-3.47074844462327,-3.24660037288306,-3.16934188974592,-3.29178259567629,0,0,1,1,160,"Q2"
"4233",89,8.26975694750001,42,-3.06360969595708,-3.24660037288306,-3.01148063052213,-3.52230625428812,0,0,1,0,160,"Q2"
"4234",89,8.39298958799997,43,-3.06360969595708,-3.24660037288306,-3.01148063052213,-3.47074844462327,0,0,1,0,160.4,"Q3"
"4235",89,10.047761042,44,-3.20722520764823,-3.24660037288306,-3.01148063052213,-3.25062452318278,0,0,1,1,160.4,"Q3"
"4236",89,9.00307016980004,46,-3.06360969595708,-3.24660037288306,-3.09762658123533,-3.57666746350701,0,1,1,0,160.4,"Q3"
"4237",89,9.78650419709995,47,-3.28758971741625,-3.42171901738295,-3.09762658123533,-3.25062452318278,1,0,1,1,160.8,"Q3"
"4238",89,7.84776253750002,48,-3.06360969595708,-3.42171901738295,-3.01148063052213,-3.28758971741625,0,0,1,0,160.8,"Q3"
"4239",89,7.96554557310002,50,-3.06360969595708,-3.42171901738295,-3.1328414875264,-3.47074844462327,0,1,1,0,160.8,"Q3"
"4240",89,8.14786712990004,51,-3.06360969595708,-3.52230625428812,-3.1328414875264,-3.33033126579352,1,0,1,0,160.8,"Q3"
"4241",89,8.39298958799997,52,-3.06360969595708,-3.52230625428812,-3.1328414875264,-3.47074844462327,0,0,1,0,150.9,"Q3"
"4242",89,10.165236243,53,-3.37498153953126,-3.52230625428812,-3.01148063052213,-3.47074844462327,0,0,1,1,150.9,"Q3"
"4243",89,8.18423477410002,54,-3.06360969595708,-3.57666746350701,-3.01148063052213,-3.47074844462327,0,0,1,0,150.9,"Q3"
"4244",89,8.14786712990004,55,-3.06360969595708,-3.57666746350701,-3.01148063052213,-3.47074844462327,1,0,0,0,150.9,"Q3"
"4245",89,8.74385056200001,56,-3.06360969595708,-3.57666746350701,-3.06360969595708,-3.47074844462327,0,1,1,0,147.2,"Q4"
"4246",89,10.513253124,57,-3.47074844462327,-3.24660037288306,-3.06360969595708,-3.47074844462327,0,0,1,1,147.2,"Q4"
"4247",89,8.8032739825,58,-3.14884528594437,-3.94377170374273,-3.06360969595708,-3.47074844462327,1,1,0,0,147.2,"Q4"
"4248",89,7.82244472949999,59,-3.06360969595708,-3.69514906712753,-3.06360969595708,-3.47074844462327,0,0,1,0,147.2,"Q4"
"4249",89,10.130144923,60,-3.47074844462327,-3.69514906712753,-3.06360969595708,-3.47074844462327,1,0,1,1,120.9,"Q4"
"4250",89,10.497477162,62,-3.47074844462327,-4.16893341921317,-3.06360969595708,-3.2188758248682,0,0,1,1,120.9,"Q4"
"4251",89,9.27687689579999,63,-3.47074844462327,-3.69514906712753,-3.06360969595708,-3.33033126579352,1,0,0,0,120.9,"Q4"
"4252",89,9.43188264189999,64,-3.06360969595708,-3.24660037288306,-3.06360969595708,-3.47074844462327,1,0,1,0,120.9,"Q4"
"4253",89,9.3406666337,69,-3.47074844462327,-3.37498153953126,-3.52230625428812,-3.47074844462327,0,1,1,0,114.4,"Q1"
"4254",89,8.14786712990004,70,-3.2587217334154,-4.16893341921317,-3.20722520764823,-3.30022146432215,1,0,1,0,114.4,"Q1"
"4255",89,8.23642052730002,71,-3.2587217334154,-3.37498153953126,-3.20722520764823,-3.63415455442469,0,0,1,0,114.4,"Q1"
"4256",89,10.704232744,72,-3.47074844462327,-3.37498153953126,-3.01148063052213,-3.63415455442469,0,0,1,1,114.4,"Q1"
"4257",89,8.6697425899,73,-3.2587217334154,-3.7601069634023,-3.01148063052213,-3.47074844462327,1,0,0,0,114.4,"Q1"
"4258",89,8.37839078850004,74,-3.27925633585711,-3.7601069634023,-3.24660037288306,-3.47074844462327,0,0,1,0,114.4,"Q1"
"4259",89,8.18423477410002,75,-3.27925633585711,-3.37498153953126,-3.16934188974592,-3.7601069634023,0,0,1,0,114.4,"Q1"
"4260",89,8.76405326930003,76,-3.27925633585711,-3.37498153953126,-3.01148063052213,-3.7601069634023,0,0,1,0,114.4,"Q1"
"4261",89,10.373491182,77,-3.47074844462327,-3.47074844462327,-3.01148063052213,-3.37498153953126,1,0,1,1,114.4,"Q1"
"4262",89,8.0709060888,78,-3.2587217334154,-4.07270538711862,-3.01148063052213,-3.37498153953126,1,0,0,0,111.7,"Q1"
"4263",89,8.47637119690002,83,-3.42171901738295,-3.69514906712753,-3.47074844462327,-4.03666545063542,0,1,0,0,111.7,"Q2"
"4264",89,8.63621989780004,84,-3.42171901738295,-4.16893341921317,-3.01148063052213,-3.57666746350701,1,0,0,0,111.7,"Q2"
"4265",89,8.46294817659997,85,-3.42171901738295,-3.37498153953126,-3.47074844462327,-3.57666746350701,1,1,0,0,111.7,"Q2"
"4266",89,10.011085563,86,-3.42171901738295,-3.37498153953126,-3.47074844462327,-3.7601069634023,0,1,0,0,111,"Q2"
"4267",89,8.26975694750001,88,-3.34351827007548,-3.37498153953126,-3.33033126579352,-3.7601069634023,0,1,1,0,111,"Q2"
"4268",89,8.18423477410002,89,-3.34351827007548,-3.69514906712753,-3.01148063052213,-3.7601069634023,1,0,0,0,111,"Q2"
"4269",89,8.0709060888,91,-3.34351827007548,-3.42171901738295,-3.47074844462327,-3.34351827007548,0,0,1,0,111,"Q2"
"4270",89,10.294447974,92,-3.63415455442469,-3.81529337896959,-3.47074844462327,-3.63415455442469,1,1,1,1,111,"Q2"
"4271",89,8.05070338149999,96,-3.34351827007548,-3.69514906712753,-3.47074844462327,-3.34351827007548,1,1,0,0,111,"Q3"
"4272",89,8.25322764560004,97,-3.34351827007548,-3.69514906712753,-3.47074844462327,-3.47074844462327,0,0,1,0,111,"Q3"
"4273",89,8.76405326930003,99,-3.34351827007548,-4.16893341921317,-3.37498153953126,-3.47074844462327,1,0,1,0,107.2,"Q3"
"4274",89,7.76980099600004,100,-3.34351827007548,-4.16893341921317,-3.37498153953126,-3.52230625428812,0,0,0,0,107.2,"Q3"
"4275",89,8.33327035329998,103,-3.34351827007548,-3.82957933621707,-3.14728217168119,-3.47074844462327,0,0,1,0,107.2,"Q3"
"4276",89,8.47637119690002,104,-3.34351827007548,-3.82957933621707,-3.47074844462327,-3.47074844462327,0,1,1,0,107.4,"Q3"
"4277",89,10.238816278,105,-3.47074844462327,-3.82957933621707,-3.14728217168119,-3.47074844462327,0,0,1,1,107.4,"Q3"
"4278",89,8.37839078850004,106,-3.48756110769568,-3.69514906712753,-3.15890939608387,-3.63415455442469,1,1,1,0,107.4,"Q3"
"4279",89,8.82232217749998,107,-3.55500236225028,-3.69514906712753,-3.14728217168119,-3.61686236977201,0,0,1,0,107.4,"Q3"
"4280",89,9.39532504620004,108,-3.57666746350701,-3.71419726209823,-3.47074844462327,-3.46074836128869,0,1,0,0,116,"Q4"
"4281",89,9.14931567009999,109,-3.52007892583315,-3.7601069634023,-3.14728217168119,-3.42651518964645,1,0,0,0,116,"Q4"
"4282",89,8.79361207160002,111,-3.34351827007548,-3.52230625428812,-3.20722520764823,-3.47074844462327,0,1,1,0,116,"Q4"
"4283",89,10.3913311,112,-3.7601069634023,-3.58790353677393,-3.14728217168119,-3.47074844462327,0,0,0,0,116,"Q4"
"4284",89,8.3635757028,114,-3.40482102513513,-3.61655879253431,-3.14728217168119,-3.48084954060977,0,0,1,0,127.3,"Q4"
"4285",89,9.0861367685,115,-3.47074844462327,-3.52230625428812,-3.47074844462327,-3.85877849090933,0,1,1,0,127.3,"Q4"
"4286",89,9.17616292019996,116,-3.63106109275393,-3.75341797525151,-3.34448172732573,-3.90424086498609,1,0,0,0,127.3,"Q4"
"4287",89,9.0567228833,117,-3.57644562264065,-3.69514906712753,-3.14728217168119,-3.97656152656572,0,0,0,0,131.5,"Q4"
"4288",89,8.05070338149999,118,-3.34133895730004,-3.69514906712753,-3.14728217168119,-3.66810994929647,1,0,0,0,131.5,"Q4"
"4289",89,8.11012680190003,119,-3.41355572133281,-3.69514906712753,-3.151501938898,-3.94377170374273,0,0,1,0,131.5,"Q4"
"4290",89,9.85597656990001,120,-3.47074844462327,-3.63415455442469,-3.35063280412425,-3.8614617201439,1,0,1,1,131.5,"Q4"
"4291",89,8.9710674387,121,-3.47074844462327,-3.63415455442469,-3.46794707524066,-3.64574504791959,0,0,0,0,135.1,"Q1"
"4292",89,8.39298958799997,122,-3.37254750110267,-3.58226971905568,-3.8045351122434,-3.7601069634023,0,1,1,0,135.1,"Q1"
"4293",89,10.114720453,123,-3.48134355093766,-3.58790353677393,-3.46159196000312,-3.73209707418837,0,0,1,1,135.1,"Q1"
"4294",89,9.56156046519999,124,-3.34174635553393,-3.77362068256903,-3.06360969595708,-3.57666746350701,0,0,1,1,135.1,"Q1"
"4295",89,8.05070338149999,125,-3.23385792818208,-3.90424086498609,-3.06360969595708,-3.63060220262854,0,0,0,0,135.1,"Q1"
"4296",89,7.79646924310001,126,-3.33009878557024,-3.88125134676139,-3.06360969595708,-3.7601069634023,0,0,1,0,134.7,"Q1"
"4297",89,8.23642052730002,127,-3.47074844462327,-3.57666746350701,-3.47074844462327,-4.16893341921317,0,1,0,0,134.7,"Q1"
"4298",89,9.37923890839995,129,-3.41680639595798,-3.7014582363208,-3.47074844462327,-3.61076167484998,0,1,1,0,134.7,"Q1"
"4299",89,8.31776616669999,130,-3.37870807261212,-3.82957933621707,-3.57666746350701,-3.66418684152356,1,0,0,0,134.7,"Q1"
"4300",89,9.57052913519997,131,-3.47074844462327,-3.77362068256903,-3.57666746350701,-3.69514906712753,0,0,1,1,134.7,"Q1"
"4301",89,9.44208681210002,132,-3.44921560390544,-3.69514906712753,-3.52466770105082,-3.73361534795533,0,1,0,0,134.7,"Q1"
"4302",89,9.20873909060002,133,-3.7241428927368,-3.6826489043633,-3.15050641269162,-3.90424086498609,0,0,1,0,134.7,"Q1"
"4303",89,9.79367268650004,134,-3.47074844462327,-3.63415455442469,-3.24259235148552,-3.85139838361171,0,1,1,1,134.3,"Q2"
"4304",89,9.44208681210002,135,-3.44819478608609,-3.7601069634023,-3.21767502112169,-3.63415455442469,0,0,0,0,134.3,"Q2"
"4305",89,8.30201780980003,136,-3.28758971741625,-3.90424086498609,-3.18432344336154,-3.61655879253431,1,0,0,0,134.3,"Q2"
"4306",89,10.448598654,137,-3.57666746350701,-3.83679958419056,-3.26482913658629,-3.57666746350701,0,0,1,1,134.3,"Q2"
"4307",89,8.21932609390002,138,-3.28758971741625,-3.63415455442469,-3.3914277849622,-3.57666746350701,0,1,1,0,134.3,"Q2"
"4308",89,8.26975694750001,139,-3.28758971741625,-3.61655879253431,-3.18432344336154,-3.57666746350701,0,1,1,0,126.2,"Q2"
"4309",89,8.60153433980004,140,-3.28758971741625,-3.57666746350701,-3.18432344336154,-3.57666746350701,0,0,0,0,126.2,"Q2"
"4310",89,10.575615366,141,-3.57666746350701,-3.63415455442469,-3.18432344336154,-3.57666746350701,0,0,1,1,126.2,"Q2"
"4311",89,8.34853782539999,142,-3.27841997997407,-3.63415455442469,-3.18432344336154,-3.57666746350701,0,0,1,0,126.2,"Q2"
"4312",89,7.94307271730001,143,-3.24660037288306,-3.6282548322975,-3.24660037288306,-3.57666746350701,0,1,1,0,118.5,"Q2"
"4313",89,7.87245515010004,144,-3.24660037288306,-3.57666746350701,-3.38030253634741,-3.57666746350701,0,0,0,0,118.5,"Q2"
"4314",89,7.84776253750002,145,-3.24660037288306,-3.57666746350701,-3.47074844462327,-3.69585935705956,0,1,1,0,118.5,"Q2"
"4315",89,8.16621626860002,146,-3.31024650619663,-3.69514906712753,-3.34902129050436,-3.57666746350701,0,1,1,0,118.5,"Q2"
"4316",89,10.152844511,147,-3.46962537700739,-3.7014582363208,-3.44104329020936,-3.57666746350701,0,0,1,1,115.5,"Q3"
"4317",89,8.37839078850004,149,-3.24660037288306,-3.58790353677393,-3.18432344336154,-3.57666746350701,0,0,0,0,115.5,"Q3"
"4318",89,8.21932609390002,151,-3.25374433959165,-3.7601069634023,-3.18432344336154,-3.58790353677393,1,0,0,0,115.5,"Q3"
"4319",89,10.452302362,154,-3.48476540145289,-3.88125134676139,-3.16934188974592,-3.57666746350701,0,1,1,1,114.5,"Q3"
"4320",89,9.27087087170001,155,-3.63415455442469,-3.87370414112601,-3.18123972231664,-3.61076167484998,0,1,1,0,114.5,"Q3"
"4321",89,9.3350328159,156,-3.60245185882502,-3.57109641845755,-3.24660037288306,-3.6223897128451,0,1,1,0,112.5,"Q3"
"4322",89,9.97896601369997,157,-3.47074844462327,-3.54369744426944,-3.20891532079945,-3.57666746350701,0,0,1,1,112.5,"Q3"
"4323",89,8.34853782539999,158,-3.24660037288306,-3.6400892899445,-3.13643215565713,-3.69514906712753,0,0,1,0,112.5,"Q3"
"4324",89,8.28601746839997,159,-3.29241535515408,-3.7601069634023,-3.13643215565713,-3.670303068541,0,1,0,0,112.5,"Q3"
"4325",89,10.702794929,160,-3.37498153953126,-3.65206548099122,-3.13643215565713,-3.57666746350701,0,0,1,1,106.5,"Q4"
"4326",90,8.12917499690002,40,-3.06360969595708,-3.69514906712753,-3.16934188974592,-3.54369744426944,1,1,1,0,160,"Q2"
"4327",90,7.96554557310002,42,-3.06360969595708,-3.24660037288306,-3.01148063052213,-3.52230625428812,0,0,1,0,160,"Q2"
"4328",90,8.14786712990004,43,-3.06360969595708,-3.24660037288306,-3.01148063052213,-3.47074844462327,0,0,1,0,160.4,"Q3"
"4329",90,10.3200904050001,44,-3.20722520764823,-3.24660037288306,-3.01148063052213,-3.25062452318278,0,0,1,1,160.4,"Q3"
"4330",90,8.0300840943,46,-3.06360969595708,-3.24660037288306,-3.09762658123533,-3.57666746350701,0,1,1,0,160.4,"Q3"
"4331",90,9.74237939209997,47,-3.28758971741625,-3.42171901738295,-3.09762658123533,-3.25062452318278,1,0,1,1,160.8,"Q3"
"4332",90,7.87245515010004,48,-3.06360969595708,-3.42171901738295,-3.01148063052213,-3.28758971741625,0,0,1,0,160.8,"Q3"
"4333",90,7.82244472949999,50,-3.06360969595708,-3.42171901738295,-3.1328414875264,-3.47074844462327,0,1,1,0,160.8,"Q3"
"4334",90,7.96554557310002,51,-3.06360969595708,-3.52230625428812,-3.1328414875264,-3.33033126579352,1,0,1,0,160.8,"Q3"
"4335",90,8.0709060888,52,-3.06360969595708,-3.52230625428812,-3.1328414875264,-3.47074844462327,0,0,1,0,150.9,"Q3"
"4336",90,10.075085146,53,-3.37498153953126,-3.52230625428812,-3.01148063052213,-3.47074844462327,0,0,1,1,150.9,"Q3"
"4337",90,7.96554557310002,54,-3.06360969595708,-3.57666746350701,-3.01148063052213,-3.47074844462327,0,0,1,0,150.9,"Q3"
"4338",90,8.23642052730002,55,-3.06360969595708,-3.57666746350701,-3.01148063052213,-3.47074844462327,1,0,0,0,150.9,"Q3"
"4339",90,8.86841328469997,56,-3.06360969595708,-3.57666746350701,-3.06360969595708,-3.47074844462327,0,1,1,0,147.2,"Q4"
"4340",90,10.578878012,57,-3.47074844462327,-3.24660037288306,-3.06360969595708,-3.47074844462327,0,0,1,1,147.2,"Q4"
"4341",90,7.92008319910002,58,-3.13458330813166,-3.94377170374273,-3.06360969595708,-3.47074844462327,1,1,0,0,147.2,"Q4"
"4342",90,10.285752267,60,-3.47074844462327,-3.69514906712753,-3.06360969595708,-3.47074844462327,1,0,1,1,120.9,"Q4"
"4343",90,7.79646924310001,61,-3.06360969595708,-3.90424086498609,-3.06360969595708,-3.47074844462327,0,1,1,0,120.9,"Q4"
"4344",90,10.506272293,62,-3.47074844462327,-4.16893341921317,-3.06360969595708,-3.2188758248682,0,0,1,1,120.9,"Q4"
"4345",90,8.82232217749998,63,-3.47074844462327,-3.69514906712753,-3.06360969595708,-3.33033126579352,1,0,0,0,120.9,"Q4"
"4346",90,9.42674124240004,64,-3.06360969595708,-3.24660037288306,-3.06360969595708,-3.47074844462327,1,0,1,0,120.9,"Q4"
"4347",90,10.276980281,65,-3.47074844462327,-3.37498153953126,-3.16934188974592,-3.47074844462327,0,0,1,1,117.8,"Q4"
"4348",90,9.114710141,66,-3.47074844462327,-3.82957933621707,-3.16934188974592,-3.47074844462327,1,0,0,0,117.8,"Q4"
"4349",90,9.50599061410004,67,-3.47074844462327,-3.37498153953126,-3.28758971741625,-3.47074844462327,0,0,1,0,117.8,"Q4"
"4350",90,9.17616292019996,69,-3.47074844462327,-3.37498153953126,-3.52230625428812,-3.47074844462327,0,1,1,0,114.4,"Q1"
"4351",90,7.9875244798,70,-3.20722520764823,-4.16893341921317,-3.20722520764823,-3.30022146432215,1,0,1,0,114.4,"Q1"
"4352",90,8.46294817659997,71,-3.20722520764823,-3.37498153953126,-3.20722520764823,-3.63415455442469,0,0,1,0,114.4,"Q1"
"4353",90,10.504519444,72,-3.47074844462327,-3.37498153953126,-3.01148063052213,-3.63415455442469,0,0,1,1,114.4,"Q1"
"4354",90,8.62479120200004,73,-3.20722520764823,-3.7601069634023,-3.01148063052213,-3.47074844462327,1,0,0,0,114.4,"Q1"
"4355",90,8.3635757028,74,-3.24660037288306,-3.7601069634023,-3.24660037288306,-3.47074844462327,0,0,1,0,114.4,"Q1"
"4356",90,8.37839078850004,75,-3.24660037288306,-3.37498153953126,-3.16934188974592,-3.7601069634023,0,0,1,0,114.4,"Q1"
"4357",90,8.63621989780004,76,-3.24660037288306,-3.37498153953126,-3.01148063052213,-3.7601069634023,0,0,1,0,114.4,"Q1"
"4358",90,10.347147206,77,-3.47074844462327,-3.47074844462327,-3.01148063052213,-3.37498153953126,1,0,1,1,114.4,"Q1"
"4359",90,8.05070338149999,78,-3.20722520764823,-4.07270538711862,-3.01148063052213,-3.37498153953126,1,0,0,0,111.7,"Q1"
"4360",90,9.49160187660003,79,-3.20722520764823,-3.37498153953126,-3.01148063052213,-3.57666746350701,0,0,1,0,111.7,"Q1"
"4361",90,9.99369382040004,81,-3.63415455442469,-3.69514906712753,-3.63415455442469,-3.37498153953126,1,1,0,0,111.7,"Q1"
"4362",90,8.77400360019999,83,-3.42171901738295,-3.69514906712753,-3.47074844462327,-4.03666545063542,0,1,0,0,111.7,"Q2"
"4363",90,8.5777236912,84,-3.42171901738295,-4.16893341921317,-3.01148063052213,-3.57666746350701,1,0,0,0,111.7,"Q2"
"4364",90,8.63621989780004,85,-3.42171901738295,-3.37498153953126,-3.47074844462327,-3.57666746350701,1,1,0,0,111.7,"Q2"
"4365",90,9.99952474069997,86,-3.42171901738295,-3.37498153953126,-3.47074844462327,-3.7601069634023,0,1,0,0,111,"Q2"
"4366",90,11.641002007,87,-3.82957933621707,-3.37498153953126,-3.20722520764823,-3.7601069634023,0,0,1,1,111,"Q2"
"4367",90,8.5026885052,88,-3.34351827007548,-3.37498153953126,-3.33033126579352,-3.7601069634023,0,1,1,0,111,"Q2"
"4368",90,8.5656023306,89,-3.34351827007548,-3.69514906712753,-3.01148063052213,-3.7601069634023,1,0,0,0,111,"Q2"
"4369",90,8.09070871610001,91,-3.34351827007548,-3.37498153953126,-3.47074844462327,-3.34351827007548,0,0,1,0,111,"Q2"
"4370",90,10.182330676,92,-3.63415455442469,-3.81529337896959,-3.47074844462327,-3.63415455442469,1,1,1,1,111,"Q2"
"4371",90,10.757392112,94,-3.63415455442469,-3.52230625428812,-3.03071199245002,-3.34351827007548,0,0,1,1,111,"Q2"
"4372",90,9.51074121679997,95,-3.63415455442469,-3.52230625428812,-3.47074844462327,-3.34351827007548,0,0,1,0,111,"Q3"
"4373",90,8.0709060888,96,-3.34351827007548,-3.69514906712753,-3.47074844462327,-3.34351827007548,1,1,0,0,111,"Q3"
"4374",90,8.37839078850004,97,-3.34351827007548,-3.69514906712753,-3.47074844462327,-3.47074844462327,0,0,1,0,111,"Q3"
"4375",90,8.68067166040002,98,-3.34351827007548,-3.52230625428812,-3.06671555602386,-3.47074844462327,0,1,1,0,111,"Q3"
"4376",90,7.82244472949999,99,-3.34351827007548,-4.16893341921317,-3.37498153953126,-3.47074844462327,1,0,1,0,107.2,"Q3"
"4377",90,7.71423114480001,100,-3.34351827007548,-4.16893341921317,-3.37498153953126,-3.52230625428812,0,0,0,0,107.2,"Q3"
"4378",90,9.38999170020003,101,-3.34351827007548,-3.7601069634023,-3.28758971741625,-3.37498153953126,1,0,0,0,107.2,"Q3"
"4379",90,7.92008319910002,103,-3.34351827007548,-3.82957933621707,-3.10457105358814,-3.47074844462327,0,0,1,0,107.2,"Q3"
"4380",90,9.20873909060002,104,-3.34351827007548,-3.82957933621707,-3.47074844462327,-3.47074844462327,0,1,1,0,107.4,"Q3"
"4381",90,10.096419288,105,-3.47074844462327,-3.82957933621707,-3.10457105358814,-3.47074844462327,0,0,1,1,107.4,"Q3"
"4382",90,8.70217786560003,106,-3.47074844462327,-3.7014582363208,-3.24660037288306,-3.63415455442469,1,1,1,0,107.4,"Q3"
"4383",90,9.19583568579999,107,-3.52230625428812,-3.7014582363208,-3.10457105358814,-3.63415455442469,0,0,1,0,107.4,"Q3"
"4384",90,9.38999170020003,108,-3.57666746350701,-3.7014582363208,-3.47074844462327,-3.47074844462327,0,1,0,0,116,"Q4"
"4385",90,9.06415786180001,109,-3.57666746350701,-3.7014582363208,-3.10457105358814,-3.46074836128869,1,0,0,0,116,"Q4"
"4386",90,8.40737832540001,111,-3.34351827007548,-3.7014582363208,-3.20722520764823,-3.47074844462327,0,1,1,0,116,"Q4"
"4387",90,9.69227257209996,112,-3.7601069634023,-3.7014582363208,-3.10457105358814,-3.47074844462327,0,0,0,0,116,"Q4"
"4388",90,7.96554557310002,113,-3.34351827007548,-3.7014582363208,-3.10457105358814,-3.47074844462327,1,0,0,0,127.3,"Q4"
"4389",90,8.72323127479999,114,-3.34351827007548,-3.7014582363208,-3.10457105358814,-3.48084954060977,0,0,1,0,127.3,"Q4"
"4390",90,9.04168500589999,115,-3.47074844462327,-3.7014582363208,-3.47074844462327,-3.47074844462327,0,1,1,0,127.3,"Q4"
"4391",90,8.5777236912,116,-3.47074844462327,-3.7014582363208,-3.10457105358814,-3.90424086498609,1,0,0,0,127.3,"Q4"
"4392",90,8.77400360019999,117,-3.47074844462327,-3.7014582363208,-3.10457105358814,-3.69514906712753,0,0,0,0,131.5,"Q4"
"4393",90,8.11012680190003,118,-3.34351827007548,-3.7014582363208,-3.10457105358814,-3.52230625428812,1,0,0,0,131.5,"Q4"
"4394",90,8.37839078850004,119,-3.34351827007548,-3.7014582363208,-3.10457105358814,-3.63415455442469,0,0,1,0,131.5,"Q4"
"4395",90,9.7573050424,120,-3.47074844462327,-3.7014582363208,-3.28758971741625,-3.63415455442469,1,0,1,1,131.5,"Q4"
"4396",90,8.76405326930003,122,-3.47074844462327,-3.7014582363208,-3.33033126579352,-3.7601069634023,0,1,1,0,135.1,"Q1"
"4397",90,10.334750353,123,-3.24660037288306,-3.7014582363208,-3.33033126579352,-3.7601069634023,0,0,1,1,135.1,"Q1"
"4398",90,10.395252674,124,-3.24660037288306,-3.7014582363208,-2.99886216656292,-3.47074844462327,0,0,1,1,135.1,"Q1"
"4399",90,8.14786712990004,125,-3.24660037288306,-3.7014582363208,-2.99886216656292,-3.47074844462327,0,0,0,0,135.1,"Q1"
"4400",90,7.96554557310002,126,-3.1328414875264,-3.7014582363208,-2.99886216656292,-3.7601069634023,0,0,1,0,134.7,"Q1"
"4401",90,8.46294817659997,127,-3.47074844462327,-3.7014582363208,-3.47074844462327,-4.16893341921317,0,1,0,0,134.7,"Q1"
"4402",90,8.78385589659998,129,-3.47074844462327,-3.7014582363208,-3.47074844462327,-3.47074844462327,0,1,1,0,134.7,"Q1"
"4403",90,8.64751945309997,130,-3.1328414875264,-3.7014582363208,-3.57666746350701,-3.63415455442469,1,0,0,0,134.7,"Q1"
"4404",90,9.78290058949997,131,-3.47074844462327,-3.7014582363208,-3.57666746350701,-3.69514906712753,0,0,1,1,134.7,"Q1"
"4405",90,9.3573801146,134,-3.47074844462327,-3.7014582363208,-3.24259235148552,-3.90424086498609,0,1,1,1,134.3,"Q2"
"4406",90,8.8032739825,135,-3.47074844462327,-3.7014582363208,-3.24259235148552,-3.63415455442469,0,0,0,0,134.3,"Q2"
"4407",90,9.82530977149998,137,-3.42171901738295,-3.90424086498609,-3.04374149274035,-3.47074844462327,0,0,1,1,134.3,"Q2"
"4408",90,7.76980099600004,138,-3.1328414875264,-3.47074844462327,-3.28758971741625,-3.33033126579352,0,1,1,0,134.3,"Q2"
"4409",90,8.00903068509998,139,-3.1328414875264,-3.47074844462327,-3.09762658123533,-3.47074844462327,0,1,1,0,126.2,"Q2"
"4410",90,8.14786712990004,140,-3.1328414875264,-3.42171901738295,-3.09762658123533,-3.47074844462327,0,0,0,0,126.2,"Q2"
"4411",90,10.047761042,141,-3.42171901738295,-3.63415455442469,-3.06360969595708,-3.28758971741625,0,0,1,1,126.2,"Q2"
"4412",90,8.00903068509998,142,-3.1328414875264,-3.63415455442469,-3.09762658123533,-3.47074844462327,0,0,1,0,126.2,"Q2"
"4413",90,8.20193435119999,144,-3.09762658123533,-3.42171901738295,-3.24660037288306,-3.36137588747548,0,0,0,0,118.5,"Q2"
"4414",90,8.14786712990004,145,-3.09762658123533,-3.42171901738295,-3.47074844462327,-3.36137588747548,0,1,1,0,118.5,"Q2"
"4415",90,9.44208681210002,147,-3.4596944197658,-3.47074844462327,-3.16934188974592,-3.47074844462327,0,0,1,1,115.5,"Q3"
"4416",90,8.18423477410002,148,-3.37498153953126,-3.90424086498609,-3.16934188974592,-3.52230625428812,0,0,1,1,115.5,"Q3"
"4417",90,8.5656023306,149,-3.09762658123533,-3.42171901738295,-3.06360969595708,-3.42171901738295,0,0,0,0,115.5,"Q3"
"4418",90,10.435526573,150,-3.33033126579352,-3.63415455442469,-3.1328414875264,-3.42171901738295,0,1,1,1,115.5,"Q3"
"4419",90,10.835966545,153,-3.47074844462327,-3.42171901738295,-3.06360969595708,-3.28758971741625,0,0,1,1,114.5,"Q3"
"4420",90,10.311615778,154,-3.47074844462327,-3.52230625428812,-3.1328414875264,-3.47074844462327,0,1,1,1,114.5,"Q3"
"4421",90,9.06415786180001,156,-3.63415455442469,-3.42171901738295,-3.24660037288306,-3.50655789731998,0,1,1,0,112.5,"Q3"
"4422",90,10.112126418,157,-3.47074844462327,-3.40276110363834,-3.24660037288306,-3.50655789731998,0,0,1,1,112.5,"Q3"
"4423",90,8.3635757028,158,-3.09762658123533,-3.40276110363834,-2.99886216656292,-3.69514906712753,0,0,1,0,112.5,"Q3"
"4424",90,8.12917499690002,159,-3.16934188974592,-3.7601069634023,-3.1328414875264,-3.69514906712753,0,1,0,0,112.5,"Q3"
"4425",90,10.869406193,160,-3.37498153953126,-3.40276110363834,-2.99573227355399,-3.50655789731998,0,0,1,1,106.5,"Q4"
"4426",91,7.9875244798,42,-3.06360969595708,-3.24660037288306,-3.01148063052213,-3.52230625428812,0,0,1,0,160,"Q2"
"4427",91,8.16621626860002,43,-3.06360969595708,-3.24660037288306,-3.01148063052213,-3.47074844462327,0,0,1,0,160.4,"Q3"
"4428",91,10.013955006,44,-3.20722520764823,-3.24660037288306,-3.01148063052213,-3.25062452318278,0,0,1,1,160.4,"Q3"
"4429",91,7.9875244798,52,-3.06360969595708,-3.52230625428812,-3.1328414875264,-3.47074844462327,0,0,1,0,150.9,"Q3"
"4430",91,10.199137795,53,-3.37498153953126,-3.52230625428812,-3.01148063052213,-3.47074844462327,0,0,1,1,150.9,"Q3"
"4431",91,7.76980099600004,54,-3.06360969595708,-3.57666746350701,-3.01148063052213,-3.29178259567629,0,0,1,0,150.9,"Q3"
"4432",91,7.92008319910002,55,-3.06360969595708,-3.57666746350701,-3.01148063052213,-3.29178259567629,1,0,0,0,150.9,"Q3"
"4433",91,8.92956770779998,56,-3.06360969595708,-3.57666746350701,-3.01148063052213,-3.47074844462327,0,1,1,0,147.2,"Q4"
"4434",91,10.452302362,57,-3.47074844462327,-3.24660037288306,-3.02748097186857,-3.47074844462327,0,0,1,1,147.2,"Q4"
"4435",91,8.20193435119999,58,-3.17323511502754,-3.94377170374273,-3.06360969595708,-3.47074844462327,1,1,0,0,147.2,"Q4"
"4436",91,7.96554557310002,59,-3.06360969595708,-3.69514906712753,-3.06360969595708,-3.47074844462327,0,0,1,0,147.2,"Q4"
"4437",91,10.050527295,60,-3.47074844462327,-3.69514906712753,-3.06360969595708,-3.47074844462327,1,0,1,1,120.9,"Q4"
"4438",91,7.65539064479997,61,-3.06360969595708,-3.90424086498609,-3.06360969595708,-3.47074844462327,0,1,1,0,120.9,"Q4"
"4439",91,10.303068717,62,-3.47074844462327,-4.16893341921317,-3.06360969595708,-3.2188758248682,0,0,1,1,120.9,"Q4"
"4440",91,9.01091334729999,63,-3.47074844462327,-3.69514906712753,-3.06360969595708,-3.33033126579352,1,0,0,0,120.9,"Q4"
"4441",91,9.20230820029997,64,-3.06360969595708,-3.24660037288306,-3.06360969595708,-3.47074844462327,1,0,1,0,120.9,"Q4"
"4442",91,9.38999170020003,67,-3.47074844462327,-3.37498153953126,-3.28758971741625,-3.47074844462327,0,0,1,0,117.8,"Q4"
"4443",91,9.06415786180001,69,-3.47074844462327,-3.37498153953126,-3.52230625428812,-3.47074844462327,0,1,1,0,114.4,"Q1"
"4444",91,7.65539064479997,70,-3.2587217334154,-4.16893341921317,-3.20722520764823,-3.30022146432215,1,0,1,0,114.4,"Q1"
"4445",91,8.25322764560004,71,-3.2587217334154,-3.37498153953126,-3.20722520764823,-3.63415455442469,0,0,1,0,114.4,"Q1"
"4446",91,10.638927645,72,-3.47074844462327,-3.37498153953126,-3.01148063052213,-3.63415455442469,0,0,1,1,114.4,"Q1"
"4447",91,8.28601746839997,73,-3.2587217334154,-3.7601069634023,-3.01148063052213,-3.47074844462327,1,0,0,0,114.4,"Q1"
"4448",91,8.20193435119999,74,-3.27925633585711,-3.7601069634023,-3.24660037288306,-3.47074844462327,0,0,1,0,114.4,"Q1"
"4449",91,7.96554557310002,75,-3.27925633585711,-3.37498153953126,-3.16934188974592,-3.7601069634023,0,0,1,0,114.4,"Q1"
"4450",91,8.52833093580003,76,-3.27925633585711,-3.37498153953126,-3.01148063052213,-3.7601069634023,0,0,1,0,114.4,"Q1"
"4451",91,9.84585843970004,77,-3.47074844462327,-3.47074844462327,-3.01148063052213,-3.37498153953126,1,0,1,1,114.4,"Q1"
"4452",91,7.79646924310001,78,-3.2587217334154,-4.07270538711862,-3.01148063052213,-3.37498153953126,1,0,0,0,111.7,"Q1"
"4453",91,9.25263328419997,79,-3.2587217334154,-3.37498153953126,-3.01148063052213,-3.57666746350701,0,0,1,0,111.7,"Q1"
"4454",91,9.76835487850003,81,-3.63415455442469,-3.69514906712753,-3.63415455442469,-3.37498153953126,1,1,0,0,111.7,"Q1"
"4455",91,8.34853782539999,83,-3.42171901738295,-3.69514906712753,-3.47074844462327,-4.03666545063542,0,1,0,0,111.7,"Q2"
"4456",91,8.25322764560004,84,-3.42171901738295,-4.16893341921317,-3.01148063052213,-3.57666746350701,1,0,0,0,111.7,"Q2"
"4457",91,8.34853782539999,85,-3.42171901738295,-3.37498153953126,-3.47074844462327,-3.57666746350701,1,1,0,0,111.7,"Q2"
"4458",91,9.62271488840001,86,-3.42171901738295,-3.37498153953126,-3.47074844462327,-3.7601069634023,0,1,0,0,111,"Q2"
"4459",91,8.20193435119999,88,-3.34351827007548,-3.37498153953126,-3.33033126579352,-3.7601069634023,0,1,1,0,111,"Q2"
"4460",91,7.87245515010004,89,-3.34351827007548,-3.69514906712753,-3.01148063052213,-3.7601069634023,1,0,0,0,111,"Q2"
"4461",91,7.96554557310002,90,-3.34351827007548,-3.69514906712753,-3.01148063052213,-4.03666545063542,0,0,1,0,111,"Q2"
"4462",91,7.74240202179999,91,-3.34351827007548,-3.42171901738295,-3.47074844462327,-3.34351827007548,0,0,1,0,111,"Q2"
"4463",91,10.101682458,92,-3.63415455442469,-3.81529337896959,-3.47074844462327,-3.63415455442469,1,1,1,1,111,"Q2"
"4464",91,9.61846859750004,93,-3.34351827007548,-3.90424086498609,-3.06360969595708,-3.90424086498609,0,1,0,0,111,"Q2"
"4465",91,10.916977588,94,-3.63415455442469,-3.52230625428812,-3.03071199245002,-3.34351827007548,0,0,1,1,111,"Q2"
"4466",91,7.87245515010004,96,-3.34351827007548,-3.69514906712753,-3.47074844462327,-3.34351827007548,1,1,0,0,111,"Q3"
"4467",91,8.00903068509998,97,-3.34351827007548,-3.69514906712753,-3.47074844462327,-3.47074844462327,0,0,1,0,111,"Q3"
"4468",91,7.65539064479997,99,-3.34351827007548,-4.16893341921317,-3.37498153953126,-3.47074844462327,1,0,1,0,107.2,"Q3"
"4469",91,7.79646924310001,100,-3.34351827007548,-4.16893341921317,-3.37498153953126,-3.52230625428812,0,0,0,0,107.2,"Q3"
"4470",91,9.25874951120003,101,-3.34351827007548,-3.7601069634023,-3.28758971741625,-3.37498153953126,1,0,0,0,107.2,"Q3"
"4471",91,7.92008319910002,103,-3.34351827007548,-3.82957933621707,-3.14728217168119,-3.47074844462327,0,0,1,0,107.2,"Q3"
"4472",91,8.69148257649997,104,-3.34351827007548,-3.82957933621707,-3.47074844462327,-3.47074844462327,0,1,1,0,107.4,"Q3"
"4473",91,10.112126418,105,-3.47074844462327,-3.82957933621707,-3.14728217168119,-3.47074844462327,0,0,1,1,107.4,"Q3"
"4474",91,8.31776616669999,106,-3.47074844462327,-3.7014582363208,-3.24660037288306,-3.63415455442469,1,1,1,0,107.4,"Q3"
"4475",91,8.78385589659998,107,-3.52230625428812,-3.7014582363208,-3.14728217168119,-3.63415455442469,0,0,1,0,107.4,"Q3"
"4476",91,8.76405326930003,108,-3.57666746350701,-3.7014582363208,-3.47074844462327,-3.47074844462327,0,1,0,0,116,"Q4"
"4477",91,8.48961642359998,109,-3.57666746350701,-3.7014582363208,-3.14728217168119,-3.46074836128869,1,0,0,0,116,"Q4"
"4478",91,8.70217786560003,111,-3.34351827007548,-3.7014582363208,-3.20722520764823,-3.47074844462327,0,1,1,0,116,"Q4"
"4479",91,8.00903068509998,113,-3.34351827007548,-3.7014582363208,-3.14728217168119,-3.47074844462327,1,0,0,0,127.3,"Q4"
"4480",91,8.54090971799997,114,-3.34351827007548,-3.7014582363208,-3.14728217168119,-3.48084954060977,0,0,1,0,127.3,"Q4"
"4481",91,8.70217786560003,115,-3.47074844462327,-3.7014582363208,-3.47074844462327,-3.47074844462327,0,1,1,0,127.3,"Q4"
"4482",91,8.5026885052,116,-3.47074844462327,-3.7014582363208,-3.14728217168119,-3.90424086498609,1,0,0,0,127.3,"Q4"
"4483",91,8.0300840943,117,-3.47074844462327,-3.7014582363208,-3.14728217168119,-3.69514906712753,0,0,0,0,131.5,"Q4"
"4484",91,7.94307271730001,118,-3.34351827007548,-3.7014582363208,-3.14728217168119,-3.52230625428812,1,0,0,0,131.5,"Q4"
"4485",91,8.46294817659997,119,-3.34351827007548,-3.7014582363208,-3.14728217168119,-3.63415455442469,0,0,1,0,131.5,"Q4"
"4486",91,9.18276360419998,120,-3.47074844462327,-3.7014582363208,-3.28758971741625,-3.63415455442469,1,0,1,1,131.5,"Q4"
"4487",91,7.9875244798,122,-3.47074844462327,-3.7014582363208,-3.33033126579352,-3.7601069634023,0,1,1,0,135.1,"Q1"
"4488",91,8.87738195470003,124,-3.24660037288306,-3.7014582363208,-3.06360969595708,-3.57666746350701,0,0,1,1,135.1,"Q1"
"4489",91,8.0709060888,125,-3.24660037288306,-3.7014582363208,-3.06360969595708,-3.57666746350701,0,0,0,0,135.1,"Q1"
"4490",91,7.87245515010004,126,-3.18055696056606,-3.7014582363208,-3.06360969595708,-3.7601069634023,0,0,1,0,134.7,"Q1"
"4491",91,8.33327035329998,127,-3.47074844462327,-3.7014582363208,-3.47074844462327,-4.16893341921317,0,1,0,0,134.7,"Q1"
"4492",91,8.44934252449998,130,-3.18055696056606,-3.7014582363208,-3.57666746350701,-3.63415455442469,1,0,0,0,134.7,"Q1"
"4493",91,9.7610019042,131,-3.47074844462327,-3.7014582363208,-3.57666746350701,-3.69514906712753,0,0,1,1,134.7,"Q1"
"4494",91,8.79361207160002,132,-3.47074844462327,-3.7014582363208,-3.57666746350701,-3.69514906712753,0,1,0,0,134.7,"Q1"
"4495",91,8.47637119690002,133,-3.18055696056606,-3.7014582363208,-3.1328414875264,-3.90424086498609,0,0,1,0,134.7,"Q1"
"4496",91,9.66827142000002,134,-3.47074844462327,-3.7014582363208,-3.24259235148552,-3.90424086498609,0,1,1,1,134.3,"Q2"
"4497",91,8.77400360019999,135,-3.47074844462327,-3.7014582363208,-3.24259235148552,-3.63415455442469,0,0,0,0,134.3,"Q2"
"4498",91,8.28601746839997,136,-3.18055696056606,-3.90424086498609,-3.07707791300794,-3.63415455442469,1,0,0,0,134.3,"Q2"
"4499",91,10.234229114,137,-3.47074844462327,-3.90424086498609,-3.07707791300794,-3.57666746350701,0,0,1,1,134.3,"Q2"
"4500",91,7.9875244798,138,-3.18055696056606,-3.52230625428812,-3.35240721749272,-3.57666746350701,0,1,1,0,134.3,"Q2"
"4501",91,8.0300840943,139,-3.18055696056606,-3.52230625428812,-3.09762658123533,-3.57666746350701,0,1,1,0,126.2,"Q2"
"4502",91,8.14786712990004,140,-3.18055696056606,-3.47074844462327,-3.09762658123533,-3.57666746350701,0,0,0,0,126.2,"Q2"
"4503",91,10.075085146,141,-3.47074844462327,-3.63415455442469,-3.06360969595708,-3.57666746350701,0,0,1,1,126.2,"Q2"
"4504",91,7.87245515010004,142,-3.18055696056606,-3.63415455442469,-3.09762658123533,-3.57666746350701,0,0,1,0,126.2,"Q2"
"4505",91,7.5928702878,143,-3.16934188974592,-3.63415455442469,-3.24660037288306,-3.57666746350701,0,1,1,0,118.5,"Q2"
"4506",91,7.5928702878,144,-3.16934188974592,-3.47074844462327,-3.24660037288306,-3.57666746350701,0,0,0,0,118.5,"Q2"
"4507",91,9.50599061410004,147,-3.45378288954542,-3.47074844462327,-3.16934188974592,-3.57666746350701,0,0,1,1,115.5,"Q3"
"4508",91,10.061516417,150,-3.33033126579352,-3.63415455442469,-3.1328414875264,-3.57666746350701,0,1,1,1,115.5,"Q3"
"4509",91,7.94307271730001,151,-3.16934188974592,-3.7601069634023,-3.06360969595708,-3.57666746350701,1,0,0,0,115.5,"Q3"
"4510",91,11.062630341,153,-3.47074844462327,-3.47074844462327,-3.06360969595708,-3.57666746350701,0,0,1,1,114.5,"Q3"
"4511",91,10.514990744,154,-3.47074844462327,-3.57666746350701,-3.1328414875264,-3.57666746350701,0,1,1,1,114.5,"Q3"
"4512",91,8.99516499030001,155,-3.63415455442469,-3.90424086498609,-3.09762658123533,-3.57666746350701,0,1,1,0,114.5,"Q3"
"4513",91,8.96290412809996,156,-3.63415455442469,-3.47074844462327,-3.24660037288306,-3.57666746350701,0,1,1,0,112.5,"Q3"
"4514",91,9.79009486520004,157,-3.47074844462327,-3.47074844462327,-3.24660037288306,-3.57666746350701,0,0,1,1,112.5,"Q3"
"4515",91,10.77895629,160,-3.37498153953126,-3.47074844462327,-3.06360969595708,-3.57666746350701,0,0,1,1,106.5,"Q4"
"4516",92,8.26975694750001,42,-3.06360969595708,-3.24660037288306,-3.01148063052213,-3.52230625428812,0,0,1,0,160,"Q2"
"4517",92,8.21932609390002,43,-3.06360969595708,-3.24660037288306,-3.01148063052213,-3.47074844462327,0,0,1,0,160.4,"Q3"
"4518",92,10.285752267,44,-3.20722520764823,-3.24660037288306,-3.01148063052213,-3.25062452318278,0,0,1,1,160.4,"Q3"
"4519",92,7.82244472949999,45,-3.06360969595708,-3.24660037288306,-3.01148063052213,-3.28758971741625,0,0,0,0,160.4,"Q3"
"4520",92,8.0709060888,48,-3.06360969595708,-3.42171901738295,-3.01148063052213,-3.28758971741625,0,0,1,0,160.8,"Q3"
"4521",92,8.14786712990004,50,-3.06360969595708,-3.42171901738295,-3.1328414875264,-3.47074844462327,0,1,1,0,160.8,"Q3"
"4522",92,8.00903068509998,52,-3.06360969595708,-3.52230625428812,-3.1328414875264,-3.47074844462327,0,0,1,0,150.9,"Q3"
"4523",92,10.080461503,53,-3.37498153953126,-3.52230625428812,-3.01148063052213,-3.47074844462327,0,0,1,1,150.9,"Q3"
"4524",92,7.94307271730001,54,-3.06360969595708,-3.57666746350701,-3.01148063052213,-3.29178259567629,0,0,1,0,150.9,"Q3"
"4525",92,8.0300840943,55,-3.06360969595708,-3.57666746350701,-3.01148063052213,-3.29178259567629,1,0,0,0,150.9,"Q3"
"4526",92,9.17616292019996,56,-3.06360969595708,-3.57666746350701,-3.01148063052213,-3.47074844462327,0,1,1,0,147.2,"Q4"
"4527",92,10.435526573,57,-3.47074844462327,-3.24660037288306,-3.02748097186857,-3.47074844462327,0,0,1,1,147.2,"Q4"
"4528",92,8.72323127479999,58,-3.21095301091028,-3.94377170374273,-3.06360969595708,-3.47074844462327,1,1,0,0,147.2,"Q4"
"4529",92,8.16621626860002,59,-3.06360969595708,-3.69514906712753,-3.06360969595708,-3.47074844462327,0,0,1,0,147.2,"Q4"
"4530",92,9.85932665679996,60,-3.47074844462327,-3.69514906712753,-3.06360969595708,-3.47074844462327,1,0,1,1,120.9,"Q4"
"4531",92,7.68524360800001,61,-3.06360969595708,-3.90424086498609,-3.06360969595708,-3.47074844462327,0,1,1,0,120.9,"Q4"
"4532",92,10.657165233,62,-3.47074844462327,-4.16893341921317,-3.06360969595708,-3.2188758248682,0,0,1,1,120.9,"Q4"
"4533",92,9.4867592521,63,-3.47074844462327,-3.69514906712753,-3.06360969595708,-3.33033126579352,1,0,0,0,120.9,"Q4"
"4534",92,9.15609535709998,64,-3.06360969595708,-3.24660037288306,-3.06360969595708,-3.47074844462327,1,0,1,0,120.9,"Q4"
"4535",92,9.18276360419998,69,-3.47074844462327,-3.37498153953126,-3.52230625428812,-3.47074844462327,0,1,1,0,114.4,"Q1"
"4536",92,7.96554557310002,70,-3.2587217334154,-4.16893341921317,-3.20722520764823,-3.30022146432215,1,0,1,0,114.4,"Q1"
"4537",92,8.28601746839997,71,-3.2587217334154,-3.37498153953126,-3.20722520764823,-3.63415455442469,0,0,1,0,114.4,"Q1"
"4538",92,10.443017244,72,-3.47074844462327,-3.37498153953126,-3.01148063052213,-3.63415455442469,0,0,1,1,114.4,"Q1"
"4539",92,8.52833093580003,73,-3.2587217334154,-3.7601069634023,-3.01148063052213,-3.47074844462327,1,0,0,0,114.4,"Q1"
"4540",92,8.5777236912,74,-3.27925633585711,-3.7601069634023,-3.24660037288306,-3.47074844462327,0,0,1,0,114.4,"Q1"
"4541",92,7.94307271730001,75,-3.27925633585711,-3.37498153953126,-3.16934188974592,-3.7601069634023,0,0,1,0,114.4,"Q1"
"4542",92,8.5777236912,76,-3.27925633585711,-3.37498153953126,-3.01148063052213,-3.7601069634023,0,0,1,0,114.4,"Q1"
"4543",92,10.132692695,77,-3.47074844462327,-3.47074844462327,-3.01148063052213,-3.37498153953126,1,0,1,1,114.4,"Q1"
"4544",92,8.20193435119999,78,-3.2587217334154,-4.07270538711862,-3.01148063052213,-3.37498153953126,1,0,0,0,111.7,"Q1"
"4545",92,9.36836923619997,79,-3.2587217334154,-3.37498153953126,-3.01148063052213,-3.57666746350701,0,0,1,0,111.7,"Q1"
"4546",92,11.0755981039999,80,-3.63415455442469,-3.37498153953126,-3.01148063052213,-3.37498153953126,0,0,1,1,111.7,"Q1"
"4547",92,8.28601746839997,83,-3.42171901738295,-3.69514906712753,-3.47074844462327,-4.03666545063542,0,1,0,0,111.7,"Q2"
"4548",92,8.62479120200004,84,-3.42171901738295,-4.16893341921317,-3.01148063052213,-3.57666746350701,1,0,0,0,111.7,"Q2"
"4549",92,8.74385056200001,85,-3.42171901738295,-3.37498153953126,-3.47074844462327,-3.57666746350701,1,1,0,0,111.7,"Q2"
"4550",92,9.70406052779999,86,-3.42171901738295,-3.37498153953126,-3.47074844462327,-3.7601069634023,0,1,0,0,111,"Q2"
"4551",92,8.51559191000002,88,-3.34351827007548,-3.37498153953126,-3.33033126579352,-3.7601069634023,0,1,1,0,111,"Q2"
"4552",92,8.31776616669999,89,-3.34351827007548,-3.69514906712753,-3.01148063052213,-3.7601069634023,1,0,0,0,111,"Q2"
"4553",92,8.3635757028,90,-3.34351827007548,-3.69514906712753,-3.01148063052213,-4.03666545063542,0,0,1,0,111,"Q2"
"4554",92,8.09070871610001,91,-3.34351827007548,-3.42171901738295,-3.47074844462327,-3.34351827007548,0,0,1,0,111,"Q2"
"4555",92,10.283566474,92,-3.63415455442469,-3.81529337896959,-3.47074844462327,-3.63415455442469,1,1,1,1,111,"Q2"
"4556",92,9.23405689859997,93,-3.34351827007548,-3.90424086498609,-3.06360969595708,-3.90424086498609,0,1,0,0,111,"Q2"
"4557",92,10.764181004,94,-3.63415455442469,-3.52230625428812,-3.03071199245002,-3.34351827007548,0,0,1,1,111,"Q2"
"4558",92,9.74613174179998,95,-3.63415455442469,-3.52230625428812,-3.47074844462327,-3.34351827007548,0,0,1,0,111,"Q3"
"4559",92,7.82244472949999,97,-3.34351827007548,-3.69514906712753,-3.47074844462327,-3.47074844462327,0,0,1,0,111,"Q3"
"4560",92,7.82244472949999,98,-3.34351827007548,-3.52230625428812,-3.10007064733241,-3.47074844462327,0,1,1,0,111,"Q3"
"4561",92,7.84776253750002,100,-3.34351827007548,-4.16893341921317,-3.37498153953126,-3.52230625428812,0,0,0,0,107.2,"Q3"
"4562",92,9.20230820029997,101,-3.34351827007548,-3.7601069634023,-3.28758971741625,-3.37498153953126,1,0,0,0,107.2,"Q3"
"4563",92,7.92008319910002,103,-3.34351827007548,-3.82957933621707,-3.14728217168119,-3.47074844462327,0,0,1,0,107.2,"Q3"
"4564",92,8.31776616669999,104,-3.34351827007548,-3.82957933621707,-3.47074844462327,-3.47074844462327,0,1,1,0,107.4,"Q3"
"4565",92,9.82184356349995,105,-3.47074844462327,-3.82957933621707,-3.14728217168119,-3.47074844462327,0,0,1,1,107.4,"Q3"
"4566",92,8.6697425899,106,-3.47074844462327,-3.7014582363208,-3.24660037288306,-3.63415455442469,1,1,1,0,107.4,"Q3"
"4567",92,9.00307016980004,107,-3.52230625428812,-3.7014582363208,-3.14728217168119,-3.63415455442469,0,0,1,0,107.4,"Q3"
"4568",92,9.3406666337,108,-3.57666746350701,-3.7014582363208,-3.47074844462327,-3.47074844462327,0,1,0,0,116,"Q4"
"4569",92,8.95467362900003,109,-3.57666746350701,-3.7014582363208,-3.14728217168119,-3.46074836128869,1,0,0,0,116,"Q4"
"4570",92,8.00903068509998,111,-3.34351827007548,-3.7014582363208,-3.20722520764823,-3.47074844462327,0,1,1,0,116,"Q4"
"4571",92,8.16621626860002,113,-3.34351827007548,-3.7014582363208,-3.14728217168119,-3.47074844462327,1,0,0,0,127.3,"Q4"
"4572",92,8.39298958799997,114,-3.34351827007548,-3.7014582363208,-3.14728217168119,-3.48084954060977,0,0,1,0,127.3,"Q4"
"4573",92,9.0567228833,115,-3.47074844462327,-3.7014582363208,-3.47074844462327,-3.47074844462327,0,1,1,0,127.3,"Q4"
"4574",92,8.23642052730002,116,-3.47074844462327,-3.7014582363208,-3.14728217168119,-3.90424086498609,1,0,0,0,127.3,"Q4"
"4575",92,8.64751945309997,117,-3.47074844462327,-3.7014582363208,-3.14728217168119,-3.69514906712753,0,0,0,0,131.5,"Q4"
"4576",92,8.14786712990004,118,-3.34351827007548,-3.7014582363208,-3.14728217168119,-3.52230625428812,1,0,0,0,131.5,"Q4"
"4577",92,8.21932609390002,119,-3.34351827007548,-3.7014582363208,-3.14728217168119,-3.63415455442469,0,0,1,0,131.5,"Q4"
"4578",92,9.70406052779999,120,-3.47074844462327,-3.7014582363208,-3.28758971741625,-3.63415455442469,1,0,1,1,131.5,"Q4"
"4579",92,8.16621626860002,122,-3.47074844462327,-3.7014582363208,-3.33033126579352,-3.7601069634023,0,1,1,0,135.1,"Q1"
"4580",92,8.63621989780004,124,-3.24660037288306,-3.7014582363208,-3.06360969595708,-3.57666746350701,0,0,1,1,135.1,"Q1"
"4581",92,7.96554557310002,125,-3.24660037288306,-3.7014582363208,-3.06360969595708,-3.57666746350701,0,0,0,0,135.1,"Q1"
"4582",92,7.68524360800001,126,-3.18055696056606,-3.7014582363208,-3.06360969595708,-3.7601069634023,0,0,1,0,134.7,"Q1"
"4583",92,8.84101431049997,127,-3.47074844462327,-3.7014582363208,-3.47074844462327,-4.16893341921317,0,1,0,0,134.7,"Q1"
"4584",92,9.0567228833,129,-3.47074844462327,-3.7014582363208,-3.47074844462327,-3.57666746350701,0,1,1,0,134.7,"Q1"
"4585",92,8.40737832540001,130,-3.18055696056606,-3.7014582363208,-3.57666746350701,-3.63415455442469,1,0,0,0,134.7,"Q1"
"4586",92,8.72323127479999,132,-3.47074844462327,-3.7014582363208,-3.57666746350701,-3.69514906712753,0,1,0,0,134.7,"Q1"
"4587",92,8.28601746839997,133,-3.18055696056606,-3.7014582363208,-3.1328414875264,-3.90424086498609,0,0,1,0,134.7,"Q1"
"4588",92,9.5838331008,134,-3.47074844462327,-3.7014582363208,-3.24259235148552,-3.90424086498609,0,1,1,1,134.3,"Q2"
"4589",92,9.02641753380003,135,-3.47074844462327,-3.7014582363208,-3.24259235148552,-3.63415455442469,0,0,0,0,134.3,"Q2"
"4590",92,8.30201780980003,136,-3.18055696056606,-3.90424086498609,-3.07707791300794,-3.63415455442469,1,0,0,0,134.3,"Q2"
"4591",92,9.96100145870002,137,-3.47074844462327,-3.90424086498609,-3.07707791300794,-3.57666746350701,0,0,1,1,134.3,"Q2"
"4592",92,8.12917499690002,138,-3.18055696056606,-3.52230625428812,-3.35240721749272,-3.57666746350701,0,1,1,0,134.3,"Q2"
"4593",92,8.09070871610001,139,-3.18055696056606,-3.52230625428812,-3.09762658123533,-3.57666746350701,0,1,1,0,126.2,"Q2"
"4594",92,8.21932609390002,140,-3.18055696056606,-3.47074844462327,-3.09762658123533,-3.57666746350701,0,0,0,0,126.2,"Q2"
"4595",92,9.66421461929997,141,-3.47074844462327,-3.63415455442469,-3.06360969595708,-3.57666746350701,0,0,1,1,126.2,"Q2"
"4596",92,8.37839078850004,142,-3.18055696056606,-3.63415455442469,-3.09762658123533,-3.57666746350701,0,0,1,0,126.2,"Q2"
"4597",92,8.0300840943,143,-3.16934188974592,-3.63415455442469,-3.24660037288306,-3.57666746350701,0,1,1,0,118.5,"Q2"
"4598",92,7.87245515010004,145,-3.16934188974592,-3.47074844462327,-3.47074844462327,-3.57666746350701,0,1,1,0,118.5,"Q2"
"4599",92,8.31776616669999,146,-3.16934188974592,-3.47074844462327,-3.06360969595708,-3.57666746350701,0,1,1,0,118.5,"Q2"
"4600",92,9.42157327230005,147,-3.45124138726233,-3.47074844462327,-3.16934188974592,-3.57666746350701,0,0,1,1,115.5,"Q3"
"4601",92,8.25322764560004,149,-3.16934188974592,-3.47074844462327,-3.06360969595708,-3.57666746350701,0,0,0,0,115.5,"Q3"
"4602",92,10.497477162,150,-3.33033126579352,-3.63415455442469,-3.1328414875264,-3.57666746350701,0,1,1,1,115.5,"Q3"
"4603",92,8.33327035329998,151,-3.16934188974592,-3.7601069634023,-3.06360969595708,-3.57666746350701,1,0,0,0,115.5,"Q3"
"4604",92,10.573980043,153,-3.47074844462327,-3.47074844462327,-3.06360969595708,-3.57666746350701,0,0,1,1,114.5,"Q3"
"4605",92,10.263676316,154,-3.47074844462327,-3.57666746350701,-3.1328414875264,-3.57666746350701,0,1,1,1,114.5,"Q3"
"4606",92,10.077776938,157,-3.47074844462327,-3.54369744426944,-3.24660037288306,-3.57666746350701,0,0,1,1,112.5,"Q3"
"4607",92,7.84776253750002,158,-3.16934188974592,-3.54369744426944,-3.13643215565713,-3.69514906712753,0,0,1,0,112.5,"Q3"
"4608",92,7.89655270159997,159,-3.24660037288306,-3.7601069634023,-3.13643215565713,-3.69514906712753,0,1,0,0,112.5,"Q3"
"4609",92,10.455992403,160,-3.37498153953126,-3.54369744426944,-3.13643215565713,-3.57666746350701,0,0,1,1,106.5,"Q4"
"4610",93,8.18423477410002,40,-3.00515149547048,-3.69514906712753,-3.16934188974592,-3.54369744426944,1,1,1,0,160,"Q2"
"4611",93,8.25322764560004,42,-3.00515149547048,-3.16934188974592,-2.99886216656292,-3.52230625428812,0,0,1,0,160,"Q2"
"4612",93,8.40737832540001,43,-3.00515149547048,-3.16934188974592,-2.99886216656292,-3.47074844462327,0,0,1,0,160.4,"Q3"
"4613",93,10.46515837,44,-3.20722520764823,-3.16934188974592,-2.99886216656292,-3.18432344336154,0,0,1,1,160.4,"Q3"
"4614",93,8.09070871610001,45,-3.00515149547048,-3.16934188974592,-2.99886216656292,-3.28758971741625,0,0,0,0,160.4,"Q3"
"4615",93,9.10052550600004,46,-3.00515149547048,-3.16934188974592,-3.09762658123533,-3.57666746350701,0,1,1,0,160.4,"Q3"
"4616",93,8.18423477410002,48,-3.00515149547048,-3.42171901738295,-2.99886216656292,-3.28758971741625,0,0,1,0,160.8,"Q3"
"4617",93,7.9875244798,50,-3.00515149547048,-3.42171901738295,-3.1328414875264,-3.47074844462327,0,1,1,0,160.8,"Q3"
"4618",93,8.30201780980003,51,-3.00515149547048,-3.52230625428812,-3.1328414875264,-3.33033126579352,1,0,1,0,160.8,"Q3"
"4619",93,8.05070338149999,52,-3.00515149547048,-3.52230625428812,-3.1328414875264,-3.47074844462327,0,0,1,0,150.9,"Q3"
"4620",93,8.09070871610001,54,-3.00515149547048,-3.57666746350701,-2.99886216656292,-3.28758971741625,0,0,1,0,150.9,"Q3"
"4621",93,8.14786712990004,55,-3.00515149547048,-3.57666746350701,-2.99886216656292,-3.28758971741625,1,0,0,0,150.9,"Q3"
"4622",93,9.3406666337,56,-3.00515149547048,-3.57666746350701,-2.99886216656292,-3.47074844462327,0,1,1,0,147.2,"Q4"
"4623",93,10.439278922,57,-3.47074844462327,-3.16934188974592,-3.03071199245002,-3.47074844462327,0,0,1,1,147.2,"Q4"
"4624",93,8.31776616669999,58,-3.04900779863175,-3.94377170374273,-3.06360969595708,-3.47074844462327,1,1,0,0,147.2,"Q4"
"4625",93,8.23642052730002,59,-3.00515149547048,-3.69514906712753,-3.06360969595708,-3.47074844462327,0,0,1,0,147.2,"Q4"
"4626",93,10.416550671,60,-3.47074844462327,-3.69514906712753,-3.06360969595708,-3.47074844462327,1,0,1,1,120.9,"Q4"
"4627",93,8.20193435119999,61,-3.00515149547048,-3.90424086498609,-3.06360969595708,-3.47074844462327,0,1,1,0,120.9,"Q4"
"4628",93,10.583752107,62,-3.47074844462327,-4.16893341921317,-3.06360969595708,-3.16934188974592,0,0,1,1,120.9,"Q4"
"4629",93,8.62479120200004,63,-3.47074844462327,-3.69514906712753,-3.06360969595708,-3.33033126579352,1,0,0,0,120.9,"Q4"
"4630",93,9.18932100480001,64,-3.00515149547048,-3.24660037288306,-3.06360969595708,-3.47074844462327,1,0,1,0,120.9,"Q4"
"4631",93,9.31217467790004,67,-3.47074844462327,-3.16934188974592,-3.28758971741625,-3.47074844462327,0,0,1,0,117.8,"Q4"
"4632",93,8.21932609390002,70,-3.20722520764823,-4.16893341921317,-3.20722520764823,-3.24660037288306,1,0,1,0,114.4,"Q1"
"4633",93,8.81284343350004,71,-3.20722520764823,-3.16934188974592,-3.20722520764823,-3.63415455442469,0,0,1,0,114.4,"Q1"
"4634",93,10.373491182,72,-3.47074844462327,-3.16934188974592,-2.99886216656292,-3.63415455442469,0,0,1,1,114.4,"Q1"
"4635",93,8.74385056200001,73,-3.20722520764823,-3.7601069634023,-2.99886216656292,-3.47074844462327,1,0,0,0,114.4,"Q1"
"4636",93,8.71275997499997,74,-3.24660037288306,-3.7601069634023,-3.24660037288306,-3.47074844462327,0,0,1,0,114.4,"Q1"
"4637",93,8.74385056200001,75,-3.24660037288306,-3.16934188974592,-3.16934188974592,-3.7601069634023,0,0,1,0,114.4,"Q1"
"4638",93,9.14248970509999,76,-3.24660037288306,-3.16934188974592,-2.99886216656292,-3.7601069634023,0,0,1,0,114.4,"Q1"
"4639",93,9.87591078480004,77,-3.47074844462327,-3.47074844462327,-2.99886216656292,-3.37498153953126,1,0,1,1,114.4,"Q1"
"4640",93,8.47637119690002,78,-3.20722520764823,-4.07270538711862,-2.99886216656292,-3.37498153953126,1,0,0,0,111.7,"Q1"
"4641",93,9.39532504620004,79,-3.20722520764823,-3.16934188974592,-2.99886216656292,-3.57666746350701,0,0,1,0,111.7,"Q1"
"4642",93,11.091330975,80,-3.63415455442469,-3.16934188974592,-2.99886216656292,-3.37498153953126,0,0,1,1,111.7,"Q1"
"4643",93,9.65605130869996,81,-3.63415455442469,-3.69514906712753,-3.63415455442469,-3.37498153953126,1,1,0,0,111.7,"Q1"
"4644",93,8.91247327449998,83,-3.42171901738295,-3.69514906712753,-3.47074844462327,-4.03666545063542,0,1,0,0,111.7,"Q2"
"4645",93,8.91247327449998,84,-3.42171901738295,-4.16893341921317,-2.99886216656292,-3.57666746350701,1,0,0,0,111.7,"Q2"
"4646",93,8.97916464900004,85,-3.42171901738295,-3.16934188974592,-3.47074844462327,-3.57666746350701,1,1,0,0,111.7,"Q2"
"4647",93,9.61420419870001,86,-3.42171901738295,-3.16934188974592,-3.47074844462327,-3.7601069634023,0,1,0,0,111,"Q2"
"4648",93,8.63621989780004,88,-3.28758971741625,-3.16934188974592,-3.33033126579352,-3.7601069634023,0,1,1,0,111,"Q2"
"4649",93,8.60153433980004,89,-3.28758971741625,-3.69514906712753,-2.99886216656292,-3.7601069634023,1,0,0,0,111,"Q2"
"4650",93,8.69148257649997,90,-3.28758971741625,-3.69514906712753,-2.99886216656292,-4.03666545063542,0,0,1,0,111,"Q2"
"4651",93,9.50599061410004,92,-3.57666746350701,-3.7601069634023,-3.47074844462327,-3.57666746350701,1,1,1,1,111,"Q2"
"4652",93,8.9871968207,93,-3.28758971741625,-3.90424086498609,-3.06360969595708,-3.90424086498609,0,1,0,0,111,"Q2"
"4653",93,10.521911187,94,-3.63415455442469,-3.47074844462327,-3.03071199245002,-3.28758971741625,0,0,1,1,111,"Q2"
"4654",93,9.24647941859996,95,-3.63415455442469,-3.47074844462327,-3.47074844462327,-3.28758971741625,0,0,1,0,111,"Q3"
"4655",93,8.12917499690002,96,-3.28758971741625,-3.69514906712753,-3.47074844462327,-3.28758971741625,1,1,0,0,111,"Q3"
"4656",93,8.0300840943,98,-3.28758971741625,-3.47074844462327,-3.0636662936791,-3.47074844462327,0,1,1,0,111,"Q3"
"4657",93,7.96554557310002,100,-3.28758971741625,-4.16893341921317,-3.37498153953126,-3.52230625428812,0,0,0,0,107.2,"Q3"
"4658",93,8.70217786560003,101,-3.28758971741625,-3.7601069634023,-3.28758971741625,-3.37498153953126,1,0,0,0,107.2,"Q3"
"4659",93,10.869406193,102,-3.90424086498609,-3.7601069634023,-3.10457105358814,-3.37498153953126,0,0,1,1,107.2,"Q3"
"4660",93,8.26975694750001,104,-3.28758971741625,-3.82957933621707,-3.47074844462327,-3.47074844462327,0,1,1,0,107.4,"Q3"
"4661",93,10.064244931,105,-3.47074844462327,-3.82957933621707,-3.10457105358814,-3.47074844462327,0,0,1,1,107.4,"Q3"
"4662",93,8.88627090209996,106,-3.47074844462327,-3.7014582363208,-3.24660037288306,-3.63415455442469,1,1,1,0,107.4,"Q3"
"4663",93,8.77400360019999,107,-3.52230625428812,-3.7014582363208,-3.10457105358814,-3.63415455442469,0,0,1,0,107.4,"Q3"
"4664",93,8.90381521169997,108,-3.57666746350701,-3.7014582363208,-3.47074844462327,-3.47074844462327,0,1,0,0,116,"Q4"
"4665",93,8.89508153180002,111,-3.28758971741625,-3.7014582363208,-3.20722520764823,-3.47074844462327,0,1,1,0,116,"Q4"
"4666",93,10.241101994,112,-3.7601069634023,-3.7014582363208,-3.10457105358814,-3.47074844462327,0,0,0,0,116,"Q4"
"4667",93,8.23642052730002,113,-3.28758971741625,-3.7014582363208,-3.10457105358814,-3.47074844462327,1,0,0,0,127.3,"Q4"
"4668",93,9.15609535709998,114,-3.28758971741625,-3.7014582363208,-3.10457105358814,-3.7601069634023,0,0,1,0,127.3,"Q4"
"4669",93,9.3350328159,115,-3.47074844462327,-3.7014582363208,-3.47074844462327,-3.47074844462327,0,1,1,0,127.3,"Q4"
"4670",93,8.77400360019999,116,-3.47074844462327,-3.75341797525151,-3.10457105358814,-3.90424086498609,1,0,0,0,127.3,"Q4"
"4671",93,8.69148257649997,117,-3.47074844462327,-4.16893341921317,-3.10457105358814,-3.69514906712753,0,0,0,0,131.5,"Q4"
"4672",93,8.33327035329998,118,-3.28758971741625,-3.47074844462327,-3.10457105358814,-3.52230625428812,1,0,0,0,131.5,"Q4"
"4673",93,8.28601746839997,119,-3.28758971741625,-3.7014582363208,-3.10457105358814,-3.63415455442469,0,0,1,0,131.5,"Q4"
"4674",93,9.67633597980004,120,-3.47074844462327,-3.7014582363208,-3.28758971741625,-3.63415455442469,1,0,1,1,131.5,"Q4"
"4675",93,9.42157327230005,121,-3.47074844462327,-3.7014582363208,-3.28758971741625,-3.57666746350701,0,0,0,0,135.1,"Q1"
"4676",93,9.24647941859996,123,-3.24660037288306,-3.7014582363208,-3.33033126579352,-3.7601069634023,0,0,1,1,135.1,"Q1"
"4677",93,9.2887817983,125,-3.24660037288306,-3.7014582363208,-2.99886216656292,-3.47074844462327,0,0,0,0,135.1,"Q1"
"4678",93,9.59260508690002,126,-3.1328414875264,-3.7014582363208,-2.99886216656292,-3.7601069634023,0,0,1,0,134.7,"Q1"
"4679",93,8.95467362900003,127,-3.47074844462327,-3.7014582363208,-3.47074844462327,-4.16893341921317,0,1,0,0,134.7,"Q1"
"4680",93,8.9871968207,129,-3.47074844462327,-3.7014582363208,-3.47074844462327,-3.47074844462327,0,1,1,0,134.7,"Q1"
"4681",93,8.48961642359998,130,-3.1328414875264,-3.7014582363208,-3.57666746350701,-3.63415455442469,1,0,0,0,134.7,"Q1"
"4682",93,10.008207863,131,-3.47074844462327,-3.7014582363208,-3.57666746350701,-3.69514906712753,0,0,1,1,134.7,"Q1"
"4683",93,9.04923221160001,132,-3.47074844462327,-3.7014582363208,-3.57666746350701,-3.69514906712753,0,1,0,0,134.7,"Q1"
"4684",93,8.9871968207,133,-3.1328414875264,-3.7014582363208,-3.1328414875264,-3.90424086498609,0,0,1,0,134.7,"Q1"
"4685",93,9.94270826569999,134,-3.47074844462327,-3.7014582363208,-3.24259235148552,-3.90424086498609,0,1,1,1,134.3,"Q2"
"4686",93,8.76405326930003,136,-3.1328414875264,-3.90424086498609,-3.04374149274035,-3.63415455442469,1,0,0,0,134.3,"Q2"
"4687",93,10.177476298,137,-3.42171901738295,-3.90424086498609,-3.04374149274035,-3.47074844462327,0,0,1,1,134.3,"Q2"
"4688",93,8.44934252449998,138,-3.1328414875264,-3.47074844462327,-3.28758971741625,-3.33033126579352,0,1,1,0,134.3,"Q2"
"4689",93,8.81284343350004,139,-3.1328414875264,-3.47074844462327,-3.09762658123533,-3.47074844462327,0,1,1,0,126.2,"Q2"
"4690",93,8.7540029335,140,-3.1328414875264,-3.42171901738295,-3.09762658123533,-3.47074844462327,0,0,0,0,126.2,"Q2"
"4691",93,10.179906433,141,-3.42171901738295,-3.63415455442469,-3.06360969595708,-3.28758971741625,0,0,1,1,126.2,"Q2"
"4692",93,8.54090971799997,142,-3.1328414875264,-3.63415455442469,-3.09762658123533,-3.47074844462327,0,0,1,0,126.2,"Q2"
"4693",93,8.14786712990004,143,-3.09762658123533,-3.63415455442469,-3.24660037288306,-3.28758971741625,0,1,1,0,118.5,"Q2"
"4694",93,8.47637119690002,144,-3.09762658123533,-3.42171901738295,-3.24660037288306,-3.36137588747548,0,0,0,0,118.5,"Q2"
"4695",93,8.46294817659997,145,-3.09762658123533,-3.42171901738295,-3.47074844462327,-3.36137588747548,0,1,1,0,118.5,"Q2"
"4696",93,8.44934252449998,146,-3.09762658123533,-3.47074844462327,-3.06360969595708,-3.47074844462327,0,1,1,0,118.5,"Q2"
"4697",93,9.82530977149998,147,-3.46093544664876,-3.47074844462327,-3.16934188974592,-3.47074844462327,0,0,1,1,115.5,"Q3"
"4698",93,8.91247327449998,149,-3.09762658123533,-3.42171901738295,-3.06360969595708,-3.42171901738295,0,0,0,0,115.5,"Q3"
"4699",93,10.8522067520001,150,-3.33033126579352,-3.63415455442469,-3.1328414875264,-3.42171901738295,0,1,1,1,115.5,"Q3"
"4700",93,8.62479120200004,151,-3.09762658123533,-3.7601069634023,-3.06360969595708,-3.42171901738295,1,0,0,0,115.5,"Q3"
"4701",93,10.973425981,153,-3.47074844462327,-3.42171901738295,-3.06360969595708,-3.28758971741625,0,0,1,1,114.5,"Q3"
"4702",93,10.518456952,154,-3.47074844462327,-3.52230625428812,-3.1328414875264,-3.47074844462327,0,1,1,1,114.5,"Q3"
"4703",93,10.606188946,157,-3.47074844462327,-3.35240721749272,-3.24660037288306,-3.2188758248682,0,0,1,1,112.5,"Q3"
"4704",93,8.89508153180002,158,-3.09762658123533,-3.35240721749272,-2.99886216656292,-3.69514906712753,0,0,1,0,112.5,"Q3"
"4705",93,8.40737832540001,159,-3.16934188974592,-3.7601069634023,-3.1328414875264,-3.69514906712753,0,1,0,0,112.5,"Q3"
"4706",93,10.796141115,160,-3.37498153953126,-3.35240721749272,-2.99573227355399,-3.47074844462327,0,0,1,1,106.5,"Q4"
"4707",94,10.130144923,41,-3.47074844462327,-3.33033126579352,-3.16934188974592,-3.42171901738295,0,0,1,1,160,"Q2"
"4708",94,8.71275997499997,42,-3.19570876558667,-3.33033126579352,-3.01148063052213,-3.52230625428812,0,0,1,0,160,"Q2"
"4709",94,8.87738195470003,43,-3.19570876558667,-3.33033126579352,-3.01148063052213,-3.47074844462327,0,0,1,0,160.4,"Q3"
"4710",94,9.93653540660005,44,-3.20722520764823,-3.33033126579352,-3.01148063052213,-3.37498153953126,0,0,1,1,160.4,"Q3"
"4711",94,8.37839078850004,45,-3.19570876558667,-3.33033126579352,-3.01148063052213,-3.37498153953126,0,0,0,0,160.4,"Q3"
"4712",94,9.04923221160001,46,-3.19570876558667,-3.33033126579352,-3.09762658123533,-3.57666746350701,0,1,1,0,160.4,"Q3"
"4713",94,9.52952111149995,47,-3.28758971741625,-3.42171901738295,-3.09762658123533,-3.37498153953126,1,0,1,1,160.8,"Q3"
"4714",94,8.39298958799997,48,-3.19570876558667,-3.42171901738295,-3.01148063052213,-3.37498153953126,0,0,1,0,160.8,"Q3"
"4715",94,10.252452853,49,-3.47074844462327,-3.42171901738295,-3.01148063052213,-3.37498153953126,0,0,1,1,160.8,"Q3"
"4716",94,8.63621989780004,50,-3.19570876558667,-3.42171901738295,-3.1328414875264,-3.47074844462327,0,1,1,0,160.8,"Q3"
"4717",94,8.54090971799997,51,-3.19570876558667,-3.52230625428812,-3.1328414875264,-3.37498153953126,1,0,1,0,160.8,"Q3"
"4718",94,8.69148257649997,52,-3.19570876558667,-3.52230625428812,-3.1328414875264,-3.47074844462327,0,0,1,0,150.9,"Q3"
"4719",94,9.83220635050002,53,-3.37498153953126,-3.52230625428812,-3.01148063052213,-3.47074844462327,0,0,1,1,150.9,"Q3"
"4720",94,8.33327035329998,54,-3.19570876558667,-3.57666746350701,-3.01148063052213,-3.42171901738295,0,0,1,0,150.9,"Q3"
"4721",94,8.73359406190002,55,-3.19570876558667,-3.57666746350701,-3.01148063052213,-3.42171901738295,1,0,0,0,150.9,"Q3"
"4722",94,9.17616292019996,56,-3.19570876558667,-3.57666746350701,-3.01148063052213,-3.47074844462327,0,1,1,0,147.2,"Q4"
"4723",94,10.064244931,57,-3.47074844462327,-3.33033126579352,-3.02748097186857,-3.47074844462327,0,0,1,1,147.2,"Q4"
"4724",94,8.90381521169997,58,-3.26552774396388,-4.02785482095327,-3.06360969595708,-3.47074844462327,1,1,0,0,147.2,"Q4"
"4725",94,8.61323037960001,59,-3.19570876558667,-3.69514906712753,-3.06360969595708,-3.47074844462327,0,0,1,0,147.2,"Q4"
"4726",94,9.92093446609996,60,-3.47074844462327,-3.69514906712753,-3.06360969595708,-3.47074844462327,1,0,1,1,120.9,"Q4"
"4727",94,8.47637119690002,61,-3.19570876558667,-3.90424086498609,-3.06360969595708,-3.47074844462327,0,1,1,0,120.9,"Q4"
"4728",94,10.165236243,62,-3.47074844462327,-4.16893341921317,-3.06360969595708,-3.37498153953126,0,0,1,1,120.9,"Q4"
"4729",94,9.55704578489998,63,-3.47074844462327,-3.69514906712753,-3.06360969595708,-3.3841559158073,1,0,0,0,120.9,"Q4"
"4730",94,9.38462975710001,64,-3.19570876558667,-3.33033126579352,-3.06360969595708,-3.47074844462327,1,0,1,0,120.9,"Q4"
"4731",94,9.5525106297,69,-3.47074844462327,-3.52230625428812,-3.52230625428812,-3.47074844462327,0,1,1,0,114.4,"Q1"
"4732",94,8.79361207160002,70,-3.3841559158073,-4.16893341921317,-3.20722520764823,-3.3841559158073,1,0,1,0,114.4,"Q1"
"4733",94,8.82232217749998,71,-3.3841559158073,-3.52230625428812,-3.20722520764823,-3.63415455442469,0,0,1,0,114.4,"Q1"
"4734",94,10.334750353,72,-3.47074844462327,-3.52230625428812,-3.06360969595708,-3.63415455442469,0,0,1,1,114.4,"Q1"
"4735",94,8.95467362900003,73,-3.3841559158073,-3.7601069634023,-3.06360969595708,-3.47074844462327,1,0,0,0,114.4,"Q1"
"4736",94,8.76405326930003,74,-3.40746699467575,-3.7601069634023,-3.24660037288306,-3.47074844462327,0,0,1,0,114.4,"Q1"
"4737",94,9.00307016980004,76,-3.40746699467575,-3.52230625428812,-3.06360969595708,-3.7601069634023,0,0,1,0,114.4,"Q1"
"4738",94,9.94578046470002,77,-3.47074844462327,-3.52230625428812,-3.06360969595708,-3.3841559158073,1,0,1,1,114.4,"Q1"
"4739",94,8.47637119690002,78,-3.3841559158073,-4.22075848707776,-3.06360969595708,-3.3841559158073,1,0,0,0,111.7,"Q1"
"4740",94,9.93032420650002,81,-3.63415455442469,-3.69514906712753,-3.7601069634023,-3.47074844462327,1,1,0,0,111.7,"Q1"
"4741",94,9.74613174179998,82,-3.3841559158073,-3.69514906712753,-3.70780746399946,-3.47074844462327,0,1,1,1,111.7,"Q2"
"4742",94,9.77201118969998,83,-3.47074844462327,-3.69514906712753,-3.47074844462327,-4.16893341921317,0,1,0,0,111.7,"Q2"
"4743",94,8.96290412809996,84,-3.47074844462327,-4.16893341921317,-3.06360969595708,-3.57666746350701,1,0,0,0,111.7,"Q2"
"4744",94,8.99516499030001,85,-3.47074844462327,-3.52230625428812,-3.47074844462327,-3.57666746350701,1,1,0,0,111.7,"Q2"
"4745",94,9.78290058949997,86,-3.47074844462327,-3.52230625428812,-3.47074844462327,-3.7601069634023,0,1,0,0,111,"Q2"
"4746",94,11.253117929,87,-3.82957933621707,-3.52230625428812,-3.20722520764823,-3.7601069634023,0,0,1,1,111,"Q2"
"4747",94,9.22778728560003,88,-3.47074844462327,-3.52230625428812,-3.33033126579352,-3.7601069634023,0,1,1,0,111,"Q2"
"4748",94,8.99516499030001,89,-3.47074844462327,-3.69514906712753,-3.06360969595708,-3.7601069634023,1,0,0,0,111,"Q2"
"4749",94,9.14248970509999,90,-3.47074844462327,-3.69514906712753,-3.06360969595708,-4.16893341921317,0,0,1,0,111,"Q2"
"4750",94,8.9871968207,91,-3.47074844462327,-3.63415455442469,-3.47074844462327,-3.47074844462327,0,0,1,0,111,"Q2"
"4751",94,9.97896601369997,92,-3.7601069634023,-3.92777136239629,-3.47074844462327,-3.7601069634023,1,1,1,1,111,"Q2"
"4752",94,9.38999170020003,93,-3.47074844462327,-3.90424086498609,-3.06360969595708,-3.90424086498609,0,1,0,0,111,"Q2"
"4753",94,10.433645105,94,-3.63415455442469,-3.63415455442469,-3.06360969595708,-3.47074844462327,0,0,1,1,111,"Q2"
"4754",94,9.52485909839998,95,-3.63415455442469,-3.63415455442469,-3.47074844462327,-3.47074844462327,0,0,1,0,111,"Q3"
"4755",94,8.8032739825,96,-3.47074844462327,-3.69514906712753,-3.47074844462327,-3.47074844462327,1,1,0,0,111,"Q3"
"4756",94,9.00307016980004,97,-3.47074844462327,-3.69514906712753,-3.47074844462327,-3.47074844462327,0,0,1,0,111,"Q3"
"4757",94,8.68067166040002,98,-3.47074844462327,-3.63415455442469,-3.08004116446002,-3.51177984130113,0,1,1,0,111,"Q3"
"4758",94,9.2887817983,99,-3.47074844462327,-4.16893341921317,-3.37498153953126,-3.51177984130113,1,0,1,0,107.2,"Q3"
"4759",94,8.9710674387,100,-3.47074844462327,-4.16893341921317,-3.37498153953126,-3.52230625428812,0,0,0,0,107.2,"Q3"
"4760",94,9.7573050424,101,-3.47074844462327,-3.7601069634023,-3.28758971741625,-3.47074844462327,1,0,0,0,107.2,"Q3"
"4761",94,10.805273598,102,-3.90424086498609,-3.7601069634023,-3.14728217168119,-3.47074844462327,0,0,1,1,107.2,"Q3"
"4762",94,8.77400360019999,103,-3.47074844462327,-3.82957933621707,-3.14728217168119,-3.47074844462327,0,0,1,0,107.2,"Q3"
"4763",94,8.9871968207,104,-3.47074844462327,-3.82957933621707,-3.47074844462327,-3.47074844462327,0,1,1,0,107.4,"Q3"
"4764",94,9.00307016980004,106,-3.47074844462327,-3.7014582363208,-3.24660037288306,-3.63415455442469,1,1,1,0,107.4,"Q3"
"4765",94,9.42157327230005,107,-3.52230625428812,-3.7014582363208,-3.14728217168119,-3.63415455442469,0,0,1,0,107.4,"Q3"
"4766",94,9.2887817983,108,-3.57666746350701,-3.7014582363208,-3.47074844462327,-3.51702919718728,0,1,0,0,116,"Q4"
"4767",94,9.29468152039999,109,-3.57666746350701,-3.7014582363208,-3.14728217168119,-3.51702919718728,1,0,0,0,116,"Q4"
"4768",94,11.926993462,110,-3.63415455442469,-3.7014582363208,-3.14728217168119,-3.48084954060977,0,0,1,1,116,"Q4"
"4769",94,9.20873909060002,111,-3.47074844462327,-3.7014582363208,-3.20722520764823,-3.52230625428812,0,1,1,0,116,"Q4"
"4770",94,10.395252674,112,-3.7601069634023,-3.7014582363208,-3.14728217168119,-3.52230625428812,0,0,0,0,116,"Q4"
"4771",94,8.99516499030001,113,-3.47074844462327,-3.7014582363208,-3.14728217168119,-3.48084954060977,1,0,0,0,127.3,"Q4"
"4772",94,9.16282938930003,114,-3.47074844462327,-3.7014582363208,-3.14728217168119,-3.48084954060977,0,0,1,0,127.3,"Q4"
"4773",94,9.18276360419998,115,-3.47074844462327,-3.7014582363208,-3.47074844462327,-3.52230625428812,0,1,1,0,127.3,"Q4"
"4774",94,9.06415786180001,116,-3.47074844462327,-3.7014582363208,-3.14728217168119,-3.90424086498609,1,0,0,0,127.3,"Q4"
"4775",94,9.03408040660004,117,-3.47074844462327,-3.7014582363208,-3.14728217168119,-3.69514906712753,0,0,0,0,131.5,"Q4"
"4776",94,9.14248970509999,118,-3.47074844462327,-3.7014582363208,-3.14728217168119,-3.52230625428812,1,0,0,0,131.5,"Q4"
"4777",94,9.24028744829999,119,-3.47074844462327,-3.7014582363208,-3.14728217168119,-3.63415455442469,0,0,1,0,131.5,"Q4"
"4778",94,9.46715078080002,120,-3.47074844462327,-3.7014582363208,-3.28758971741625,-3.63415455442469,1,0,1,1,131.5,"Q4"
"4779",94,9.37923890839995,121,-3.47074844462327,-3.7014582363208,-3.28758971741625,-3.57666746350701,0,0,0,0,135.1,"Q1"
"4780",94,8.85936344920003,122,-3.47074844462327,-3.7014582363208,-3.33033126579352,-3.7601069634023,0,1,1,0,135.1,"Q1"
"4781",94,9.2214781164,123,-3.24660037288306,-3.7014582363208,-3.33033126579352,-3.7601069634023,0,0,1,1,135.1,"Q1"
"4782",94,8.37839078850004,125,-3.24660037288306,-3.7014582363208,-3.15092516295969,-3.57666746350701,0,0,0,0,135.1,"Q1"
"4783",94,8.62479120200004,126,-3.28758971741625,-3.7014582363208,-3.15092516295969,-3.7601069634023,0,0,1,0,134.7,"Q1"
"4784",94,9.88898286629998,127,-3.47074844462327,-3.7014582363208,-3.47074844462327,-4.16893341921317,0,1,0,0,134.7,"Q1"
"4785",94,9.98488319069996,131,-3.47074844462327,-3.7014582363208,-3.57666746350701,-3.69514906712753,0,0,1,1,134.7,"Q1"
"4786",94,9.49160187660003,132,-3.47074844462327,-3.7014582363208,-3.57666746350701,-3.69514906712753,0,1,0,0,134.7,"Q1"
"4787",94,8.92105701820002,133,-3.28758971741625,-3.7014582363208,-3.1328414875264,-3.90424086498609,0,0,1,0,134.7,"Q1"
"4788",94,9.56156046519999,134,-3.47074844462327,-3.7014582363208,-3.24259235148552,-3.90424086498609,0,1,1,1,134.3,"Q2"
"4789",94,9.14248970509999,135,-3.47074844462327,-3.7014582363208,-3.24259235148552,-3.63415455442469,0,0,0,0,134.3,"Q2"
"4790",94,9.01091334729999,136,-3.28758971741625,-3.90424086498609,-3.18432344336154,-3.63415455442469,1,0,0,0,134.3,"Q2"
"4791",94,9.81836529910001,137,-3.57666746350701,-3.90424086498609,-3.18432344336154,-3.57666746350701,0,0,1,1,134.3,"Q2"
"4792",94,8.68067166040002,138,-3.28758971741625,-3.63415455442469,-3.3887748616636,-3.57666746350701,0,1,1,0,134.3,"Q2"
"4793",94,8.69148257649997,139,-3.28758971741625,-3.63415455442469,-3.18432344336154,-3.57666746350701,0,1,1,0,126.2,"Q2"
"4794",94,8.8032739825,140,-3.28758971741625,-3.57666746350701,-3.18432344336154,-3.57666746350701,0,0,0,0,126.2,"Q2"
"4795",94,10.231927617,141,-3.57666746350701,-3.63415455442469,-3.18432344336154,-3.57666746350701,0,0,1,1,126.2,"Q2"
"4796",94,8.79361207160002,142,-3.28758971741625,-3.63415455442469,-3.18432344336154,-3.57666746350701,0,0,1,0,126.2,"Q2"
"4797",94,8.39298958799997,143,-3.24660037288306,-3.63415455442469,-3.24660037288306,-3.57666746350701,0,1,1,0,118.5,"Q2"
"4798",94,8.7540029335,144,-3.24660037288306,-3.57666746350701,-3.24660037288306,-3.57666746350701,0,0,0,0,118.5,"Q2"
"4799",94,8.68067166040002,145,-3.24660037288306,-3.57666746350701,-3.47074844462327,-3.57666746350701,0,1,1,0,118.5,"Q2"
"4800",94,9.03408040660004,146,-3.24660037288306,-3.57666746350701,-3.18432344336154,-3.57666746350701,0,1,1,0,118.5,"Q2"
"4801",94,9.54337814609995,147,-3.45682100049099,-3.57666746350701,-3.44104329020936,-3.57666746350701,0,0,1,1,115.5,"Q3"
"4802",94,8.73359406190002,149,-3.24660037288306,-3.57666746350701,-3.18432344336154,-3.57666746350701,0,0,0,0,115.5,"Q3"
"4803",94,10.218006279,150,-3.33033126579352,-3.63415455442469,-3.18432344336154,-3.57666746350701,0,1,1,1,115.5,"Q3"
"4804",94,8.8032739825,151,-3.24660037288306,-3.7601069634023,-3.18432344336154,-3.57666746350701,1,0,0,0,115.5,"Q3"
"4805",94,10.62035126,153,-3.47074844462327,-3.57666746350701,-3.18432344336154,-3.57666746350701,0,0,1,1,114.5,"Q3"
"4806",94,10.296610137,154,-3.47074844462327,-3.69514906712753,-3.18432344336154,-3.57666746350701,0,1,1,1,114.5,"Q3"
"4807",94,9.54795481319998,155,-3.63415455442469,-3.90424086498609,-3.2587217334154,-3.57666746350701,0,1,1,0,114.5,"Q3"
"4808",94,8.9710674387,156,-3.63415455442469,-3.57666746350701,-3.2587217334154,-3.65206548099122,0,1,1,0,112.5,"Q3"
"4809",94,8.21932609390002,158,-3.24660037288306,-3.65206548099122,-3.2587217334154,-3.69514906712753,0,0,1,0,112.5,"Q3"
"4810",95,10.106918073,41,-3.47074844462327,-3.16934188974592,-3.16934188974592,-3.26279505880304,0,0,1,1,160,"Q2"
"4811",95,7.79646924310001,43,-3.00515149547048,-3.16934188974592,-2.99886216656292,-3.47074844462327,0,0,1,0,160.4,"Q3"
"4812",95,9.93032420650002,44,-3.20722520764823,-3.16934188974592,-2.99886216656292,-3.18432344336154,0,0,1,1,160.4,"Q3"
"4813",95,7.79646924310001,45,-3.00515149547048,-3.16934188974592,-2.99886216656292,-3.28758971741625,0,0,0,0,160.4,"Q3"
"4814",95,9.52017524910003,47,-3.28758971741625,-3.42171901738295,-3.09762658123533,-3.18432344336154,1,0,1,1,160.8,"Q3"
"4815",95,7.52617891330001,48,-3.00515149547048,-3.42171901738295,-2.99886216656292,-3.28758971741625,0,0,1,0,160.8,"Q3"
"4816",95,7.74240202179999,50,-3.00515149547048,-3.42171901738295,-3.1328414875264,-3.47074844462327,0,1,1,0,160.8,"Q3"
"4817",95,7.84776253750002,52,-3.00515149547048,-3.52230625428812,-3.1328414875264,-3.47074844462327,0,0,1,0,150.9,"Q3"
"4818",95,9.89867599549999,53,-3.37498153953126,-3.52230625428812,-2.99886216656292,-3.47074844462327,0,0,1,1,150.9,"Q3"
"4819",95,7.20340552110001,54,-3.00515149547048,-3.57666746350701,-2.99886216656292,-3.28758971741625,0,0,1,0,150.9,"Q3"
"4820",95,7.62461898619999,55,-3.00515149547048,-3.57666746350701,-2.99886216656292,-3.28758971741625,1,0,0,0,150.9,"Q3"
"4821",95,8.93800657649997,56,-3.00515149547048,-3.57666746350701,-2.99886216656292,-3.47074844462327,0,1,1,0,147.2,"Q4"
"4822",95,10.15034763,57,-3.47074844462327,-3.16934188974592,-3.03071199245002,-3.47074844462327,0,0,1,1,147.2,"Q4"
"4823",95,8.34853782539999,58,-3.13040560251112,-3.94377170374273,-3.06360969595708,-3.47074844462327,1,1,0,0,147.2,"Q4"
"4824",95,8.93800657649997,59,-3.00515149547048,-3.69514906712753,-3.06360969595708,-3.47074844462327,0,0,1,0,147.2,"Q4"
"4825",95,9.71571114510001,60,-3.47074844462327,-3.69514906712753,-3.06360969595708,-3.47074844462327,1,0,1,1,120.9,"Q4"
"4826",95,10.355327211,62,-3.47074844462327,-4.16893341921317,-3.06360969595708,-3.16934188974592,0,0,1,1,120.9,"Q4"
"4827",95,9.51546935800002,63,-3.47074844462327,-3.69514906712753,-3.06360969595708,-3.33033126579352,1,0,0,0,120.9,"Q4"
"4828",95,9.13561682580005,64,-3.00515149547048,-3.24660037288306,-3.06360969595708,-3.47074844462327,1,0,1,0,120.9,"Q4"
"4829",95,8.94637482609996,67,-3.47074844462327,-3.16934188974592,-3.28758971741625,-3.47074844462327,0,0,1,0,117.8,"Q4"
"4830",95,9.39532504620004,69,-3.47074844462327,-3.16934188974592,-3.52230625428812,-3.47074844462327,0,1,1,0,114.4,"Q1"
"4831",95,7.79646924310001,70,-3.20722520764823,-4.16893341921317,-3.20722520764823,-3.24660037288306,1,0,1,0,114.4,"Q1"
"4832",95,10.426083632,72,-3.47074844462327,-3.16934188974592,-2.99886216656292,-3.63415455442469,0,0,1,1,114.4,"Q1"
"4833",95,8.30201780980003,73,-3.20722520764823,-3.7601069634023,-2.99886216656292,-3.47074844462327,1,0,0,0,114.4,"Q1"
"4834",95,8.0300840943,74,-3.24660037288306,-3.7601069634023,-3.24660037288306,-3.47074844462327,0,0,1,0,114.4,"Q1"
"4835",95,8.71275997499997,76,-3.24660037288306,-3.16934188974592,-2.99886216656292,-3.7601069634023,0,0,1,0,114.4,"Q1"
"4836",95,10.005321858,77,-3.47074844462327,-3.47074844462327,-2.99886216656292,-3.37498153953126,1,0,1,1,114.4,"Q1"
"4837",95,7.89655270159997,78,-3.20722520764823,-4.07270538711862,-2.99886216656292,-3.37498153953126,1,0,0,0,111.7,"Q1"
"4838",95,9.51546935800002,79,-3.20722520764823,-3.16934188974592,-2.99886216656292,-3.57666746350701,0,0,1,0,111.7,"Q1"
"4839",95,8.55333223800003,83,-3.42171901738295,-3.69514906712753,-3.47074844462327,-4.03666545063542,0,1,0,0,111.7,"Q2"
"4840",95,8.61323037960001,84,-3.42171901738295,-4.16893341921317,-2.99886216656292,-3.57666746350701,1,0,0,0,111.7,"Q2"
"4841",95,9.64368001690004,85,-3.42171901738295,-3.16934188974592,-3.47074844462327,-3.57666746350701,1,1,0,0,111.7,"Q2"
"4842",95,10.104303692,86,-3.42171901738295,-3.16934188974592,-3.47074844462327,-3.7601069634023,0,1,0,0,111,"Q2"
"4843",95,8.11012680190003,88,-3.28758971741625,-3.16934188974592,-3.33033126579352,-3.7601069634023,0,1,1,0,111,"Q2"
"4844",95,8.12917499690002,89,-3.28758971741625,-3.69514906712753,-2.99886216656292,-3.7601069634023,1,0,0,0,111,"Q2"
"4845",95,8.37839078850004,90,-3.28758971741625,-3.69514906712753,-2.99886216656292,-4.03666545063542,0,0,1,0,111,"Q2"
"4846",95,7.92008319910002,91,-3.28758971741625,-3.16934188974592,-3.47074844462327,-3.28758971741625,0,0,1,0,111,"Q2"
"4847",95,9.31793838260002,92,-3.57666746350701,-3.7601069634023,-3.47074844462327,-3.57666746350701,1,1,1,1,111,"Q2"
"4848",95,9.04168500589999,93,-3.28758971741625,-3.90424086498609,-3.06360969595708,-3.90424086498609,0,1,0,0,111,"Q2"
"4849",95,10.793516441,94,-3.63415455442469,-3.47074844462327,-3.03071199245002,-3.28758971741625,0,0,1,1,111,"Q2"
"4850",95,7.68524360800001,96,-3.28758971741625,-3.69514906712753,-3.47074844462327,-3.28758971741625,1,1,0,0,111,"Q3"
"4851",95,8.18423477410002,97,-3.28758971741625,-3.69514906712753,-3.47074844462327,-3.47074844462327,0,0,1,0,111,"Q3"
"4852",95,8.09070871610001,99,-3.28758971741625,-4.16893341921317,-3.37498153953126,-3.47074844462327,1,0,1,0,107.2,"Q3"
"4853",95,8.00903068509998,100,-3.28758971741625,-4.16893341921317,-3.37498153953126,-3.52230625428812,0,0,0,0,107.2,"Q3"
"4854",95,7.94307271730001,103,-3.28758971741625,-3.82957933621707,-3.10457105358814,-3.47074844462327,0,0,1,0,107.2,"Q3"
"4855",95,8.18423477410002,104,-3.28758971741625,-3.82957933621707,-3.47074844462327,-3.47074844462327,0,1,0,0,107.4,"Q3"
"4856",95,9.43699774259998,105,-3.47074844462327,-3.82957933621707,-3.10457105358814,-3.47074844462327,0,0,1,1,107.4,"Q3"
"4857",95,8.54090971799997,106,-3.47074844462327,-3.7014582363208,-3.24660037288306,-3.63415455442469,1,1,1,0,107.4,"Q3"
"4858",95,9.36288977040002,109,-3.57666746350701,-3.7014582363208,-3.10457105358814,-3.46074836128869,1,0,0,0,116,"Q4"
"4859",95,8.34853782539999,111,-3.28758971741625,-3.7014582363208,-3.20722520764823,-3.47074844462327,0,1,1,0,116,"Q4"
"4860",95,10.309485852,112,-3.7601069634023,-3.7014582363208,-3.10457105358814,-3.47074844462327,0,0,0,0,116,"Q4"
"4861",95,7.94307271730001,113,-3.28758971741625,-3.7014582363208,-3.10457105358814,-3.47074844462327,1,0,0,0,127.3,"Q4"
"4862",95,8.54090971799997,114,-3.28758971741625,-3.7014582363208,-3.10457105358814,-3.48084954060977,0,0,1,0,127.3,"Q4"
"4863",95,8.52833093580003,115,-3.47074844462327,-3.7014582363208,-3.47074844462327,-3.47074844462327,0,1,1,0,127.3,"Q4"
"4864",95,8.5026885052,116,-3.47074844462327,-3.7014582363208,-3.10457105358814,-3.90424086498609,1,0,0,0,127.3,"Q4"
"4865",95,8.7540029335,117,-3.47074844462327,-3.7014582363208,-3.10457105358814,-3.69514906712753,0,0,0,0,131.5,"Q4"
"4866",95,8.11012680190003,118,-3.28758971741625,-3.7014582363208,-3.10457105358814,-3.52230625428812,1,0,0,0,131.5,"Q4"
"4867",95,7.96554557310002,119,-3.28758971741625,-3.7014582363208,-3.10457105358814,-3.63415455442469,0,0,1,0,131.5,"Q4"
"4868",95,9.4818930625,120,-3.47074844462327,-3.7014582363208,-3.28758971741625,-3.63415455442469,1,0,1,1,131.5,"Q4"
"4869",95,9.21512888869999,121,-3.47074844462327,-3.7014582363208,-3.28758971741625,-3.57666746350701,0,0,0,0,135.1,"Q1"
"4870",95,8.48961642359998,122,-3.47074844462327,-3.7014582363208,-3.33033126579352,-3.7601069634023,0,1,1,0,135.1,"Q1"
"4871",95,9.02641753380003,123,-3.24660037288306,-3.7014582363208,-3.33033126579352,-3.7601069634023,0,0,1,1,135.1,"Q1"
"4872",95,8.25322764560004,125,-3.24660037288306,-3.7014582363208,-2.99886216656292,-3.47074844462327,0,0,0,0,135.1,"Q1"
"4873",95,8.52833093580003,126,-3.1328414875264,-3.7014582363208,-2.99886216656292,-3.7601069634023,0,0,1,0,134.7,"Q1"
"4874",95,9.13561682580005,127,-3.47074844462327,-3.7014582363208,-3.47074844462327,-4.16893341921317,0,1,0,0,134.7,"Q1"
"4875",95,8.44934252449998,130,-3.1328414875264,-3.7014582363208,-3.57666746350701,-3.63415455442469,1,0,0,0,134.7,"Q1"
"4876",95,9.59696239229999,131,-3.47074844462327,-3.7014582363208,-3.57666746350701,-3.69514906712753,0,0,1,1,134.7,"Q1"
"4877",95,9.20873909060002,132,-3.47074844462327,-3.7014582363208,-3.57666746350701,-3.69514906712753,0,1,0,0,134.7,"Q1"
"4878",95,9.97896601369997,134,-3.47074844462327,-3.7014582363208,-3.24259235148552,-3.90424086498609,0,1,1,1,134.3,"Q2"
"4879",95,8.0709060888,136,-3.1328414875264,-3.90424086498609,-3.04374149274035,-3.63415455442469,1,0,0,0,134.3,"Q2"
"4880",95,9.91145572220004,137,-3.42171901738295,-3.90424086498609,-3.04374149274035,-3.47074844462327,0,0,1,1,134.3,"Q2"
"4881",95,7.84776253750002,138,-3.1328414875264,-3.47074844462327,-3.28758971741625,-3.33033126579352,0,1,1,0,134.3,"Q2"
"4882",95,8.43554920239998,139,-3.1328414875264,-3.47074844462327,-3.09762658123533,-3.47074844462327,0,1,1,0,126.2,"Q2"
"4883",95,8.90381521169997,141,-3.417849930908,-3.63415455442469,-3.06360969595708,-3.28758971741625,0,0,1,1,126.2,"Q2"
"4884",95,7.37775890819997,142,-3.1328414875264,-3.63415455442469,-3.09762658123533,-3.57666746350701,0,0,1,0,126.2,"Q2"
"4885",95,7.52617891330001,143,-3.09762658123533,-3.63415455442469,-3.24660037288306,-3.28758971741625,0,1,1,0,118.5,"Q2"
"4886",95,8.92956770779998,144,-3.09762658123533,-3.42171901738295,-3.24660037288306,-3.36137588747548,0,0,0,0,118.5,"Q2"
"4887",95,7.82244472949999,145,-3.09762658123533,-3.42171901738295,-3.47074844462327,-3.36137588747548,0,1,1,0,118.5,"Q2"
"4888",95,9.61420419870001,147,-3.45775590147451,-3.47074844462327,-3.16934188974592,-3.47074844462327,0,0,1,1,115.5,"Q3"
"4889",95,8.34853782539999,148,-3.37498153953126,-3.90424086498609,-3.16934188974592,-3.52230625428812,0,0,1,1,115.5,"Q3"
"4890",95,8.52833093580003,149,-3.09762658123533,-3.42171901738295,-3.06360969595708,-3.42171901738295,0,0,0,0,115.5,"Q3"
"4891",95,7.89655270159997,151,-3.09762658123533,-3.7601069634023,-3.06360969595708,-3.42171901738295,1,0,0,0,115.5,"Q3"
"4892",95,10.751927618,154,-3.47074844462327,-3.52230625428812,-3.1328414875264,-3.47074844462327,0,1,1,1,114.5,"Q3"
"4893",95,9.81836529910001,155,-3.63415455442469,-3.90424086498609,-3.09762658123533,-3.47074844462327,0,1,1,0,114.5,"Q3"
"4894",95,10.573980043,157,-3.47074844462327,-3.42171901738295,-3.24660037288306,-3.28758971741625,0,0,1,1,112.5,"Q3"
"4895",95,8.93800657649997,158,-3.09762658123533,-3.42171901738295,-3.06360969595708,-3.69514906712753,0,0,1,0,112.5,"Q3"
"4896",95,8.16621626860002,159,-3.16934188974592,-3.7601069634023,-3.1328414875264,-3.69514906712753,0,1,0,0,112.5,"Q3"
"4897",95,11.071625904,160,-3.37498153953126,-3.42171901738295,-3.06360969595708,-3.47074844462327,0,0,1,1,106.5,"Q4"
"4898",97,9.60130079389996,44,-3.20722520764823,-3.24660037288306,-3.01148063052213,-3.25062452318278,0,0,1,1,160.4,"Q3"
"4899",97,7.87245515010004,45,-3.06360969595708,-3.24660037288306,-3.01148063052213,-3.57666746350701,0,0,0,0,160.4,"Q3"
"4900",97,7.87245515010004,52,-3.06360969595708,-3.52230625428812,-3.1328414875264,-3.47074844462327,0,0,1,0,150.9,"Q3"
"4901",97,9.40590715550004,53,-3.37498153953126,-3.52230625428812,-3.01148063052213,-3.47074844462327,0,0,1,1,150.9,"Q3"
"4902",97,7.41697962140002,54,-3.06360969595708,-3.57666746350701,-3.01148063052213,-3.47074844462327,0,0,1,0,150.9,"Q3"
"4903",97,7.92008319910002,55,-3.06360969595708,-3.57666746350701,-3.01148063052213,-3.47074844462327,1,0,0,0,150.9,"Q3"
"4904",97,8.58969988220001,56,-3.06360969595708,-3.57666746350701,-3.06360969595708,-3.47074844462327,0,1,1,0,147.2,"Q4"
"4905",97,9.9518966917,57,-3.47074844462327,-3.24660037288306,-3.06360969595708,-3.47074844462327,0,0,1,1,147.2,"Q4"
"4906",97,8.20193435119999,58,-3.15625866242115,-3.94377170374273,-3.06360969595708,-3.47074844462327,1,1,0,0,147.2,"Q4"
"4907",97,7.9875244798,59,-3.06360969595708,-3.69514906712753,-3.06360969595708,-3.47074844462327,0,0,1,0,147.2,"Q4"
"4908",97,9.6883121709,60,-3.47074844462327,-3.69514906712753,-3.06360969595708,-3.47074844462327,1,0,1,1,120.9,"Q4"
"4909",97,7.76980099600004,61,-3.06360969595708,-3.90424086498609,-3.06360969595708,-3.47074844462327,0,1,1,0,120.9,"Q4"
"4910",97,9.85261522220004,62,-3.47074844462327,-4.16893341921317,-3.06360969595708,-3.2188758248682,0,0,1,1,120.9,"Q4"
"4911",97,8.91247327449998,63,-3.47074844462327,-3.69514906712753,-3.06360969595708,-3.33033126579352,1,0,0,0,120.9,"Q4"
"4912",97,8.65869275369998,64,-3.06360969595708,-3.24660037288306,-3.06360969595708,-3.47074844462327,1,0,1,0,120.9,"Q4"
"4913",97,9.20230820029997,67,-3.47074844462327,-3.37498153953126,-3.28758971741625,-3.47074844462327,0,0,1,0,117.8,"Q4"
"4914",97,9.04923221160001,69,-3.47074844462327,-3.24660037288306,-3.52230625428812,-3.47074844462327,0,1,1,0,114.4,"Q1"
"4915",97,8.33327035329998,70,-3.2587217334154,-4.16893341921317,-3.20722520764823,-3.30022146432215,1,0,1,0,114.4,"Q1"
"4916",97,8.31776616669999,71,-3.2587217334154,-3.24660037288306,-3.20722520764823,-3.63415455442469,0,0,1,0,114.4,"Q1"
"4917",97,9.7792839491,72,-3.47074844462327,-3.24660037288306,-3.01148063052213,-3.63415455442469,0,0,1,1,114.4,"Q1"
"4918",97,8.14786712990004,73,-3.2587217334154,-3.7601069634023,-3.01148063052213,-3.47074844462327,1,0,0,0,114.4,"Q1"
"4919",97,8.05070338149999,74,-3.27925633585711,-3.7601069634023,-3.24660037288306,-3.47074844462327,0,0,1,0,114.4,"Q1"
"4920",97,8.11012680190003,75,-3.27925633585711,-3.24660037288306,-3.16934188974592,-3.7601069634023,0,0,1,0,114.4,"Q1"
"4921",97,8.82232217749998,76,-3.27925633585711,-3.24660037288306,-3.01148063052213,-3.7601069634023,0,0,1,0,114.4,"Q1"
"4922",97,9.25874951120003,77,-3.47074844462327,-3.47074844462327,-3.01148063052213,-3.37498153953126,1,0,1,1,114.4,"Q1"
"4923",97,7.65539064479997,78,-3.2587217334154,-4.07270538711862,-3.01148063052213,-3.37498153953126,1,0,0,0,111.7,"Q1"
"4924",97,9.38999170020003,79,-3.2587217334154,-3.24660037288306,-3.01148063052213,-3.57666746350701,0,0,1,0,111.7,"Q1"
"4925",97,10.583752107,80,-3.63415455442469,-3.24660037288306,-3.01148063052213,-3.37498153953126,0,0,1,1,111.7,"Q1"
"4926",97,8.28601746839997,83,-3.42171901738295,-3.69514906712753,-3.47074844462327,-4.03666545063542,0,1,0,0,111.7,"Q2"
"4927",97,8.3635757028,84,-3.42171901738295,-4.16893341921317,-3.01148063052213,-3.57666746350701,1,0,0,0,111.7,"Q2"
"4928",97,8.30201780980003,85,-3.42171901738295,-3.24660037288306,-3.47074844462327,-3.57666746350701,1,1,0,0,111.7,"Q2"
"4929",97,8.81284343350004,86,-3.42171901738295,-3.24660037288306,-3.47074844462327,-3.7601069634023,0,1,0,0,111,"Q2"
"4930",97,10.610932038,87,-3.82957933621707,-3.24660037288306,-3.20722520764823,-3.7601069634023,0,0,1,1,111,"Q2"
"4931",97,7.92008319910002,88,-3.34351827007548,-3.24660037288306,-3.33033126579352,-3.7601069634023,0,1,1,0,111,"Q2"
"4932",97,7.65539064479997,89,-3.34351827007548,-3.69514906712753,-3.01148063052213,-3.7601069634023,1,0,0,0,111,"Q2"
"4933",97,7.96554557310002,90,-3.34351827007548,-3.69514906712753,-3.01148063052213,-4.03666545063542,0,0,1,0,111,"Q2"
"4934",97,7.5928702878,91,-3.34351827007548,-3.28758971741625,-3.47074844462327,-3.34351827007548,0,0,1,0,111,"Q2"
"4935",97,9.37923890839995,92,-3.63415455442469,-3.81529337896959,-3.47074844462327,-3.63415455442469,1,1,1,1,111,"Q2"
"4936",97,8.73359406190002,93,-3.34351827007548,-3.90424086498609,-3.06360969595708,-3.90424086498609,0,1,0,0,111,"Q2"
"4937",97,10.019669307,94,-3.63415455442469,-3.52230625428812,-3.03071199245002,-3.34351827007548,0,0,1,1,111,"Q2"
"4938",97,7.56008046500001,96,-3.34351827007548,-3.69514906712753,-3.47074844462327,-3.34351827007548,1,1,0,0,111,"Q3"
"4939",97,7.76980099600004,99,-3.34351827007548,-4.16893341921317,-3.37498153953126,-3.47074844462327,1,0,1,0,107.2,"Q3"
"4940",97,7.82244472949999,100,-3.34351827007548,-4.16893341921317,-3.37498153953126,-3.52230625428812,0,0,0,0,107.2,"Q3"
"4941",97,8.9710674387,101,-3.34351827007548,-3.7601069634023,-3.28758971741625,-3.37498153953126,1,0,0,0,107.2,"Q3"
"4942",97,7.84776253750002,103,-3.34351827007548,-3.82957933621707,-3.14728217168119,-3.47074844462327,0,0,1,0,107.2,"Q3"
"4943",97,8.12917499690002,104,-3.34351827007548,-3.82957933621707,-3.47074844462327,-3.47074844462327,0,1,1,0,107.4,"Q3"
"4944",97,9.04168500589999,105,-3.47074844462327,-3.82957933621707,-3.14728217168119,-3.47074844462327,0,0,1,1,107.4,"Q3"
"4945",97,8.3635757028,106,-3.47074844462327,-3.7014582363208,-3.24660037288306,-3.63415455442469,1,1,1,0,107.4,"Q3"
"4946",97,8.74385056200001,107,-3.52230625428812,-3.7014582363208,-3.14728217168119,-3.63415455442469,0,0,1,0,107.4,"Q3"
"4947",97,9.01091334729999,108,-3.57666746350701,-3.7014582363208,-3.47074844462327,-3.47074844462327,0,1,0,0,116,"Q4"
"4948",97,8.55333223800003,109,-3.57666746350701,-3.7014582363208,-3.14728217168119,-3.46074836128869,1,0,0,0,116,"Q4"
"4949",97,8.51559191000002,111,-3.34351827007548,-3.7014582363208,-3.20722520764823,-3.47074844462327,0,1,1,0,116,"Q4"
"4950",97,7.45471994939996,113,-3.34351827007548,-3.7014582363208,-3.14728217168119,-3.47074844462327,1,0,0,0,127.3,"Q4"
"4951",97,8.26975694750001,114,-3.34351827007548,-3.7014582363208,-3.14728217168119,-3.48084954060977,0,0,1,0,127.3,"Q4"
"4952",97,8.37839078850004,116,-3.47074844462327,-3.7014582363208,-3.14728217168119,-3.90424086498609,1,0,0,0,127.3,"Q4"
"4953",97,8.14786712990004,117,-3.47074844462327,-3.7014582363208,-3.14728217168119,-3.69514906712753,0,0,0,0,131.5,"Q4"
"4954",97,7.5928702878,118,-3.34351827007548,-3.7014582363208,-3.14728217168119,-3.52230625428812,1,0,0,0,131.5,"Q4"
"4955",97,7.92008319910002,119,-3.34351827007548,-3.7014582363208,-3.14728217168119,-3.63415455442469,0,0,1,0,131.5,"Q4"
"4956",97,8.55333223800003,121,-3.47074844462327,-3.7014582363208,-3.28758971741625,-3.57666746350701,0,0,0,0,135.1,"Q1"
"4957",97,7.82244472949999,122,-3.47074844462327,-3.7014582363208,-3.33033126579352,-3.7601069634023,0,1,1,0,135.1,"Q1"
"4958",97,8.28601746839997,124,-3.24660037288306,-3.7014582363208,-3.06360969595708,-3.57666746350701,0,0,1,1,135.1,"Q1"
"4959",97,7.76980099600004,125,-3.24660037288306,-3.7014582363208,-3.06360969595708,-3.57666746350701,0,0,0,0,135.1,"Q1"
"4960",97,7.5928702878,126,-3.18055696056606,-3.7014582363208,-3.06360969595708,-3.7601069634023,0,0,1,0,134.7,"Q1"
"4961",97,8.39298958799997,127,-3.47074844462327,-3.7014582363208,-3.47074844462327,-4.16893341921317,0,1,0,0,134.7,"Q1"
"4962",97,8.14786712990004,129,-3.47074844462327,-3.7014582363208,-3.47074844462327,-3.57666746350701,0,1,1,0,134.7,"Q1"
"4963",97,7.89655270159997,130,-3.18055696056606,-3.7014582363208,-3.57666746350701,-3.63415455442469,1,0,0,0,134.7,"Q1"
"4964",97,8.88627090209996,131,-3.47074844462327,-3.7014582363208,-3.57666746350701,-3.69514906712753,0,0,1,1,134.7,"Q1"
"4965",97,8.23642052730002,132,-3.47074844462327,-3.7014582363208,-3.57666746350701,-3.69514906712753,0,1,0,0,134.7,"Q1"
"4966",97,8.5026885052,133,-3.18055696056606,-3.7014582363208,-3.1328414875264,-3.90424086498609,0,0,1,0,134.7,"Q1"
"4967",97,7.62461898619999,136,-3.18055696056606,-3.90424086498609,-3.07707791300794,-3.63415455442469,1,0,0,0,134.3,"Q2"
"4968",97,9.51546935800002,137,-3.47074844462327,-3.90424086498609,-3.07707791300794,-3.57666746350701,0,0,1,1,134.3,"Q2"
"4969",97,7.52617891330001,138,-3.18055696056606,-3.52230625428812,-3.35240721749272,-3.57666746350701,0,1,1,0,134.3,"Q2"
"4970",97,7.45471994939996,139,-3.18055696056606,-3.52230625428812,-3.09762658123533,-3.57666746350701,0,1,1,0,126.2,"Q2"
"4971",97,7.76980099600004,140,-3.18055696056606,-3.47074844462327,-3.09762658123533,-3.57666746350701,0,0,0,0,126.2,"Q2"
"4972",97,9.59696239229999,141,-3.47074844462327,-3.63415455442469,-3.06360969595708,-3.57666746350701,0,0,1,1,126.2,"Q2"
"4973",97,7.87245515010004,142,-3.18055696056606,-3.63415455442469,-3.09762658123533,-3.57666746350701,0,0,1,0,126.2,"Q2"
"4974",97,7.56008046500001,143,-3.16934188974592,-3.63415455442469,-3.24660037288306,-3.57666746350701,0,1,1,0,118.5,"Q2"
"4975",97,7.74240202179999,144,-3.16934188974592,-3.47074844462327,-3.24660037288306,-3.57666746350701,0,0,0,0,118.5,"Q2"
"4976",97,7.33693691370002,145,-3.16934188974592,-3.47074844462327,-3.47074844462327,-3.57666746350701,0,1,1,0,118.5,"Q2"
"4977",97,7.84776253750002,146,-3.16934188974592,-3.47074844462327,-3.06360969595708,-3.57666746350701,0,1,1,0,118.5,"Q2"
"4978",97,8.96290412809996,147,-3.45740508780321,-3.47074844462327,-3.16934188974592,-3.57666746350701,0,0,1,1,115.5,"Q3"
"4979",97,10.083138881,150,-3.33033126579352,-3.63415455442469,-3.1328414875264,-3.57666746350701,0,1,1,1,115.5,"Q3"
"4980",97,7.87245515010004,151,-3.16934188974592,-3.7601069634023,-3.06360969595708,-3.57666746350701,1,0,0,0,115.5,"Q3"
"4981",97,9.66827142000002,153,-3.47074844462327,-3.47074844462327,-3.06360969595708,-3.57666746350701,0,0,1,1,114.5,"Q3"
"4982",97,9.16951837750003,154,-3.47074844462327,-3.57666746350701,-3.1328414875264,-3.57666746350701,0,1,1,1,114.5,"Q3"
"4983",97,8.44934252449998,156,-3.63415455442469,-3.47074844462327,-3.24660037288306,-3.47074844462327,0,1,1,0,112.5,"Q3"
"4984",97,8.76405326930003,158,-3.16934188974592,-3.42171901738295,-3.06360969595708,-3.69514906712753,0,0,1,0,112.5,"Q3"
"4985",97,7.79646924310001,159,-3.24660037288306,-3.7601069634023,-3.1328414875264,-3.69514906712753,0,1,0,0,112.5,"Q3"
"4986",98,8.8032739825,42,-3.19570876558667,-3.33033126579352,-3.01148063052213,-3.52230625428812,0,0,1,0,160,"Q2"
"4987",98,8.87738195470003,43,-3.19570876558667,-3.33033126579352,-3.01148063052213,-3.47074844462327,0,0,1,0,160.4,"Q3"
"4988",98,10.36948316,44,-3.20722520764823,-3.33033126579352,-3.01665939625821,-3.37498153953126,0,0,1,1,160.4,"Q3"
"4989",98,8.5656023306,45,-3.19570876558667,-3.33033126579352,-3.0209576304274,-3.37498153953126,0,0,0,0,160.4,"Q3"
"4990",98,10.265905971,47,-3.28758971741625,-3.42171901738295,-3.09762658123533,-3.37498153953126,1,0,1,1,160.8,"Q3"
"4991",98,8.84101431049997,48,-3.19570876558667,-3.42171901738295,-3.01992918997201,-3.37498153953126,0,0,1,0,160.8,"Q3"
"4992",98,8.61323037960001,50,-3.19570876558667,-3.42171901738295,-3.1328414875264,-3.47074844462327,0,1,1,0,160.8,"Q3"
"4993",98,8.77400360019999,52,-3.19570876558667,-3.52230625428812,-3.1328414875264,-3.47074844462327,0,0,1,0,150.9,"Q3"
"4994",98,10.194364516,53,-3.37498153953126,-3.52230625428812,-3.02789599475285,-3.47074844462327,0,0,1,1,150.9,"Q3"
"4995",98,8.70217786560003,54,-3.19570876558667,-3.57666746350701,-3.02657028060925,-3.42171901738295,0,0,1,0,150.9,"Q3"
"4996",98,8.73359406190002,55,-3.19570876558667,-3.57666746350701,-3.0209576304274,-3.42171901738295,1,0,0,0,150.9,"Q3"
"4997",98,9.3573801146,56,-3.19570876558667,-3.57666746350701,-3.01856286133903,-3.47074844462327,0,1,1,0,147.2,"Q4"
"4998",98,10.862071197,57,-3.47074844462327,-3.33033126579352,-3.04702556794154,-3.47074844462327,0,0,1,1,147.2,"Q4"
"4999",98,8.81284343350004,58,-3.2799925616596,-4.02785482095327,-3.06360969595708,-3.47074844462327,1,1,0,0,147.2,"Q4"
"5000",98,8.5777236912,59,-3.19570876558667,-3.69514906712753,-3.06360969595708,-3.47074844462327,0,0,1,0,147.2,"Q4"
"5001",98,10.389364531,60,-3.47074844462327,-3.69514906712753,-3.06360969595708,-3.47074844462327,1,0,1,1,120.9,"Q4"
"5002",98,8.73359406190002,61,-3.19570876558667,-3.90424086498609,-3.06360969595708,-3.47074844462327,0,1,1,0,120.9,"Q4"
"5003",98,10.330583681,62,-3.47074844462327,-4.16893341921317,-3.06360969595708,-3.37498153953126,0,0,1,1,120.9,"Q4"
"5004",98,8.9710674387,63,-3.47074844462327,-3.69514906712753,-3.06360969595708,-3.3841559158073,1,0,0,0,120.9,"Q4"
"5005",98,9.31793838260002,64,-3.19570876558667,-3.33033126579352,-3.06360969595708,-3.47074844462327,1,0,1,0,120.9,"Q4"
"5006",98,10.645043872,65,-3.47074844462327,-3.52230625428812,-3.16934188974592,-3.47074844462327,0,0,1,1,117.8,"Q4"
"5007",98,9.50599061410004,67,-3.47074844462327,-3.52230625428812,-3.28758971741625,-3.47074844462327,0,0,1,0,117.8,"Q4"
"5008",98,9.32936707840001,69,-3.47074844462327,-3.52230625428812,-3.52230625428812,-3.47074844462327,0,1,1,0,114.4,"Q1"
"5009",98,8.71275997499997,70,-3.3841559158073,-4.16893341921317,-3.20722520764823,-3.3841559158073,1,0,1,0,114.4,"Q1"
"5010",98,9.07886400919999,71,-3.3841559158073,-3.52230625428812,-3.20722520764823,-3.63415455442469,0,0,1,0,114.4,"Q1"
"5011",98,10.649606618,72,-3.47074844462327,-3.52230625428812,-3.06360969595708,-3.63415455442469,0,0,1,1,114.4,"Q1"
"5012",98,9.16282938930003,73,-3.3841559158073,-3.7601069634023,-3.06360969595708,-3.47074844462327,1,0,0,0,114.4,"Q1"
"5013",98,8.85023096560004,74,-3.40746699467575,-3.7601069634023,-3.24660037288306,-3.47074844462327,0,0,1,0,114.4,"Q1"
"5014",98,8.5656023306,75,-3.40746699467575,-3.52230625428812,-3.16934188974592,-3.7601069634023,0,0,1,0,114.4,"Q1"
"5015",98,8.84101431049997,76,-3.40746699467575,-3.52230625428812,-3.06360969595708,-3.7601069634023,0,0,1,0,114.4,"Q1"
"5016",98,10.241101994,77,-3.47074844462327,-3.52230625428812,-3.06360969595708,-3.3841559158073,1,0,1,1,114.4,"Q1"
"5017",98,8.48961642359998,78,-3.3841559158073,-4.22075848707776,-3.06360969595708,-3.3841559158073,1,0,0,0,111.7,"Q1"
"5018",98,11.89212873,80,-3.63415455442469,-3.52230625428812,-3.06360969595708,-3.47074844462327,0,0,1,1,111.7,"Q1"
"5019",98,10.311615778,81,-3.63415455442469,-3.69514906712753,-3.7601069634023,-3.47074844462327,1,1,0,0,111.7,"Q1"
"5020",98,9.04168500589999,83,-3.47074844462327,-3.69514906712753,-3.47074844462327,-4.16893341921317,0,1,0,0,111.7,"Q2"
"5021",98,8.77400360019999,84,-3.47074844462327,-4.16893341921317,-3.06360969595708,-3.57666746350701,1,0,0,0,111.7,"Q2"
"5022",98,9.02641753380003,85,-3.47074844462327,-3.52230625428812,-3.47074844462327,-3.57666746350701,1,1,0,0,111.7,"Q2"
"5023",98,9.605620455,86,-3.47074844462327,-3.52230625428812,-3.47074844462327,-3.7601069634023,0,1,0,0,111,"Q2"
"5024",98,11.907774421,87,-3.82957933621707,-3.52230625428812,-3.20722520764823,-3.7601069634023,0,0,1,1,111,"Q2"
"5025",98,9.41115651140004,88,-3.47074844462327,-3.52230625428812,-3.33033126579352,-3.7601069634023,0,1,1,0,111,"Q2"
"5026",98,9.0861367685,89,-3.47074844462327,-3.69514906712753,-3.06360969595708,-3.7601069634023,1,0,0,0,111,"Q2"
"5027",98,8.97916464900004,90,-3.47074844462327,-3.69514906712753,-3.06360969595708,-4.03666545063542,0,0,1,0,111,"Q2"
"5028",98,10.731165626,92,-3.63415455442469,-3.92777136239629,-3.47074844462327,-3.63415455442469,1,1,1,1,111,"Q2"
"5029",98,9.64782080949995,93,-3.66387903719286,-3.96003222461451,-3.06360969595708,-3.90424086498609,0,1,0,0,111,"Q2"
"5030",98,11.191507344,94,-3.70728631778152,-3.86621346939685,-3.32493918468535,-3.44807312255978,0,0,1,1,111,"Q2"
"5031",98,9.69227257209996,95,-3.61290981907328,-3.67645693411538,-3.47074844462327,-3.93123609033859,0,0,1,0,111,"Q3"
"5032",98,8.77400360019999,96,-3.34351827007548,-3.69514906712753,-3.47074844462327,-3.42458690536675,1,1,0,0,111,"Q3"
"5033",98,8.46294817659997,97,-3.34351827007548,-3.6826489043633,-3.42889418953165,-3.47074844462327,0,0,1,0,111,"Q3"
"5034",98,8.23642052730002,98,-3.34351827007548,-3.77362068256903,-3.19327542687873,-3.47074844462327,0,1,1,0,111,"Q3"
"5035",98,8.21932609390002,99,-3.34351827007548,-4.16893341921317,-3.37498153953126,-3.47074844462327,1,0,1,0,107.2,"Q3"
"5036",98,8.5026885052,100,-3.34351827007548,-4.1006141752357,-3.28758971741625,-3.52230625428812,0,0,0,0,107.2,"Q3"
"5037",98,9.61420419870001,101,-3.74585581817301,-3.7601069634023,-3.24624408487522,-3.37498153953126,1,0,0,0,107.2,"Q3"
"5038",98,8.31776616669999,103,-3.35880843593143,-3.82957933621707,-3.14728217168119,-3.47074844462327,0,0,1,0,107.2,"Q3"
"5039",98,8.92956770779998,104,-3.43068740122928,-3.82957933621707,-3.47074844462327,-3.47074844462327,0,1,1,0,107.4,"Q3"
"5040",98,10.492162711,105,-3.47074844462327,-3.69514906712753,-3.14728217168119,-3.55456711650634,0,0,1,1,107.4,"Q3"
"5041",98,8.68067166040002,106,-3.50126904465713,-3.69514906712753,-3.19953917376913,-3.63415455442469,1,1,1,0,107.4,"Q3"
"5042",98,9.25263328419997,107,-3.55345584436195,-3.69514906712753,-3.14728217168119,-3.59569154655525,0,0,1,0,107.4,"Q3"
"5043",98,10.069679727,108,-3.57666746350701,-3.72710066693413,-3.47074844462327,-3.46074836128869,0,1,0,0,116,"Q4"
"5044",98,8.97916464900004,109,-3.52616284115682,-3.7601069634023,-3.14728217168119,-3.45084729030598,1,0,0,0,116,"Q4"
"5045",98,8.46294817659997,113,-3.34351827007548,-3.63415455442469,-3.183488099679,-3.48084954060977,1,0,0,0,127.3,"Q4"
"5046",98,9.12869638290002,114,-3.45224490730595,-3.59926729542425,-3.14728217168119,-3.47329771094173,0,0,1,0,127.3,"Q4"
"5047",98,9.32366905730002,115,-3.47355980586383,-3.52230625428812,-3.47074844462327,-3.75341797525151,0,1,1,0,127.3,"Q4"
"5048",98,8.9871968207,116,-3.47074844462327,-3.74677343253284,-3.21518177627496,-3.74017274850149,1,0,0,0,127.3,"Q4"
"5049",98,8.46294817659997,118,-3.34351827007548,-3.69514906712753,-3.14728217168119,-3.56244039724909,1,0,0,0,131.5,"Q4"
"5050",98,8.51559191000002,119,-3.40218116141481,-3.6826489043633,-3.16260069545355,-3.90551516741738,0,0,1,0,131.5,"Q4"
"5051",98,10.51151248,120,-3.47074844462327,-3.63415455442469,-3.28758971741625,-3.59532791071358,1,0,1,1,131.5,"Q4"
"5052",98,8.52833093580003,122,-3.39853234103973,-3.91202300542815,-3.47911346146256,-3.7601069634023,0,1,1,0,135.1,"Q1"
"5053",98,9.83563688559998,123,-3.24660037288306,-3.58790353677393,-3.28472654255922,-3.73222081540852,0,0,1,1,135.1,"Q1"
"5054",98,9.56156046519999,124,-3.72034460656693,-3.76684099558365,-3.06360969595708,-3.57666746350701,0,0,1,1,135.1,"Q1"
"5055",98,9.30637756020002,125,-3.565682930748,-3.90424086498609,-3.06360969595708,-3.83947780626827,0,0,0,0,135.1,"Q1"
"5056",98,8.92105701820002,126,-3.51719662846627,-3.82957933621707,-3.06902266401872,-3.7601069634023,0,0,1,0,134.7,"Q1"
"5057",98,8.52833093580003,127,-3.47074844462327,-4.1489327525065,-3.47074844462327,-4.16893341921317,0,1,0,0,134.7,"Q1"
"5058",98,9.02641753380003,129,-3.38332362225969,-4.11009291919024,-3.47074844462327,-3.6282548322975,0,1,1,0,134.7,"Q1"
"5059",98,8.65869275369998,130,-3.33866598783264,-3.82957933621707,-3.5804930618417,-3.71419726209823,1,0,0,0,134.7,"Q1"
"5060",98,10.036618865,131,-3.47074844462327,-3.78044664763943,-3.57271013223799,-3.69514906712753,0,0,1,1,134.7,"Q1"
"5061",98,9.78290058949997,132,-3.83377292971344,-3.69514906712753,-3.1328414875264,-3.7014582363208,0,1,0,0,134.7,"Q1"
"5062",98,10.241101994,134,-3.47074844462327,-3.52230625428812,-3.24259235148552,-3.82957933621707,0,1,1,1,134.3,"Q2"
"5063",98,9.25263328419997,135,-3.42153615946133,-3.75341797525151,-3.20908936635226,-3.63415455442469,0,0,0,0,134.3,"Q2"
"5064",98,10.537309267,137,-3.47074844462327,-3.79423996977176,-3.19727911916806,-3.57666746350701,0,0,1,1,134.3,"Q2"
"5065",98,8.31776616669999,138,-3.18055696056606,-3.52230625428812,-3.35240721749272,-3.57666746350701,0,1,1,0,134.3,"Q2"
"5066",98,8.23642052730002,139,-3.18055696056606,-3.51177984130113,-3.09762658123533,-3.57666746350701,0,1,1,0,126.2,"Q2"
"5067",98,8.31776616669999,140,-3.18055696056606,-3.47578623865323,-3.09417234636724,-3.57666746350701,0,0,0,0,126.2,"Q2"
"5068",98,10.234229114,141,-3.47074844462327,-3.63415455442469,-3.06360969595708,-3.57666746350701,0,0,1,1,126.2,"Q2"
"5069",98,8.31776616669999,142,-3.17932105934355,-3.63415455442469,-3.09762658123533,-3.57666746350701,0,0,1,0,126.2,"Q2"
"5070",98,7.84776253750002,143,-3.16934188974592,-3.63415455442469,-3.24660037288306,-3.57666746350701,0,1,1,0,118.5,"Q2"
"5071",98,8.46294817659997,144,-3.16934188974592,-3.49619511028444,-3.35508979811114,-3.57666746350701,0,0,0,0,118.5,"Q2"
"5072",98,8.34853782539999,145,-3.16934188974592,-3.47074844462327,-3.47074844462327,-3.57666746350701,0,1,1,0,118.5,"Q2"
"5073",98,8.46294817659997,146,-3.28968800296884,-3.66418684152356,-3.11280042804881,-3.57666746350701,0,1,1,0,118.5,"Q2"
"5074",98,10.083138881,147,-3.46938059743734,-3.56004658227097,-3.16934188974592,-3.57666746350701,0,0,1,1,115.5,"Q3"
"5075",98,9.63952200670001,149,-3.35949090193429,-3.50655789731998,-3.09762658123533,-3.57666746350701,0,0,0,0,115.5,"Q3"
"5076",98,10.742292306,150,-3.33033126579352,-3.6400892899445,-3.1328414875264,-3.57666746350701,0,1,1,1,115.5,"Q3"
"5077",98,11.37559257,153,-3.47074844462327,-3.50136308044288,-3.06360969595708,-3.57666746350701,0,0,1,1,114.5,"Q3"
"5078",98,10.34096799,154,-3.49506321833239,-3.83679958419056,-3.1328414875264,-3.57666746350701,0,1,1,1,114.5,"Q3"
"5079",98,9.24028744829999,155,-3.64986582778627,-3.91986618288917,-3.14841229366491,-3.57666746350701,0,1,1,0,114.5,"Q3"
"5080",98,9.27687689579999,156,-3.62588452745558,-3.47074844462327,-3.24660037288306,-3.57666746350701,0,1,1,0,112.5,"Q3"
"5081",98,10.298767636,157,-3.47074844462327,-3.47074844462327,-3.18760867200927,-3.58226971905568,0,0,1,1,112.5,"Q3"
"5082",98,8.25322764560004,158,-3.20218966390853,-3.64605945693101,-3.06360969595708,-3.69514906712753,0,0,1,0,112.5,"Q3"
"5083",98,8.65869275369998,159,-3.26255450259614,-3.7601069634023,-3.13112556300458,-3.6400892899445,0,1,0,0,112.5,"Q3"
"5084",98,11.348805254,160,-3.37498153953126,-3.58226971905568,-3.09465793514294,-3.57666746350701,0,0,1,1,106.5,"Q4"
"5085",100,8.20193435119999,42,-3.00515149547048,-3.16934188974592,-2.99886216656292,-3.52230625428812,0,0,1,0,160,"Q2"
"5086",100,8.44934252449998,43,-3.00515149547048,-3.16934188974592,-2.99886216656292,-3.47074844462327,0,0,1,0,160.4,"Q3"
"5087",100,10.811746113,44,-3.20722520764823,-3.16934188974592,-2.99886216656292,-3.18432344336154,0,0,1,1,160.4,"Q3"
"5088",100,8.43554920239998,45,-3.00515149547048,-3.16934188974592,-2.99886216656292,-3.57666746350701,0,0,0,0,160.4,"Q3"
"5089",100,7.89655270159997,48,-3.00515149547048,-3.42171901738295,-2.99886216656292,-3.28758971741625,0,0,1,0,160.8,"Q3"
"5090",100,8.3635757028,50,-3.00515149547048,-3.42171901738295,-3.1328414875264,-3.47074844462327,0,1,1,0,160.8,"Q3"
"5091",100,8.20193435119999,51,-3.00515149547048,-3.52230625428812,-3.1328414875264,-3.33033126579352,1,0,1,0,160.8,"Q3"
"5092",100,8.16621626860002,52,-3.00515149547048,-3.52230625428812,-3.1328414875264,-3.47074844462327,0,0,1,0,150.9,"Q3"
"5093",100,10.535610031,53,-3.37498153953126,-3.52230625428812,-2.99886216656292,-3.47074844462327,0,0,1,1,150.9,"Q3"
"5094",100,8.73359406190002,54,-3.00515149547048,-3.57666746350701,-2.99886216656292,-3.47074844462327,0,0,1,0,150.9,"Q3"
"5095",100,8.86841328469997,55,-3.00515149547048,-3.57666746350701,-2.99886216656292,-3.47074844462327,1,0,0,0,150.9,"Q3"
"5096",100,9.46715078080002,56,-3.00515149547048,-3.57666746350701,-3.06360969595708,-3.47074844462327,0,1,1,0,147.2,"Q4"
"5097",100,10.9634976030001,57,-3.47074844462327,-3.16934188974592,-3.06360969595708,-3.47074844462327,0,0,1,1,147.2,"Q4"
"5098",100,8.43554920239998,58,-3.06342823924408,-3.94377170374273,-3.06360969595708,-3.47074844462327,1,1,0,0,147.2,"Q4"
"5099",100,7.9875244798,59,-3.00515149547048,-3.69514906712753,-3.06360969595708,-3.47074844462327,0,0,1,0,147.2,"Q4"
"5100",100,10.588602561,60,-3.47074844462327,-3.69514906712753,-3.06360969595708,-3.47074844462327,1,0,1,1,120.9,"Q4"
"5101",100,8.14786712990004,61,-3.00515149547048,-3.90424086498609,-3.06360969595708,-3.47074844462327,0,1,1,0,120.9,"Q4"
"5102",100,10.618787538,62,-3.47074844462327,-4.16893341921317,-3.06360969595708,-3.16934188974592,0,0,1,1,120.9,"Q4"
"5103",100,9.07886400919999,63,-3.47074844462327,-3.69514906712753,-3.06360969595708,-3.33033126579352,1,0,0,0,120.9,"Q4"
"5104",100,9.59696239229999,69,-3.47074844462327,-3.16934188974592,-3.52230625428812,-3.47074844462327,0,1,1,0,114.4,"Q1"
"5105",100,8.47637119690002,70,-3.20722520764823,-4.16893341921317,-3.20722520764823,-3.24660037288306,1,0,1,0,114.4,"Q1"
"5106",100,9.17616292019996,71,-3.20722520764823,-3.16934188974592,-3.20722520764823,-3.63415455442469,0,0,1,0,114.4,"Q1"
"5107",100,10.971228178,72,-3.47074844462327,-3.16934188974592,-2.99886216656292,-3.63415455442469,0,0,1,1,114.4,"Q1"
"5108",100,9.0861367685,73,-3.20722520764823,-3.7601069634023,-2.99886216656292,-3.47074844462327,1,0,0,0,114.4,"Q1"
"5109",100,8.93800657649997,74,-3.24660037288306,-3.7601069634023,-3.24660037288306,-3.47074844462327,0,0,1,0,114.4,"Q1"
"5110",100,8.68067166040002,75,-3.24660037288306,-3.16934188974592,-3.16934188974592,-3.7601069634023,0,0,1,0,114.4,"Q1"
"5111",100,9.3350328159,76,-3.24660037288306,-3.16934188974592,-2.99886216656292,-3.7601069634023,0,0,1,0,114.4,"Q1"
"5112",100,10.7227386100001,77,-3.47074844462327,-3.47074844462327,-2.99886216656292,-3.37498153953126,1,0,1,1,114.4,"Q1"
"5113",100,8.55333223800003,78,-3.20722520764823,-4.07270538711862,-2.99886216656292,-3.37498153953126,1,0,0,0,111.7,"Q1"
"5114",100,9.90508627390004,79,-3.20722520764823,-3.16934188974592,-2.99886216656292,-3.57666746350701,0,0,1,0,111.7,"Q1"
"5115",100,11.648295167,80,-3.63415455442469,-3.16934188974592,-2.99886216656292,-3.37498153953126,0,0,1,1,111.7,"Q1"
"5116",100,8.9710674387,83,-3.42171901738295,-3.69514906712753,-3.47074844462327,-4.03666545063542,0,1,0,0,111.7,"Q2"
"5117",100,9.42157327230005,84,-3.42171901738295,-4.16893341921317,-2.99886216656292,-3.57666746350701,1,0,0,0,111.7,"Q2"
"5118",100,9.22778728560003,85,-3.42171901738295,-3.16934188974592,-3.47074844462327,-3.57666746350701,1,1,0,0,111.7,"Q2"
"5119",100,10.47243113,86,-3.42171901738295,-3.16934188974592,-3.47074844462327,-3.7601069634023,0,1,0,0,111,"Q2"
"5120",100,8.47637119690002,88,-3.28758971741625,-3.16934188974592,-3.33033126579352,-3.7601069634023,0,1,1,0,111,"Q2"
"5121",100,8.69148257649997,89,-3.28758971741625,-3.69514906712753,-2.99886216656292,-3.7601069634023,1,0,0,0,111,"Q2"
"5122",100,8.9710674387,90,-3.28758971741625,-3.69514906712753,-2.99886216656292,-4.03666545063542,0,0,1,0,111,"Q2"
"5123",100,8.5026885052,91,-3.28758971741625,-3.28758971741625,-3.47074844462327,-3.28758971741625,0,0,1,0,111,"Q2"
"5124",100,10.889901184,92,-3.57666746350701,-3.7601069634023,-3.47074844462327,-3.57666746350701,1,1,1,1,111,"Q2"
"5125",100,10.140297295,95,-3.60685176643277,-3.61655879253431,-3.47074844462327,-3.28758971741625,0,0,1,0,111,"Q3"
"5126",100,8.28601746839997,96,-3.28758971741625,-3.69514906712753,-3.47074844462327,-3.40267294076424,1,1,0,0,111,"Q3"
"5127",100,8.72323127479999,97,-3.28758971741625,-3.66418684152356,-3.42563729818287,-3.47074844462327,0,0,1,0,111,"Q3"
"5128",100,8.48961642359998,98,-3.28758971741625,-4.07270538711862,-3.20138058057315,-3.47074844462327,0,1,1,0,111,"Q3"
"5129",100,8.48961642359998,99,-3.28758971741625,-4.16893341921317,-3.37498153953126,-3.47074844462327,1,0,1,0,107.2,"Q3"
"5130",100,8.51559191000002,100,-3.28758971741625,-3.88125134676139,-3.28758971741625,-3.52230625428812,0,0,0,0,107.2,"Q3"
"5131",100,9.4867592521,101,-3.65236097331948,-3.7601069634023,-3.25090930437426,-3.37498153953126,1,0,0,0,107.2,"Q3"
"5132",100,8.62479120200004,103,-3.32941318953793,-3.82957933621707,-3.10457105358814,-3.47284476861702,0,0,1,0,107.2,"Q3"
"5133",100,8.9871968207,104,-3.38563877396089,-3.82957933621707,-3.47074844462327,-3.47074844462327,0,1,1,0,107.4,"Q3"
"5134",100,10.7056684939999,105,-3.47074844462327,-3.73361534795533,-3.10457105358814,-3.56210534710666,0,0,1,1,107.4,"Q3"
"5135",100,8.9710674387,106,-3.49520610672622,-3.69514906712753,-3.13540169050976,-3.63415455442469,1,1,1,0,107.4,"Q3"
"5136",100,9.52017524910003,107,-3.55452225805895,-3.69514906712753,-3.10457105358814,-3.59337872155685,0,0,1,0,107.4,"Q3"
"5137",100,9.86931010069997,108,-3.57666746350701,-3.72710066693413,-3.47074844462327,-3.46074836128869,0,1,0,0,116,"Q4"
"5138",100,9.55704578489998,109,-3.51617093822847,-3.7601069634023,-3.10457105358814,-3.43133447608239,1,0,0,0,116,"Q4"
"5139",100,8.6697425899,111,-3.32650353088312,-3.47074844462327,-3.20722520764823,-3.47074844462327,0,1,1,0,116,"Q4"
"5140",100,10.661673129,112,-3.7601069634023,-3.52761130651781,-3.10457105358814,-3.47074844462327,0,0,0,0,116,"Q4"
"5141",100,8.3635757028,113,-3.30356717973707,-3.63415455442469,-3.10457105358814,-3.48084954060977,1,0,0,0,127.3,"Q4"
"5142",100,9.24028744829999,114,-3.40509490916437,-3.60499797013323,-3.10457105358814,-3.47074844462327,0,0,1,0,127.3,"Q4"
"5143",100,9.62694322449997,115,-3.47074844462327,-3.47074844462327,-3.47074844462327,-3.79423996977176,0,1,1,0,127.3,"Q4"
"5144",100,9.36288977040002,116,-3.47074844462327,-3.75341797525151,-3.2111198280237,-3.74017274850149,1,0,0,0,127.3,"Q4"
"5145",100,9.02641753380003,117,-3.43840682804912,-3.69514906712753,-3.10457105358814,-3.66418684152356,0,0,0,0,131.5,"Q4"
"5146",100,7.89655270159997,118,-3.28758971741625,-3.69514906712753,-3.10457105358814,-3.55594315702364,1,0,0,0,131.5,"Q4"
"5147",100,8.46294817659997,119,-3.3749798474779,-3.68887945411394,-3.10457105358814,-3.67525550698227,0,0,1,0,131.5,"Q4"
"5148",100,10.427979367,120,-3.47074844462327,-3.63415455442469,-3.28758971741625,-3.65984618800057,1,0,1,1,131.5,"Q4"
"5149",100,8.42156296040003,122,-3.44493538924397,-3.6223897128451,-3.33033126579352,-3.7601069634023,0,1,1,0,135.1,"Q1"
"5150",100,8.55333223800003,125,-3.22470306530272,-3.90424086498609,-2.99886216656292,-3.63032763884215,0,0,0,0,135.1,"Q1"
"5151",100,8.37839078850004,126,-3.33371950279721,-3.87370414112601,-2.99886216656292,-3.7601069634023,0,0,1,0,134.7,"Q1"
"5152",100,9.0861367685,127,-3.47074844462327,-3.56555623808194,-3.47074844462327,-4.16893341921317,0,1,0,0,134.7,"Q1"
"5153",100,8.85023096560004,129,-3.44005420839013,-3.72062815242852,-3.47074844462327,-3.61076167484998,0,1,1,0,134.7,"Q1"
"5154",100,8.95467362900003,130,-3.35311181423415,-3.82957933621707,-3.57666746350701,-3.64605945693101,1,0,0,0,134.7,"Q1"
"5155",100,9.9488432543,131,-3.47074844462327,-3.78731952692719,-3.57666746350701,-3.69514906712753,0,0,1,1,134.7,"Q1"
"5156",100,9.31793838260002,132,-3.4058367951168,-3.69514906712753,-3.53113566125571,-3.74017274850149,0,1,0,0,134.7,"Q1"
"5157",100,8.68067166040002,133,-3.36817224942982,-3.67645693411538,-3.15477944599237,-3.90424086498609,0,0,1,0,134.7,"Q1"
"5158",100,10.463331886,134,-3.47074844462327,-3.52230625428812,-3.24259235148552,-3.81529337896959,0,1,1,1,134.3,"Q2"
"5159",100,8.47637119690002,136,-3.18055696056606,-3.90424086498609,-3.07707791300794,-3.61655879253431,1,0,0,0,134.3,"Q2"
"5160",100,10.719913749,137,-3.47074844462327,-3.78731952692719,-3.18055696056606,-3.57666746350701,0,0,1,1,134.3,"Q2"
"5161",100,8.3635757028,138,-3.18055696056606,-3.52230625428812,-3.35240721749272,-3.57666746350701,0,1,1,0,134.3,"Q2"
"5162",100,8.39298958799997,139,-3.18055696056606,-3.51177984130113,-3.09762658123533,-3.57666746350701,0,1,1,0,126.2,"Q2"
"5163",100,8.52833093580003,140,-3.18055696056606,-3.47074844462327,-3.09073000217627,-3.57666746350701,0,0,0,0,126.2,"Q2"
"5164",100,10.033813814,141,-3.47074844462327,-3.63415455442469,-3.06360969595708,-3.57666746350701,0,0,1,1,126.2,"Q2"
"5165",100,8.18423477410002,142,-3.17740482339852,-3.63415455442469,-3.09762658123533,-3.57666746350701,0,0,1,0,126.2,"Q2"
"5166",100,8.14786712990004,143,-3.16934188974592,-3.61655879253431,-3.24660037288306,-3.57666746350701,0,1,1,0,118.5,"Q2"
"5167",100,8.48961642359998,144,-3.16934188974592,-3.47074844462327,-3.37282902169651,-3.57666746350701,0,0,0,0,118.5,"Q2"
"5168",100,8.55333223800003,145,-3.16934188974592,-3.47074844462327,-3.47074844462327,-3.57666746350701,0,1,1,0,118.5,"Q2"
"5169",100,8.16621626860002,146,-3.26827397407308,-3.47074844462327,-3.10579180788291,-3.57666746350701,0,1,1,0,118.5,"Q2"
"5170",100,10.3913311,147,-3.46888961291987,-3.66418684152356,-3.16934188974592,-3.57666746350701,0,0,1,1,115.5,"Q3"
"5171",100,8.65869275369998,149,-3.16934188974592,-3.53830659563456,-3.09193975301127,-3.57666746350701,0,0,0,0,115.5,"Q3"
"5172",100,10.802672817,150,-3.33033126579352,-3.6400892899445,-3.1328414875264,-3.57666746350701,0,1,1,1,115.5,"Q3"
"5173",100,8.30201780980003,151,-3.17336145358777,-3.7601069634023,-3.07707791300794,-3.59356927430961,1,0,0,0,115.5,"Q3"
"5174",100,11.304079218,153,-3.47074844462327,-3.51177984130113,-3.06484173326566,-3.57666746350701,0,0,1,1,114.5,"Q3"
"5175",100,10.36545901,154,-3.51451057620914,-3.8082262117465,-3.1328414875264,-3.57666746350701,0,1,1,1,114.5,"Q3"
"5176",100,9.81137226360003,156,-3.60308062963573,-3.48593861011725,-3.24660037288306,-3.47074844462327,0,1,1,0,112.5,"Q3"
"5177",100,10.709963418,157,-3.55258616055158,-3.49619511028444,-3.19188478008819,-3.36137588747548,0,0,1,1,112.5,"Q3"
"5178",100,8.69148257649997,158,-3.19765217339157,-3.61655879253431,-3.13643215565713,-3.69514906712753,0,0,1,0,112.5,"Q3"
"5179",100,8.3635757028,159,-3.25466493271979,-3.7601069634023,-3.13643215565713,-3.67645693411538,0,1,0,0,112.5,"Q3"
"5180",100,10.800065253,160,-3.37498153953126,-3.61076167484998,-3.13643215565713,-3.4121951358717,0,0,1,1,106.5,"Q4"
"5181",101,8.30201780980003,42,-3.06360969595708,-3.24660037288306,-3.01148063052213,-3.52230625428812,0,0,1,0,160,"Q2"
"5182",101,8.69148257649997,43,-3.06360969595708,-3.24660037288306,-3.01148063052213,-3.47074844462327,0,0,1,0,160.4,"Q3"
"5183",101,10.455992403,44,-3.20722520764823,-3.24660037288306,-3.01148063052213,-3.25062452318278,0,0,1,1,160.4,"Q3"
"5184",101,8.26975694750001,45,-3.06360969595708,-3.24660037288306,-3.01148063052213,-3.28758971741625,0,0,0,0,160.4,"Q3"
"5185",101,8.73359406190002,46,-3.06360969595708,-3.24660037288306,-3.09762658123533,-3.57666746350701,0,1,1,0,160.4,"Q3"
"5186",101,10.083138881,47,-3.28758971741625,-3.42171901738295,-3.09762658123533,-3.25062452318278,1,0,1,1,160.8,"Q3"
"5187",101,8.25322764560004,48,-3.06360969595708,-3.42171901738295,-3.01148063052213,-3.28758971741625,0,0,1,0,160.8,"Q3"
"5188",101,8.28601746839997,50,-3.06360969595708,-3.42171901738295,-3.1328414875264,-3.47074844462327,0,1,1,0,160.8,"Q3"
"5189",101,8.48961642359998,51,-3.06360969595708,-3.52230625428812,-3.1328414875264,-3.33033126579352,1,0,1,0,160.8,"Q3"
"5190",101,8.5656023306,52,-3.06360969595708,-3.52230625428812,-3.1328414875264,-3.47074844462327,0,0,1,0,150.9,"Q3"
"5191",101,10.324300938,53,-3.37498153953126,-3.52230625428812,-3.01148063052213,-3.47074844462327,0,0,1,1,150.9,"Q3"
"5192",101,8.23642052730002,54,-3.06360969595708,-3.57666746350701,-3.01148063052213,-3.47074844462327,0,0,1,0,150.9,"Q3"
"5193",101,8.58969988220001,55,-3.06360969595708,-3.57666746350701,-3.01148063052213,-3.47074844462327,1,0,0,0,150.9,"Q3"
"5194",101,9.31217467790004,56,-3.06360969595708,-3.57666746350701,-3.06360969595708,-3.47074844462327,0,1,1,0,147.2,"Q4"
"5195",101,10.673595774,57,-3.47074844462327,-3.24660037288306,-3.06360969595708,-3.47074844462327,0,0,1,1,147.2,"Q4"
"5196",101,8.81284343350004,58,-3.15081068892815,-3.94377170374273,-3.06360969595708,-3.47074844462327,1,1,0,0,147.2,"Q4"
"5197",101,8.44934252449998,59,-3.06360969595708,-3.69514906712753,-3.06360969595708,-3.47074844462327,0,0,1,0,147.2,"Q4"
"5198",101,10.565763069,60,-3.47074844462327,-3.69514906712753,-3.06360969595708,-3.47074844462327,1,0,1,1,120.9,"Q4"
"5199",101,8.3635757028,61,-3.06360969595708,-3.90424086498609,-3.06360969595708,-3.47074844462327,0,1,1,0,120.9,"Q4"
"5200",101,10.770924118,62,-3.47074844462327,-4.16893341921317,-3.06360969595708,-3.2188758248682,0,0,1,1,120.9,"Q4"
"5201",101,9.21512888869999,63,-3.47074844462327,-3.69514906712753,-3.06360969595708,-3.33033126579352,1,0,0,0,120.9,"Q4"
"5202",101,9.52017524910003,64,-3.06360969595708,-3.24660037288306,-3.06360969595708,-3.47074844462327,1,0,1,0,120.9,"Q4"
"5203",101,9.52017524910003,69,-3.47074844462327,-3.37498153953126,-3.52230625428812,-3.47074844462327,0,1,1,0,114.4,"Q1"
"5204",101,8.62479120200004,70,-3.2587217334154,-4.16893341921317,-3.20722520764823,-3.30022146432215,1,0,1,0,114.4,"Q1"
"5205",101,8.77400360019999,71,-3.2587217334154,-3.37498153953126,-3.20722520764823,-3.63415455442469,0,0,1,0,114.4,"Q1"
"5206",101,10.607772478,72,-3.47074844462327,-3.37498153953126,-3.01148063052213,-3.63415455442469,0,0,1,1,114.4,"Q1"
"5207",101,8.79361207160002,73,-3.2587217334154,-3.7601069634023,-3.01148063052213,-3.47074844462327,1,0,0,0,114.4,"Q1"
"5208",101,8.71275997499997,74,-3.27925633585711,-3.7601069634023,-3.24660037288306,-3.47074844462327,0,0,1,0,114.4,"Q1"
"5209",101,8.52833093580003,75,-3.27925633585711,-3.37498153953126,-3.16934188974592,-3.7601069634023,0,0,1,0,114.4,"Q1"
"5210",101,9.03408040660004,76,-3.27925633585711,-3.37498153953126,-3.01148063052213,-3.7601069634023,0,0,1,0,114.4,"Q1"
"5211",101,9.87261588890002,77,-3.47074844462327,-3.47074844462327,-3.01148063052213,-3.37498153953126,1,0,1,1,114.4,"Q1"
"5212",101,8.58969988220001,78,-3.2587217334154,-4.07270538711862,-3.01148063052213,-3.37498153953126,1,0,0,0,111.7,"Q1"
"5213",101,9.6601412939,79,-3.2587217334154,-3.37498153953126,-3.01148063052213,-3.57666746350701,0,0,1,0,111.7,"Q1"
"5214",101,11.386545582,80,-3.63415455442469,-3.37498153953126,-3.01148063052213,-3.37498153953126,0,0,1,1,111.7,"Q1"
"5215",101,10.21332243,81,-3.63415455442469,-3.69514906712753,-3.63415455442469,-3.37498153953126,1,1,0,0,111.7,"Q1"
"5216",101,8.91247327449998,83,-3.42171901738295,-3.69514906712753,-3.47074844462327,-4.03666545063542,0,1,0,0,111.7,"Q2"
"5217",101,8.90381521169997,84,-3.42171901738295,-4.16893341921317,-3.01148063052213,-3.57666746350701,1,0,0,0,111.7,"Q2"
"5218",101,8.76405326930003,85,-3.42171901738295,-3.37498153953126,-3.47074844462327,-3.57666746350701,1,1,0,0,111.7,"Q2"
"5219",101,8.73359406190002,88,-3.34351827007548,-3.37498153953126,-3.33033126579352,-3.7601069634023,0,1,1,0,111,"Q2"
"5220",101,8.70217786560003,89,-3.34351827007548,-3.69514906712753,-3.01148063052213,-3.7601069634023,1,0,0,0,111,"Q2"
"5221",101,8.51559191000002,90,-3.34351827007548,-3.69514906712753,-3.01148063052213,-4.03666545063542,0,0,1,0,111,"Q2"
"5222",101,8.3635757028,91,-3.34351827007548,-3.42171901738295,-3.47074844462327,-3.34351827007548,0,0,1,0,111,"Q2"
"5223",101,10.125029822,92,-3.63415455442469,-3.81529337896959,-3.47074844462327,-3.63415455442469,1,1,1,1,111,"Q2"
"5224",101,9.50599061410004,93,-3.51781353838664,-4.04555439805267,-3.06360969595708,-3.90424086498609,0,1,0,0,111,"Q2"
"5225",101,10.736744441,94,-3.63415455442469,-3.52230625428812,-3.24770555911941,-3.34351827007548,0,0,1,1,111,"Q2"
"5226",101,8.18423477410002,96,-3.34351827007548,-3.69514906712753,-3.47074844462327,-3.42240277721784,1,1,0,0,111,"Q3"
"5227",101,8.5656023306,97,-3.34351827007548,-3.6826489043633,-3.41591575952664,-3.47074844462327,0,0,1,0,111,"Q3"
"5228",101,7.94307271730001,98,-3.34351827007548,-3.86621346939685,-3.17796633417585,-3.47074844462327,0,1,1,0,111,"Q3"
"5229",101,8.05070338149999,99,-3.34351827007548,-4.16893341921317,-3.37498153953126,-3.47074844462327,1,0,1,0,107.2,"Q3"
"5230",101,8.40737832540001,100,-3.34351827007548,-3.91986618288917,-3.29548949944308,-3.52230625428812,0,0,0,0,107.2,"Q3"
"5231",101,9.5525106297,101,-3.69385910401611,-3.7601069634023,-3.2552680956386,-3.37498153953126,1,0,0,0,107.2,"Q3"
"5232",101,8.25322764560004,103,-3.34351827007548,-3.82957933621707,-3.14728217168119,-3.47074844462327,0,0,1,0,107.2,"Q3"
"5233",101,8.77400360019999,104,-3.41804195525625,-3.82957933621707,-3.47074844462327,-3.47074844462327,0,1,1,0,107.4,"Q3"
"5234",101,10.179906433,105,-3.47074844462327,-3.79423996977176,-3.14728217168119,-3.55474085487667,0,0,1,1,107.4,"Q3"
"5235",101,9.36836923619997,106,-3.49569006340909,-3.69514906712753,-3.15283928803537,-3.63415455442469,1,1,1,0,107.4,"Q3"
"5236",101,9.00307016980004,107,-3.5517994353177,-3.69514906712753,-3.14728217168119,-3.60415477629581,0,0,1,0,107.4,"Q3"
"5237",101,9.3350328159,108,-3.57666746350701,-3.72710066693413,-3.47074844462327,-3.46074836128869,0,1,0,0,116,"Q4"
"5238",101,8.95467362900003,109,-3.53065118012767,-3.7601069634023,-3.14728217168119,-3.43617710055818,1,0,0,0,116,"Q4"
"5239",101,8.5656023306,111,-3.34656720929964,-3.52230625428812,-3.20722520764823,-3.47074844462327,0,1,1,0,116,"Q4"
"5240",101,8.31776616669999,113,-3.34351827007548,-3.63415455442469,-3.14728217168119,-3.48084954060977,1,0,0,0,127.3,"Q4"
"5241",101,8.74385056200001,114,-3.40537026604644,-3.59926729542425,-3.14728217168119,-3.47367838174531,0,0,1,0,127.3,"Q4"
"5242",101,9.07886400919999,115,-3.47074844462327,-3.52230625428812,-3.47074844462327,-3.86621346939685,0,1,1,0,127.3,"Q4"
"5243",101,8.95467362900003,116,-3.47074844462327,-3.75341797525151,-3.14746235605888,-3.86621346939685,1,0,0,0,127.3,"Q4"
"5244",101,8.88627090209996,117,-3.44515667674228,-3.69514906712753,-3.14728217168119,-3.61655879253431,0,0,0,0,131.5,"Q4"
"5245",101,8.26975694750001,118,-3.34351827007548,-3.69514906712753,-3.14728217168119,-3.58748223434783,1,0,0,0,131.5,"Q4"
"5246",101,8.16621626860002,119,-3.38588484327414,-3.6826489043633,-3.14728217168119,-3.63415455442469,0,0,1,0,131.5,"Q4"
"5247",101,9.41637845540003,120,-3.47074844462327,-3.63415455442469,-3.28758971741625,-3.66481929123382,1,0,1,1,131.5,"Q4"
"5248",101,9.65605130869996,121,-3.47074844462327,-3.63415455442469,-3.30173532828024,-3.59128095269757,0,0,0,0,135.1,"Q1"
"5249",101,8.52833093580003,122,-3.40974682320911,-3.61076167484998,-3.33033126579352,-3.7601069634023,0,1,1,0,135.1,"Q1"
"5250",101,9.3573801146,124,-3.24660037288306,-3.74017274850149,-3.06360969595708,-3.57666746350701,0,0,1,1,135.1,"Q1"
"5251",101,8.91247327449998,125,-3.22921882222977,-3.90424086498609,-3.06360969595708,-3.59525275966713,0,0,0,0,135.1,"Q1"
"5252",101,8.5026885052,126,-3.27400369606769,-3.90424086498609,-3.06360969595708,-3.7601069634023,0,0,1,0,134.7,"Q1"
"5253",101,9.5525106297,127,-3.82823946647379,-3.78044664763943,-3.47074844462327,-4.16893341921317,0,1,0,0,134.7,"Q1"
"5254",101,9.12172771360001,130,-3.32118527476451,-3.82957933621707,-3.57666746350701,-3.64605945693101,1,0,0,0,134.7,"Q1"
"5255",101,9.89222436029996,131,-3.47074844462327,-3.79423996977176,-3.57666746350701,-3.69514906712753,0,0,1,1,134.7,"Q1"
"5256",101,8.91247327449998,132,-3.43307124290606,-3.69514906712753,-3.52880182596878,-3.72710066693413,0,1,0,0,134.7,"Q1"
"5257",101,8.63621989780004,133,-3.3334959593368,-3.65810779544718,-3.14145241147593,-3.90424086498609,0,0,1,0,134.7,"Q1"
"5258",101,9.64368001690004,134,-3.47074844462327,-3.52230625428812,-3.24259235148552,-3.83679958419056,0,1,1,1,134.3,"Q2"
"5259",101,8.28601746839997,136,-3.18055696056606,-3.90424086498609,-3.07707791300794,-3.61655879253431,1,0,0,0,134.3,"Q2"
"5260",101,10.019669307,137,-3.47074844462327,-3.84407234351964,-3.17639548057036,-3.57666746350701,0,0,1,1,134.3,"Q2"
"5261",101,8.72323127479999,138,-3.18055696056606,-3.52230625428812,-3.35240721749272,-3.57666746350701,0,1,1,0,134.3,"Q2"
"5262",101,8.5656023306,139,-3.18055696056606,-3.50655789731998,-3.09762658123533,-3.57666746350701,0,1,1,0,126.2,"Q2"
"5263",101,8.65869275369998,140,-3.18055696056606,-3.47074844462327,-3.09762658123533,-3.57666746350701,0,0,0,0,126.2,"Q2"
"5264",101,10.201515917,141,-3.47074844462327,-3.63415455442469,-3.06360969595708,-3.57666746350701,0,0,1,1,126.2,"Q2"
"5265",101,8.52833093580003,142,-3.18017504974389,-3.63415455442469,-3.09762658123533,-3.57666746350701,0,0,1,0,126.2,"Q2"
"5266",101,8.09070871610001,143,-3.16934188974592,-3.61076167484998,-3.24660037288306,-3.57666746350701,0,1,1,0,118.5,"Q2"
"5267",101,8.46294817659997,144,-3.16934188974592,-3.47074844462327,-3.36151465313903,-3.57666746350701,0,0,0,0,118.5,"Q2"
"5268",101,8.09070871610001,145,-3.16934188974592,-3.47074844462327,-3.47074844462327,-3.57666746350701,0,1,1,0,118.5,"Q2"
"5269",101,8.34853782539999,146,-3.26750040712207,-3.47074844462327,-3.11316868129277,-3.57666746350701,0,1,1,0,118.5,"Q2"
"5270",101,9.6803440012,147,-3.47030430608147,-3.61655879253431,-3.16934188974592,-3.57666746350701,0,0,1,1,115.5,"Q3"
"5271",101,8.5777236912,149,-3.16934188974592,-4.07270538711862,-3.0868922929998,-3.57666746350701,0,0,0,0,115.5,"Q3"
"5272",101,10.022514259,150,-3.33033126579352,-3.63415455442469,-3.1328414875264,-3.57666746350701,0,1,1,1,115.5,"Q3"
"5273",101,8.64751945309997,151,-3.32711940645834,-3.7601069634023,-3.08537243513576,-3.58790353677393,1,0,0,0,115.5,"Q3"
"5274",101,10.746433098,153,-3.47074844462327,-3.50136308044288,-3.06360969595708,-3.57666746350701,0,0,1,1,114.5,"Q3"
"5275",101,10.338899737,154,-3.48667247279799,-3.95186891397535,-3.1328414875264,-3.57666746350701,0,1,1,1,114.5,"Q3"
"5276",101,9.4818930625,155,-3.63415455442469,-4.08192204222354,-3.1395926948315,-3.57666746350701,0,1,1,0,114.5,"Q3"
"5277",101,9.44715011409995,156,-3.60672845230133,-3.47074844462327,-3.24660037288306,-3.57666746350701,0,1,1,0,112.5,"Q3"
"5278",101,9.90188627120002,157,-3.47074844462327,-3.47074844462327,-3.20485274200959,-3.57666746350701,0,0,1,1,112.5,"Q3"
"5279",101,8.25322764560004,158,-3.19515270891713,-3.61076167484998,-3.06360969595708,-3.80199973681827,0,0,1,0,112.5,"Q3"
"5280",101,8.18423477410002,159,-3.25321163202604,-3.7601069634023,-3.1328414875264,-4.07797277824997,0,1,0,0,112.5,"Q3"
"5281",101,10.746433098,160,-3.37498153953126,-3.57666746350701,-3.09228285093341,-3.57666746350701,0,0,1,1,106.5,"Q4"
"5282",102,8.73359406190002,42,-3.19570876558667,-3.33033126579352,-3.01148063052213,-3.52230625428812,0,0,1,0,160,"Q2"
"5283",102,8.95467362900003,43,-3.19570876558667,-3.33033126579352,-3.01148063052213,-3.47074844462327,0,0,1,0,160.4,"Q3"
"5284",102,8.43554920239998,45,-3.19570876558667,-3.33033126579352,-3.0209576304274,-3.37498153953126,0,0,0,0,160.4,"Q3"
"5285",102,10.290109573,47,-3.28758971741625,-3.42171901738295,-3.09762658123533,-3.37498153953126,1,0,1,1,160.8,"Q3"
"5286",102,8.42156296040003,48,-3.19570876558667,-3.42171901738295,-3.02183274260936,-3.37498153953126,0,0,1,0,160.8,"Q3"
"5287",102,8.26975694750001,50,-3.19570876558667,-3.42171901738295,-3.1328414875264,-3.47074844462327,0,1,1,0,160.8,"Q3"
"5288",102,8.81284343350004,52,-3.19570876558667,-3.52230625428812,-3.1328414875264,-3.47074844462327,0,0,1,0,150.9,"Q3"
"5289",102,10.6419904350001,53,-3.37498153953126,-3.52230625428812,-3.01958708045158,-3.47074844462327,0,0,1,1,150.9,"Q3"
"5290",102,8.63621989780004,54,-3.19570876558667,-3.57666746350701,-3.0209576304274,-3.42171901738295,0,0,1,0,150.9,"Q3"
"5291",102,9.30054663989996,56,-3.19570876558667,-3.57666746350701,-3.02008481012677,-3.47074844462327,0,1,1,0,147.2,"Q4"
"5292",102,10.77895629,57,-3.47074844462327,-3.33033126579352,-3.04702556794154,-3.47074844462327,0,0,1,1,147.2,"Q4"
"5293",102,8.8032739825,58,-3.27168417426694,-4.02785482095327,-3.06360969595708,-3.47074844462327,1,1,0,0,147.2,"Q4"
"5294",102,8.54090971799997,59,-3.19570876558667,-3.69514906712753,-3.06360969595708,-3.47074844462327,0,0,1,0,147.2,"Q4"
"5295",102,11.051524725,60,-3.47074844462327,-3.69514906712753,-3.06360969595708,-3.47074844462327,1,0,1,1,120.9,"Q4"
"5296",102,8.60153433980004,61,-3.19570876558667,-3.90424086498609,-3.06360969595708,-3.47074844462327,0,1,1,0,120.9,"Q4"
"5297",102,11.419405681,62,-3.47074844462327,-4.16893341921317,-3.06360969595708,-3.37498153953126,0,0,1,1,120.9,"Q4"
"5298",102,9.74613174179998,63,-3.47074844462327,-3.69514906712753,-3.06360969595708,-3.3841559158073,1,0,0,0,120.9,"Q4"
"5299",102,9.93032420650002,64,-3.19570876558667,-3.33033126579352,-3.06360969595708,-3.47074844462327,1,0,1,0,120.9,"Q4"
"5300",102,9.04168500589999,70,-3.3841559158073,-4.16893341921317,-3.20722520764823,-3.3841559158073,1,0,1,0,114.4,"Q1"
"5301",102,8.94637482609996,71,-3.3841559158073,-3.52230625428812,-3.20722520764823,-3.63415455442469,0,0,1,0,114.4,"Q1"
"5302",102,11.079554588,72,-3.47074844462327,-3.52230625428812,-3.06360969595708,-3.63415455442469,0,0,1,1,114.4,"Q1"
"5303",102,9.17616292019996,73,-3.3841559158073,-3.7601069634023,-3.06360969595708,-3.47074844462327,1,0,0,0,114.4,"Q1"
"5304",102,9.3350328159,74,-3.40746699467575,-3.7601069634023,-3.24660037288306,-3.47074844462327,0,0,1,0,114.4,"Q1"
"5305",102,8.76405326930003,75,-3.40746699467575,-3.52230625428812,-3.16934188974592,-3.7601069634023,0,0,1,0,114.4,"Q1"
"5306",102,10.870623478,77,-3.47074844462327,-3.52230625428812,-3.06360969595708,-3.3841559158073,1,0,1,1,114.4,"Q1"
"5307",102,8.78385589659998,78,-3.3841559158073,-4.22075848707776,-3.06360969595708,-3.3841559158073,1,0,0,0,111.7,"Q1"
"5308",102,9.19583568579999,83,-3.47074844462327,-3.69514906712753,-3.47074844462327,-4.16893341921317,0,1,0,0,111.7,"Q2"
"5309",102,9.17616292019996,84,-3.47074844462327,-4.16893341921317,-3.06360969595708,-3.57666746350701,1,0,0,0,111.7,"Q2"
"5310",102,8.9710674387,85,-3.47074844462327,-3.52230625428812,-3.47074844462327,-3.57666746350701,1,1,0,0,111.7,"Q2"
"5311",102,10.241101994,86,-3.47074844462327,-3.52230625428812,-3.47074844462327,-3.7601069634023,0,1,0,0,111,"Q2"
"5312",102,12.158226036,87,-3.82957933621707,-3.52230625428812,-3.20722520764823,-3.7601069634023,0,0,1,1,111,"Q2"
"5313",102,9.3462688892,88,-3.47074844462327,-3.52230625428812,-3.33033126579352,-3.7601069634023,0,1,1,0,111,"Q2"
"5314",102,9.17616292019996,89,-3.47074844462327,-3.69514906712753,-3.06360969595708,-3.7601069634023,1,0,0,0,111,"Q2"
"5315",102,9.54795481319998,90,-3.47074844462327,-3.69514906712753,-3.06360969595708,-4.16893341921317,0,0,1,0,111,"Q2"
"5316",102,9.16282938930003,91,-3.47074844462327,-3.63415455442469,-3.47074844462327,-3.47074844462327,0,0,1,0,111,"Q2"
"5317",102,10.514990744,92,-3.7601069634023,-3.92777136239629,-3.47074844462327,-3.7601069634023,1,1,1,1,111,"Q2"
"5318",102,11.344270099,94,-3.63415455442469,-3.78044664763943,-3.38201503493549,-3.47686943681777,0,0,1,1,111,"Q2"
"5319",102,9.04923221160001,95,-3.58762619851258,-3.79423996977176,-3.47074844462327,-3.47074844462327,0,0,1,0,111,"Q3"
"5320",102,9.31217467790004,97,-3.47074844462327,-3.6826489043633,-3.41977639258229,-3.49105371078402,0,0,1,0,111,"Q3"
"5321",102,8.90381521169997,98,-3.47074844462327,-3.78044664763943,-3.55940829459133,-3.51177984130113,0,1,1,0,111,"Q3"
"5322",102,9.12869638290002,99,-3.47074844462327,-4.16893341921317,-3.37498153953126,-3.50136308044288,1,0,1,0,107.2,"Q3"
"5323",102,8.7540029335,100,-3.47074844462327,-3.96826272375102,-3.28758971741625,-3.52230625428812,0,0,0,0,107.2,"Q3"
"5324",102,11.65275697,102,-3.90424086498609,-3.81529337896959,-3.14728217168119,-3.47074844462327,0,0,1,1,107.2,"Q3"
"5325",102,8.86841328469997,103,-3.47074844462327,-3.83679958419056,-3.14728217168119,-3.47074844462327,0,0,1,0,107.2,"Q3"
"5326",102,9.01091334729999,104,-3.47074844462327,-3.82957933621707,-3.47074844462327,-3.47074844462327,0,1,1,0,107.4,"Q3"
"5327",102,10.367473109,105,-3.47074844462327,-3.78731952692719,-3.15747427670192,-3.57454806810791,0,0,1,1,107.4,"Q3"
"5328",102,9.37923890839995,106,-3.49229276322075,-3.69514906712753,-3.20061464234076,-3.63415455442469,1,1,1,0,107.4,"Q3"
"5329",102,9.55704578489998,107,-3.54702623910496,-3.69514906712753,-3.14728217168119,-3.59722962340299,0,0,1,0,107.4,"Q3"
"5330",102,9.73483218649999,108,-3.57666746350701,-3.72062815242852,-3.47074844462327,-3.51702919718728,0,1,0,0,116,"Q4"
"5331",102,9.32936707840001,109,-3.55252279880528,-3.7601069634023,-3.35406275284973,-3.50136308044288,1,0,0,0,116,"Q4"
"5332",102,9.78650419709995,111,-3.47772849047243,-3.63415455442469,-3.20722520764823,-3.52230625428812,0,1,1,0,116,"Q4"
"5333",102,9.24647941859996,113,-3.47074844462327,-3.63415455442469,-3.14728217168119,-3.48084954060977,1,0,0,0,127.3,"Q4"
"5334",102,9.09335701649998,114,-3.49107566794815,-3.63415455442469,-3.14728217168119,-3.48593861011725,0,0,1,0,127.3,"Q4"
"5335",102,9.45218790810001,115,-3.47074844462327,-3.63415455442469,-3.47074844462327,-3.7601069634023,0,1,1,0,127.3,"Q4"
"5336",102,9.07886400919999,116,-3.47074844462327,-3.75341797525151,-3.20524221877746,-3.90424086498609,1,0,0,0,127.3,"Q4"
"5337",102,9.19583568579999,117,-3.47074844462327,-3.69514906712753,-3.14728217168119,-3.74017274850149,0,0,0,0,131.5,"Q4"
"5338",102,9.01091334729999,118,-3.47074844462327,-3.69514906712753,-3.14728217168119,-3.54980083732645,1,0,0,0,131.5,"Q4"
"5339",102,9.12869638290002,119,-3.47074844462327,-3.67645693411538,-3.15000875962786,-3.63415455442469,0,0,1,0,131.5,"Q4"
"5340",102,10.565763069,120,-3.47074844462327,-3.63415455442469,-3.28758971741625,-3.61680055943199,1,0,1,1,131.5,"Q4"
"5341",102,9.81836529910001,121,-3.47074844462327,-3.63415455442469,-3.3058512943207,-3.66551828750451,0,0,0,0,135.1,"Q1"
"5342",102,8.7540029335,122,-3.41608896291031,-3.63415455442469,-3.33033126579352,-3.7601069634023,0,1,1,0,135.1,"Q1"
"5343",102,9.77565418099996,123,-3.24660037288306,-3.63415455442469,-3.23745944056102,-3.75250862883232,0,0,1,1,135.1,"Q1"
"5344",102,9.00307016980004,125,-3.26265865928955,-3.90424086498609,-3.15092516295969,-3.60806618309291,0,0,0,0,135.1,"Q1"
"5345",102,8.71275997499997,126,-3.37097536638529,-3.85139838361171,-3.15092516295969,-3.7601069634023,0,0,1,0,134.7,"Q1"
"5346",102,9.0861367685,127,-3.47074844462327,-3.63415455442469,-3.47074844462327,-4.16893341921317,0,1,0,0,134.7,"Q1"
"5347",102,9.79009486520004,129,-3.43809853523498,-3.73361534795533,-3.47074844462327,-3.59926729542425,0,1,1,0,134.7,"Q1"
"5348",102,9.10764297370002,130,-3.39927621428657,-3.82957933621707,-3.49795385844992,-3.66418684152356,1,0,0,0,134.7,"Q1"
"5349",102,10.437404508,131,-3.47074844462327,-3.77362068256903,-3.57666746350701,-3.69514906712753,0,0,1,1,134.7,"Q1"
"5350",102,9.93962659920004,132,-3.44652384671915,-3.69514906712753,-3.37480683187116,-3.86621346939685,0,1,0,0,134.7,"Q1"
"5351",102,9.0861367685,133,-3.40108921451243,-3.67645693411538,-3.15117479878766,-3.90424086498609,0,0,1,0,134.7,"Q1"
"5352",102,10.45783233,134,-3.47074844462327,-3.63415455442469,-3.24259235148552,-3.73361534795533,0,1,1,1,134.3,"Q2"
"5353",102,9.82530977149998,135,-3.43328564213757,-3.82957933621707,-3.22087582102786,-3.63415455442469,0,0,0,0,134.3,"Q2"
"5354",102,8.79361207160002,136,-3.28758971741625,-3.90424086498609,-3.18432344336154,-3.61076167484998,1,0,0,0,134.3,"Q2"
"5355",102,10.942208284,137,-3.57666746350701,-3.84407234351964,-3.25147268664271,-3.57666746350701,0,0,1,1,134.3,"Q2"
"5356",102,8.25322764560004,138,-3.28758971741625,-3.63415455442469,-3.3887748616636,-3.57666746350701,0,1,1,0,134.3,"Q2"
"5357",102,8.82232217749998,139,-3.28758971741625,-3.6223897128451,-3.18432344336154,-3.57666746350701,0,1,1,0,126.2,"Q2"
"5358",102,8.87738195470003,140,-3.28758971741625,-3.57666746350701,-3.18432344336154,-3.57666746350701,0,0,0,0,126.2,"Q2"
"5359",102,10.893474743,141,-3.57666746350701,-3.63415455442469,-3.18432344336154,-3.57666746350701,0,0,1,1,126.2,"Q2"
"5360",102,8.88627090209996,142,-3.28030017341208,-3.63415455442469,-3.18432344336154,-3.57666746350701,0,0,1,0,126.2,"Q2"
"5361",102,8.14786712990004,143,-3.24660037288306,-3.6223897128451,-3.24660037288306,-3.57666746350701,0,1,1,0,118.5,"Q2"
"5362",102,8.46294817659997,145,-3.24660037288306,-3.57666746350701,-3.47074844462327,-3.57666746350701,0,1,1,0,118.5,"Q2"
"5363",102,8.5777236912,146,-3.32578814951457,-3.57666746350701,-3.2601824003205,-3.57666746350701,0,1,1,0,118.5,"Q2"
"5364",102,10.114720453,147,-3.4688079735807,-3.58790353677393,-3.44104329020936,-3.57666746350701,0,0,1,1,115.5,"Q3"
"5365",102,10.965712444,150,-3.33033126579352,-3.6400892899445,-3.18432344336154,-3.57666746350701,0,1,1,1,115.5,"Q3"
"5366",102,8.47637119690002,151,-3.25062452318278,-3.7601069634023,-3.18432344336154,-3.58790353677393,1,0,0,0,115.5,"Q3"
"5367",102,11.434747684,153,-3.47074844462327,-3.61655879253431,-3.18432344336154,-3.57666746350701,0,0,1,1,114.5,"Q3"
"5368",102,10.90294227,154,-3.49252497430519,-3.91202300542815,-3.22354107524561,-3.57666746350701,0,1,1,1,114.5,"Q3"
"5369",102,9.69227257209996,156,-3.60593225839865,-3.60499797013323,-3.2587217334154,-3.63415455442469,0,1,1,0,112.5,"Q3"
"5370",102,10.1725982389999,157,-3.47074844462327,-3.65206548099122,-3.2587217334154,-3.57666746350701,0,0,1,1,112.5,"Q3"
"5371",102,9.80785732149999,158,-3.55040500454989,-3.7014582363208,-3.2587217334154,-3.69514906712753,0,0,1,0,112.5,"Q3"
"5372",102,8.68067166040002,159,-3.32986015233075,-3.7601069634023,-3.2587217334154,-3.6826489043633,0,1,0,0,112.5,"Q3"
"5373",102,11.111611728,160,-3.42171901738295,-3.670303068541,-3.2587217334154,-3.57666746350701,0,0,1,1,106.5,"Q4"
"5374",103,8.0709060888,42,-3.19570876558667,-3.33033126579352,-3.01148063052213,-3.52230625428812,0,0,1,0,160,"Q2"
"5375",103,7.84776253750002,43,-3.19570876558667,-3.33033126579352,-3.01148063052213,-3.47074844462327,0,0,1,0,160.4,"Q3"
"5376",103,9.79367268650004,44,-3.20722520764823,-3.33033126579352,-3.0214639948809,-3.37498153953126,0,0,1,1,160.4,"Q3"
"5377",103,7.92008319910002,45,-3.19570876558667,-3.33033126579352,-3.02305411904993,-3.37498153953126,0,0,0,0,160.4,"Q3"
"5378",103,7.76980099600004,46,-3.19570876558667,-3.33033126579352,-3.09762658123533,-3.57666746350701,0,1,1,0,160.4,"Q3"
"5379",103,7.62461898619999,48,-3.19570876558667,-3.42171901738295,-3.02202752318133,-3.37498153953126,0,0,1,0,160.8,"Q3"
"5380",103,7.76980099600004,50,-3.19570876558667,-3.42171901738295,-3.1328414875264,-3.47074844462327,0,1,1,0,160.8,"Q3"
"5381",103,7.92008319910002,52,-3.19570876558667,-3.52230625428812,-3.1328414875264,-3.47074844462327,0,0,1,0,150.9,"Q3"
"5382",103,9.86599334810001,53,-3.37498153953126,-3.52230625428812,-3.02617471416896,-3.47074844462327,0,0,1,1,150.9,"Q3"
"5383",103,7.84776253750002,54,-3.19570876558667,-3.57666746350701,-3.0225637599049,-3.42171901738295,0,0,1,0,150.9,"Q3"
"5384",103,8.30201780980003,55,-3.19570876558667,-3.57666746350701,-3.01989116155068,-3.42171901738295,1,0,0,0,150.9,"Q3"
"5385",103,8.94637482609996,56,-3.19570876558667,-3.57666746350701,-3.02617471416896,-3.47074844462327,0,1,1,0,147.2,"Q4"
"5386",103,10.371489179,57,-3.47074844462327,-3.33033126579352,-3.04702556794154,-3.47074844462327,0,0,1,1,147.2,"Q4"
"5387",103,8.18423477410002,58,-3.25738156647456,-4.02785482095327,-3.06360969595708,-3.47074844462327,1,1,0,0,147.2,"Q4"
"5388",103,7.65539064479997,59,-3.19570876558667,-3.69514906712753,-3.06360969595708,-3.47074844462327,0,0,1,0,147.2,"Q4"
"5389",103,10.088472227,60,-3.47074844462327,-3.69514906712753,-3.06360969595708,-3.47074844462327,1,0,1,1,120.9,"Q4"
"5390",103,8.12917499690002,61,-3.19570876558667,-3.90424086498609,-3.06360969595708,-3.47074844462327,0,1,1,0,120.9,"Q4"
"5391",103,10.410786967,62,-3.47074844462327,-4.16893341921317,-3.06360969595708,-3.37498153953126,0,0,1,1,120.9,"Q4"
"5392",103,9.20230820029997,63,-3.47074844462327,-3.69514906712753,-3.06360969595708,-3.3841559158073,1,0,0,0,120.9,"Q4"
"5393",103,8.91247327449998,64,-3.19570876558667,-3.33033126579352,-3.06360969595708,-3.47074844462327,1,0,1,0,120.9,"Q4"
"5394",103,10.005321858,65,-3.47074844462327,-3.52230625428812,-3.16934188974592,-3.47074844462327,0,0,1,1,117.8,"Q4"
"5395",103,8.48961642359998,68,-3.47074844462327,-3.52230625428812,-3.28758971741625,-3.63415455442469,0,0,1,0,117.8,"Q4"
"5396",103,8.79361207160002,69,-3.47074844462327,-3.52230625428812,-3.52230625428812,-3.47074844462327,0,1,1,0,114.4,"Q1"
"5397",103,7.94307271730001,70,-3.3841559158073,-4.16893341921317,-3.20722520764823,-3.3841559158073,1,0,1,0,114.4,"Q1"
"5398",103,8.14786712990004,71,-3.3841559158073,-3.52230625428812,-3.20722520764823,-3.63415455442469,0,0,1,0,114.4,"Q1"
"5399",103,10.292281126,72,-3.47074844462327,-3.52230625428812,-3.06360969595708,-3.63415455442469,0,0,1,1,114.4,"Q1"
"5400",103,8.44934252449998,73,-3.3841559158073,-3.7601069634023,-3.06360969595708,-3.47074844462327,1,0,0,0,114.4,"Q1"
"5401",103,8.54090971799997,74,-3.40746699467575,-3.7601069634023,-3.24660037288306,-3.47074844462327,0,0,1,0,114.4,"Q1"
"5402",103,8.61323037960001,76,-3.40746699467575,-3.52230625428812,-3.06360969595708,-3.7601069634023,0,0,1,0,114.4,"Q1"
"5403",103,9.71571114510001,77,-3.47074844462327,-3.52230625428812,-3.06360969595708,-3.3841559158073,1,0,1,1,114.4,"Q1"
"5404",103,7.87245515010004,78,-3.3841559158073,-4.22075848707776,-3.06360969595708,-3.3841559158073,1,0,0,0,111.7,"Q1"
"5405",103,9.40063009839998,79,-3.3841559158073,-3.52230625428812,-3.06360969595708,-3.57666746350701,0,0,1,0,111.7,"Q1"
"5406",103,10.9951423609999,80,-3.63415455442469,-3.52230625428812,-3.06360969595708,-3.47074844462327,0,0,1,1,111.7,"Q1"
"5407",103,9.66421461929997,81,-3.63415455442469,-3.69514906712753,-3.7601069634023,-3.47074844462327,1,1,0,0,111.7,"Q1"
"5408",103,8.30201780980003,83,-3.47074844462327,-3.69514906712753,-3.47074844462327,-4.16893341921317,0,1,0,0,111.7,"Q2"
"5409",103,8.23642052730002,84,-3.47074844462327,-4.16893341921317,-3.06360969595708,-3.57666746350701,1,0,0,0,111.7,"Q2"
"5410",103,8.23642052730002,85,-3.47074844462327,-3.52230625428812,-3.47074844462327,-3.57666746350701,1,1,0,0,111.7,"Q2"
"5411",103,9.74987006390004,86,-3.47074844462327,-3.52230625428812,-3.47074844462327,-3.7601069634023,0,1,0,0,111,"Q2"
"5412",103,8.58969988220001,88,-3.47074844462327,-3.52230625428812,-3.33033126579352,-3.7601069634023,0,1,1,0,111,"Q2"
"5413",103,8.51559191000002,89,-3.47074844462327,-3.69514906712753,-3.06360969595708,-3.7601069634023,1,0,0,0,111,"Q2"
"5414",103,8.26975694750001,90,-3.47074844462327,-3.69514906712753,-3.06360969595708,-4.16893341921317,0,0,1,0,111,"Q2"
"5415",103,10.330583681,92,-3.7601069634023,-3.92777136239629,-3.47074844462327,-3.7601069634023,1,1,1,1,111,"Q2"
"5416",103,9.04168500589999,93,-3.5523979438688,-4.06357290355535,-3.06360969595708,-3.90424086498609,0,1,0,0,111,"Q2"
"5417",103,8.30201780980003,96,-3.47074844462327,-3.69514906712753,-3.47074844462327,-3.47074844462327,1,1,0,0,111,"Q3"
"5418",103,8.23642052730002,97,-3.47074844462327,-3.67645693411538,-3.43537864038324,-3.49619511028444,0,0,1,0,111,"Q3"
"5419",103,8.39298958799997,98,-3.47074844462327,-3.8082262117465,-3.22855037527729,-3.51177984130113,0,1,1,0,111,"Q3"
"5420",103,8.3635757028,99,-3.47074844462327,-4.16893341921317,-3.37498153953126,-3.50136308044288,1,0,1,0,107.2,"Q3"
"5421",103,7.87245515010004,100,-3.47074844462327,-4.08192204222354,-3.28758971741625,-3.52230625428812,0,0,0,0,107.2,"Q3"
"5422",103,9.16951837750003,101,-3.75408747718459,-3.7601069634023,-3.28758971741625,-3.47074844462327,1,0,0,0,107.2,"Q3"
"5423",103,8.00903068509998,103,-3.47074844462327,-3.82957933621707,-3.14728217168119,-3.73115699075519,0,0,1,0,107.2,"Q3"
"5424",103,8.40737832540001,104,-3.47074844462327,-3.82957933621707,-3.47074844462327,-3.47074844462327,0,1,1,0,107.4,"Q3"
"5425",103,9.71956471440003,105,-3.47074844462327,-3.79423996977176,-3.14728217168119,-3.5734474608821,0,0,1,1,107.4,"Q3"
"5426",103,8.05070338149999,106,-3.49273369676028,-3.69514906712753,-3.21372953725152,-3.63415455442469,1,1,1,0,107.4,"Q3"
"5427",103,8.8032739825,108,-3.57666746350701,-3.72062815242852,-3.47074844462327,-3.51702919718728,0,1,0,0,116,"Q4"
"5428",103,8.89508153180002,109,-3.54360979578635,-3.7601069634023,-3.14728217168119,-3.50136308044288,1,0,0,0,116,"Q4"
"5429",103,8.31776616669999,111,-3.47074844462327,-3.63415455442469,-3.20722520764823,-3.52230625428812,0,1,1,0,116,"Q4"
"5430",103,8.30201780980003,113,-3.47074844462327,-3.63415455442469,-3.29035821495807,-3.48084954060977,1,0,0,0,127.3,"Q4"
"5431",103,8.33327035329998,114,-3.47074844462327,-3.63415455442469,-3.14728217168119,-3.47900395459957,0,0,1,0,127.3,"Q4"
"5432",103,8.3635757028,115,-3.47074844462327,-3.63415455442469,-3.47074844462327,-3.70780746399946,0,1,1,0,127.3,"Q4"
"5433",103,8.26975694750001,116,-3.47074844462327,-3.75341797525151,-3.22997245284395,-3.81529337896959,1,0,0,0,127.3,"Q4"
"5434",103,8.44934252449998,117,-3.47074844462327,-3.69514906712753,-3.14728217168119,-3.69514906712753,0,0,0,0,131.5,"Q4"
"5435",103,7.9875244798,118,-3.47074844462327,-3.69514906712753,-3.14728217168119,-3.58616440542016,1,0,0,0,131.5,"Q4"
"5436",103,7.87245515010004,119,-3.47074844462327,-3.6826489043633,-3.15308713863776,-3.63415455442469,0,0,1,0,131.5,"Q4"
"5437",103,8.69148257649997,121,-3.47074844462327,-3.63415455442469,-3.30669468232791,-3.6826489043633,0,0,0,0,135.1,"Q1"
"5438",103,7.89655270159997,122,-3.40813485538092,-3.63415455442469,-3.33033126579352,-3.7601069634023,0,1,1,0,135.1,"Q1"
"5439",103,8.93800657649997,124,-3.24660037288306,-3.76684099558365,-3.1328414875264,-3.57666746350701,0,0,1,1,135.1,"Q1"
"5440",103,7.71423114480001,125,-3.26391461948136,-3.90424086498609,-3.15092516295969,-3.6224658645165,0,0,0,0,135.1,"Q1"
"5441",103,7.89655270159997,126,-3.35448001282087,-3.86621346939685,-3.15092516295969,-3.7601069634023,0,0,1,0,134.7,"Q1"
"5442",103,8.23642052730002,127,-3.47074844462327,-3.63415455442469,-3.47074844462327,-4.16893341921317,0,1,0,0,134.7,"Q1"
"5443",103,8.21932609390002,129,-3.41571412861147,-3.77362068256903,-3.47074844462327,-3.74017274850149,0,1,1,0,134.7,"Q1"
"5444",103,9.63952200670001,131,-3.50738286751434,-3.79423996977176,-3.57666746350701,-3.69514906712753,0,0,1,1,134.7,"Q1"
"5445",103,8.84101431049997,132,-3.44310952017351,-3.69514906712753,-3.73641504698715,-3.70780746399946,0,1,0,0,134.7,"Q1"
"5446",103,9.73861290929997,134,-3.47074844462327,-3.63415455442469,-3.24259235148552,-3.85877849090933,0,1,1,1,134.3,"Q2"
"5447",103,8.6697425899,135,-3.41858565016953,-3.80120863908786,-3.20764046605684,-3.63415455442469,0,0,0,0,134.3,"Q2"
"5448",103,8.05070338149999,136,-3.28758971741625,-3.90424086498609,-3.18432344336154,-3.6223897128451,1,0,0,0,134.3,"Q2"
"5449",103,10.114720453,137,-3.57666746350701,-3.86621346939685,-3.26247238629598,-3.57666746350701,0,0,1,1,134.3,"Q2"
"5450",103,7.5928702878,138,-3.28758971741625,-3.63415455442469,-3.3887748616636,-3.57666746350701,0,1,1,0,134.3,"Q2"
"5451",103,8.37839078850004,139,-3.28758971741625,-3.61655879253431,-3.18432344336154,-3.57666746350701,0,1,1,0,126.2,"Q2"
"5452",103,10.088472227,141,-3.57666746350701,-3.63415455442469,-3.18432344336154,-3.57666746350701,0,0,1,1,126.2,"Q2"
"5453",103,8.28601746839997,142,-3.27797083151762,-3.63415455442469,-3.18432344336154,-3.57666746350701,0,0,1,0,126.2,"Q2"
"5454",103,7.94307271730001,143,-3.24660037288306,-3.63415455442469,-3.24660037288306,-3.57666746350701,0,1,1,0,118.5,"Q2"
"5455",103,8.0300840943,144,-3.24660037288306,-3.57666746350701,-3.36781997472633,-3.57666746350701,0,0,0,0,118.5,"Q2"
"5456",103,7.76980099600004,145,-3.24660037288306,-3.57666746350701,-3.47074844462327,-3.57666746350701,0,1,1,0,118.5,"Q2"
"5457",103,7.65539064479997,146,-3.29869498794636,-3.57666746350701,-3.34193365438394,-3.57666746350701,0,1,1,0,118.5,"Q2"
"5458",103,9.19583568579999,147,-3.46817475598591,-3.670303068541,-3.44104329020936,-3.57666746350701,0,0,1,1,115.5,"Q3"
"5459",103,7.84776253750002,149,-3.24660037288306,-3.59926729542425,-3.18432344336154,-3.57666746350701,0,0,0,0,115.5,"Q3"
"5460",103,10.083138881,150,-3.33033126579352,-3.63415455442469,-3.18432344336154,-3.57666746350701,0,1,1,1,115.5,"Q3"
"5461",103,8.12917499690002,151,-3.25305815302688,-3.7601069634023,-3.18432344336154,-3.59926729542425,1,0,0,0,115.5,"Q3"
"5462",103,10.371489179,153,-3.47074844462327,-3.6223897128451,-3.18432344336154,-3.57666746350701,0,0,1,1,114.5,"Q3"
"5463",103,9.71956471440003,154,-3.48424030448356,-3.86621346939685,-3.18432344336154,-3.57666746350701,0,1,1,1,114.5,"Q3"
"5464",103,9.52952111149995,157,-3.47074844462327,-3.50655789731998,-3.21254160098881,-3.50655789731998,0,0,1,1,112.5,"Q3"
"5465",103,7.62461898619999,158,-3.24660037288306,-3.6400892899445,-3.11507903118656,-3.69514906712753,0,0,1,0,112.5,"Q3"
"5466",103,7.92008319910002,159,-3.25994333910929,-3.7601069634023,-3.1328414875264,-3.68887945411394,0,1,0,0,112.5,"Q3"
"5467",103,10.175040243,160,-3.37498153953126,-3.61076167484998,-3.11507903118656,-3.50655789731998,0,0,1,1,106.5,"Q4"
"5468",104,10.184749057,44,-3.20722520764823,-3.24660037288306,-3.01148063052213,-3.25062452318278,0,0,1,1,160.4,"Q3"
"5469",104,8.09070871610001,45,-3.06360969595708,-3.24660037288306,-3.01148063052213,-3.28758971741625,0,0,0,0,160.4,"Q3"
"5470",104,8.62479120200004,46,-3.06360969595708,-3.24660037288306,-3.09762658123533,-3.57666746350701,0,1,1,0,160.4,"Q3"
"5471",104,9.69227257209996,47,-3.28758971741625,-3.42171901738295,-3.09762658123533,-3.25062452318278,1,0,1,1,160.8,"Q3"
"5472",104,7.96554557310002,48,-3.06360969595708,-3.42171901738295,-3.01148063052213,-3.28758971741625,0,0,1,0,160.8,"Q3"
"5473",104,7.76980099600004,50,-3.06360969595708,-3.42171901738295,-3.1328414875264,-3.47074844462327,0,1,1,0,160.8,"Q3"
"5474",104,8.05070338149999,52,-3.06360969595708,-3.52230625428812,-3.1328414875264,-3.47074844462327,0,0,1,0,150.9,"Q3"
"5475",104,9.74613174179998,53,-3.37498153953126,-3.52230625428812,-3.01148063052213,-3.47074844462327,0,0,1,1,150.9,"Q3"
"5476",104,8.0709060888,54,-3.06360969595708,-3.57666746350701,-3.01148063052213,-3.29178259567629,0,0,1,0,150.9,"Q3"
"5477",104,8.09070871610001,55,-3.06360969595708,-3.57666746350701,-3.01148063052213,-3.29178259567629,1,0,0,0,150.9,"Q3"
"5478",104,9.12869638290002,56,-3.06360969595708,-3.57666746350701,-3.01148063052213,-3.47074844462327,0,1,1,0,147.2,"Q4"
"5479",104,10.416550671,57,-3.47074844462327,-3.24660037288306,-3.02748097186857,-3.47074844462327,0,0,1,1,147.2,"Q4"
"5480",104,8.51559191000002,58,-3.12088258179036,-3.94377170374273,-3.06360969595708,-3.47074844462327,1,1,0,0,147.2,"Q4"
"5481",104,7.79646924310001,59,-3.06360969595708,-3.69514906712753,-3.06360969595708,-3.47074844462327,0,0,1,0,147.2,"Q4"
"5482",104,10.109525636,60,-3.47074844462327,-3.69514906712753,-3.06360969595708,-3.47074844462327,1,0,1,1,120.9,"Q4"
"5483",104,8.11012680190003,61,-3.06360969595708,-3.90424086498609,-3.06360969595708,-3.47074844462327,0,1,1,0,120.9,"Q4"
"5484",104,10.385419753,62,-3.47074844462327,-4.16893341921317,-3.06360969595708,-3.2188758248682,0,0,1,1,120.9,"Q4"
"5485",104,8.46294817659997,63,-3.47074844462327,-3.69514906712753,-3.06360969595708,-3.33033126579352,1,0,0,0,120.9,"Q4"
"5486",104,9.06415786180001,64,-3.06360969595708,-3.24660037288306,-3.06360969595708,-3.47074844462327,1,0,1,0,120.9,"Q4"
"5487",104,9.04923221160001,66,-3.47074844462327,-3.82957933621707,-3.16934188974592,-3.47074844462327,1,0,0,0,117.8,"Q4"
"5488",104,8.88627090209996,68,-3.47074844462327,-3.24660037288306,-3.28758971741625,-3.63415455442469,0,0,1,0,117.8,"Q4"
"5489",104,8.9710674387,69,-3.47074844462327,-3.24660037288306,-3.52230625428812,-3.47074844462327,0,1,1,0,114.4,"Q1"
"5490",104,8.20193435119999,70,-3.2587217334154,-4.16893341921317,-3.20722520764823,-3.30022146432215,1,0,1,0,114.4,"Q1"
"5491",104,8.26975694750001,73,-3.2587217334154,-3.7601069634023,-3.01148063052213,-3.47074844462327,1,0,0,0,114.4,"Q1"
"5492",104,8.5656023306,74,-3.27925633585711,-3.7601069634023,-3.24660037288306,-3.47074844462327,0,0,1,0,114.4,"Q1"
"5493",104,8.3635757028,75,-3.27925633585711,-3.24660037288306,-3.16934188974592,-3.7601069634023,0,0,1,0,114.4,"Q1"
"5494",104,8.60153433980004,76,-3.27925633585711,-3.24660037288306,-3.01148063052213,-3.7601069634023,0,0,1,0,114.4,"Q1"
"5495",104,9.53416149100001,77,-3.47074844462327,-3.47074844462327,-3.01148063052213,-3.37498153953126,1,0,1,1,114.4,"Q1"
"5496",104,8.23642052730002,78,-3.2587217334154,-4.07270538711862,-3.01148063052213,-3.37498153953126,1,0,0,0,111.7,"Q1"
"5497",104,9.61846859750004,79,-3.2587217334154,-3.24660037288306,-3.01148063052213,-3.57666746350701,0,0,1,0,111.7,"Q1"
"5498",104,10.840991681,80,-3.63415455442469,-3.24660037288306,-3.01148063052213,-3.37498153953126,0,0,1,1,111.7,"Q1"
"5499",104,9.82530977149998,81,-3.63415455442469,-3.69514906712753,-3.69514906712753,-3.37498153953126,1,1,0,0,111.7,"Q1"
"5500",104,8.69148257649997,83,-3.42171901738295,-3.69514906712753,-3.47074844462327,-4.03666545063542,0,1,0,0,111.7,"Q2"
"5501",104,8.55333223800003,84,-3.42171901738295,-4.16893341921317,-3.01148063052213,-3.57666746350701,1,0,0,0,111.7,"Q2"
"5502",104,8.47637119690002,85,-3.42171901738295,-3.24660037288306,-3.47074844462327,-3.57666746350701,1,1,0,0,111.7,"Q2"
"5503",104,9.80079015429999,86,-3.42171901738295,-3.24660037288306,-3.47074844462327,-3.7601069634023,0,1,0,0,111,"Q2"
"5504",104,8.46294817659997,88,-3.34351827007548,-3.24660037288306,-3.33033126579352,-3.7601069634023,0,1,1,0,111,"Q2"
"5505",104,8.25322764560004,89,-3.34351827007548,-3.69514906712753,-3.01148063052213,-3.7601069634023,1,0,0,0,111,"Q2"
"5506",104,8.33327035329998,90,-3.34351827007548,-3.69514906712753,-3.01148063052213,-4.03666545063542,0,0,1,0,111,"Q2"
"5507",104,8.20193435119999,91,-3.34351827007548,-3.28758971741625,-3.47074844462327,-3.34351827007548,0,0,1,0,111,"Q2"
"5508",104,9.99952474069997,92,-3.63415455442469,-3.81529337896959,-3.47074844462327,-3.63415455442469,1,1,1,1,111,"Q2"
"5509",104,9.41115651140004,93,-3.34351827007548,-3.90424086498609,-3.06360969595708,-3.90424086498609,0,1,0,0,111,"Q2"
"5510",104,10.56080028,94,-3.63415455442469,-3.52230625428812,-3.03071199245002,-3.34351827007548,0,0,1,1,111,"Q2"
"5511",104,9.14248970509999,95,-3.63415455442469,-3.52230625428812,-3.47074844462327,-3.34351827007548,0,0,1,0,111,"Q3"
"5512",104,8.09070871610001,96,-3.34351827007548,-3.69514906712753,-3.47074844462327,-3.34351827007548,1,1,0,0,111,"Q3"
"5513",104,8.12917499690002,97,-3.34351827007548,-3.69514906712753,-3.47074844462327,-3.47074844462327,0,0,1,0,111,"Q3"
"5514",104,7.87245515010004,98,-3.34351827007548,-3.52230625428812,-3.10788248041957,-3.47074844462327,0,1,1,0,111,"Q3"
"5515",104,8.00903068509998,99,-3.34351827007548,-4.16893341921317,-3.37498153953126,-3.47074844462327,1,0,1,0,107.2,"Q3"
"5516",104,7.89655270159997,100,-3.34351827007548,-4.16893341921317,-3.37498153953126,-3.52230625428812,0,0,0,0,107.2,"Q3"
"5517",104,8.95467362900003,101,-3.34351827007548,-3.7601069634023,-3.28758971741625,-3.37498153953126,1,0,0,0,107.2,"Q3"
"5518",104,11.057597618,102,-3.90424086498609,-3.7601069634023,-3.14728217168119,-3.37498153953126,0,0,1,1,107.2,"Q3"
"5519",104,9.64368001690004,105,-3.47074844462327,-3.82957933621707,-3.14728217168119,-3.47074844462327,0,0,1,1,107.4,"Q3"
"5520",104,8.42156296040003,106,-3.47074844462327,-3.7014582363208,-3.24660037288306,-3.63415455442469,1,1,1,0,107.4,"Q3"
"5521",104,8.78385589659998,107,-3.52230625428812,-3.7014582363208,-3.14728217168119,-3.63415455442469,0,0,1,0,107.4,"Q3"
"5522",104,8.9710674387,108,-3.57666746350701,-3.7014582363208,-3.47074844462327,-3.47074844462327,0,1,0,0,116,"Q4"
"5523",104,8.72323127479999,109,-3.57666746350701,-3.7014582363208,-3.14728217168119,-3.46074836128869,1,0,0,0,116,"Q4"
"5524",104,11.552146178,110,-3.63415455442469,-3.7014582363208,-3.14728217168119,-3.37498153953126,0,0,1,1,116,"Q4"
"5525",104,8.26975694750001,111,-3.34351827007548,-3.7014582363208,-3.20722520764823,-3.47074844462327,0,1,1,0,116,"Q4"
"5526",104,9.64782080949995,112,-3.7601069634023,-3.7014582363208,-3.14728217168119,-3.47074844462327,0,0,0,0,116,"Q4"
"5527",104,8.28601746839997,113,-3.34351827007548,-3.7014582363208,-3.14728217168119,-3.47074844462327,1,0,0,0,127.3,"Q4"
"5528",104,8.16621626860002,114,-3.34351827007548,-3.7014582363208,-3.14728217168119,-3.48084954060977,0,0,1,0,127.3,"Q4"
"5529",104,8.83171191779997,115,-3.47074844462327,-3.7014582363208,-3.47074844462327,-3.47074844462327,0,1,1,0,127.3,"Q4"
"5530",104,9.04168500589999,116,-3.47074844462327,-3.7014582363208,-3.14728217168119,-3.90424086498609,1,0,0,0,127.3,"Q4"
"5531",104,8.34853782539999,117,-3.47074844462327,-3.7014582363208,-3.14728217168119,-3.69514906712753,0,0,0,0,131.5,"Q4"
"5532",104,8.18423477410002,118,-3.34351827007548,-3.7014582363208,-3.14728217168119,-3.52230625428812,1,0,0,0,131.5,"Q4"
"5533",104,8.25322764560004,119,-3.34351827007548,-3.7014582363208,-3.14728217168119,-3.63415455442469,0,0,1,0,131.5,"Q4"
"5534",104,9.30054663989996,120,-3.47074844462327,-3.7014582363208,-3.28758971741625,-3.63415455442469,1,0,1,1,131.5,"Q4"
"5535",104,9.23405689859997,121,-3.47074844462327,-3.7014582363208,-3.28758971741625,-3.57666746350701,0,0,0,0,135.1,"Q1"
"5536",104,8.5026885052,122,-3.47074844462327,-3.7014582363208,-3.33033126579352,-3.7601069634023,0,1,1,0,135.1,"Q1"
"5537",104,8.39298958799997,125,-3.24660037288306,-3.7014582363208,-3.06360969595708,-3.57666746350701,0,0,0,0,135.1,"Q1"
"5538",104,7.9875244798,126,-3.18055696056606,-3.7014582363208,-3.06360969595708,-3.7601069634023,0,0,1,0,134.7,"Q1"
"5539",104,8.3635757028,127,-3.47074844462327,-3.7014582363208,-3.47074844462327,-4.16893341921317,0,1,0,0,134.7,"Q1"
"5540",104,8.46294817659997,130,-3.18055696056606,-3.7014582363208,-3.57666746350701,-3.63415455442469,1,0,0,0,134.7,"Q1"
"5541",104,9.5525106297,131,-3.47074844462327,-3.7014582363208,-3.57666746350701,-3.69514906712753,0,0,1,1,134.7,"Q1"
"5542",104,8.46294817659997,132,-3.47074844462327,-3.7014582363208,-3.57666746350701,-3.69514906712753,0,1,0,0,134.7,"Q1"
"5543",104,8.5026885052,133,-3.18055696056606,-3.7014582363208,-3.1328414875264,-3.90424086498609,0,0,1,0,134.7,"Q1"
"5544",104,9.4818930625,134,-3.47074844462327,-3.7014582363208,-3.24259235148552,-3.90424086498609,0,1,1,1,134.3,"Q2"
"5545",104,8.90381521169997,135,-3.47074844462327,-3.7014582363208,-3.24259235148552,-3.63415455442469,0,0,0,0,134.3,"Q2"
"5546",104,8.05070338149999,136,-3.18055696056606,-3.90424086498609,-3.07707791300794,-3.63415455442469,1,0,0,0,134.3,"Q2"
"5547",104,9.73483218649999,137,-3.47074844462327,-3.90424086498609,-3.07707791300794,-3.57666746350701,0,0,1,1,134.3,"Q2"
"5548",104,7.74240202179999,138,-3.18055696056606,-3.52230625428812,-3.35240721749272,-3.57666746350701,0,1,1,0,134.3,"Q2"
"5549",104,7.92008319910002,139,-3.18055696056606,-3.52230625428812,-3.09762658123533,-3.57666746350701,0,1,1,0,126.2,"Q2"
"5550",104,8.40737832540001,140,-3.18055696056606,-3.47074844462327,-3.09762658123533,-3.57666746350701,0,0,0,0,126.2,"Q2"
"5551",104,9.74237939209997,141,-3.47074844462327,-3.63415455442469,-3.06360969595708,-3.57666746350701,0,0,1,1,126.2,"Q2"
"5552",104,8.12917499690002,142,-3.18055696056606,-3.63415455442469,-3.09762658123533,-3.57666746350701,0,0,1,0,126.2,"Q2"
"5553",104,7.96554557310002,143,-3.16934188974592,-3.63415455442469,-3.24660037288306,-3.57666746350701,0,1,1,0,118.5,"Q2"
"5554",104,8.0709060888,144,-3.16934188974592,-3.47074844462327,-3.24660037288306,-3.57666746350701,0,0,0,0,118.5,"Q2"
"5555",104,7.87245515010004,145,-3.16934188974592,-3.47074844462327,-3.47074844462327,-3.57666746350701,0,1,1,0,118.5,"Q2"
"5556",104,7.82244472949999,146,-3.16934188974592,-3.47074844462327,-3.06360969595708,-3.57666746350701,0,1,1,0,118.5,"Q2"
"5557",104,9.2887817983,147,-3.45226286831565,-3.47074844462327,-3.16934188974592,-3.57666746350701,0,0,1,1,115.5,"Q3"
"5558",104,8.05070338149999,149,-3.16934188974592,-3.47074844462327,-3.06360969595708,-3.57666746350701,0,0,0,0,115.5,"Q3"
"5559",104,9.89867599549999,150,-3.33033126579352,-3.63415455442469,-3.1328414875264,-3.57666746350701,0,1,1,1,115.5,"Q3"
"5560",104,8.00903068509998,151,-3.16934188974592,-3.7601069634023,-3.06360969595708,-3.57666746350701,1,0,0,0,115.5,"Q3"
"5561",104,10.292281126,153,-3.47074844462327,-3.47074844462327,-3.06360969595708,-3.57666746350701,0,0,1,1,114.5,"Q3"
"5562",104,9.84585843970004,154,-3.47074844462327,-3.57666746350701,-3.1328414875264,-3.57666746350701,0,1,1,1,114.5,"Q3"
"5563",104,9.47208906240003,156,-3.63415455442469,-3.47074844462327,-3.24660037288306,-3.47074844462327,0,1,1,0,112.5,"Q3"
"5564",104,9.6353466353,157,-3.47074844462327,-3.42171901738295,-3.24660037288306,-3.28758971741625,0,0,1,1,112.5,"Q3"
"5565",104,8.85023096560004,158,-3.16934188974592,-3.42171901738295,-3.06360969595708,-3.69514906712753,0,0,1,0,112.5,"Q3"
"5566",104,10.3200904050001,160,-3.37498153953126,-3.42171901738295,-3.06360969595708,-3.47074844462327,0,0,1,1,106.5,"Q4"
"5567",105,8.81284343350004,43,-3.19570876558667,-3.33033126579352,-3.01148063052213,-3.47074844462327,0,0,1,0,160.4,"Q3"
"5568",105,10.520185561,44,-3.20722520764823,-3.33033126579352,-3.02164502360943,-3.37498153953126,0,0,1,1,160.4,"Q3"
"5569",105,8.60153433980004,45,-3.19570876558667,-3.33033126579352,-3.02143865753698,-3.57666746350701,0,0,0,0,160.4,"Q3"
"5570",105,8.83171191779997,46,-3.19570876558667,-3.33033126579352,-3.09762658123533,-3.57666746350701,0,1,1,0,160.4,"Q3"
"5571",105,10.044987115,47,-3.28758971741625,-3.42171901738295,-3.09762658123533,-3.37498153953126,1,0,1,1,160.8,"Q3"
"5572",105,8.46294817659997,48,-3.19570876558667,-3.42171901738295,-3.02379720938979,-3.37498153953126,0,0,1,0,160.8,"Q3"
"5573",105,8.44934252449998,50,-3.19570876558667,-3.42171901738295,-3.1328414875264,-3.47074844462327,0,1,1,0,160.8,"Q3"
"5574",105,8.47637119690002,52,-3.19570876558667,-3.52230625428812,-3.1328414875264,-3.47074844462327,0,0,1,0,150.9,"Q3"
"5575",105,10.196754003,53,-3.37498153953126,-3.52230625428812,-3.02325447250063,-3.47074844462327,0,0,1,1,150.9,"Q3"
"5576",105,8.23642052730002,54,-3.19570876558667,-3.57666746350701,-3.02233383853513,-3.47074844462327,0,0,1,0,150.9,"Q3"
"5577",105,8.82232217749998,55,-3.19570876558667,-3.57666746350701,-3.01590662821223,-3.47074844462327,1,0,0,0,150.9,"Q3"
"5578",105,9.5525106297,56,-3.19570876558667,-3.57666746350701,-3.06360969595708,-3.47074844462327,0,1,1,0,147.2,"Q4"
"5579",105,10.724148053,57,-3.47074844462327,-3.33033126579352,-3.06360969595708,-3.47074844462327,0,0,1,1,147.2,"Q4"
"5580",105,8.55333223800003,58,-3.23432033720814,-4.02785482095327,-3.06360969595708,-3.47074844462327,1,1,0,0,147.2,"Q4"
"5581",105,8.55333223800003,59,-3.19570876558667,-3.69514906712753,-3.06360969595708,-3.47074844462327,0,0,1,0,147.2,"Q4"
"5582",105,10.479651378,60,-3.47074844462327,-3.69514906712753,-3.06360969595708,-3.47074844462327,1,0,1,1,120.9,"Q4"
"5583",105,8.28601746839997,61,-3.19570876558667,-3.90424086498609,-3.06360969595708,-3.47074844462327,0,1,1,0,120.9,"Q4"
"5584",105,10.670628413,62,-3.47074844462327,-4.16893341921317,-3.06360969595708,-3.37498153953126,0,0,1,1,120.9,"Q4"
"5585",105,9.45720044990004,63,-3.47074844462327,-3.69514906712753,-3.06360969595708,-3.3841559158073,1,0,0,0,120.9,"Q4"
"5586",105,9.6353466353,69,-3.47074844462327,-3.52230625428812,-3.52230625428812,-3.47074844462327,0,1,1,0,114.4,"Q1"
"5587",105,8.52833093580003,70,-3.3841559158073,-4.16893341921317,-3.20722520764823,-3.3841559158073,1,0,1,0,114.4,"Q1"
"5588",105,8.43554920239998,71,-3.3841559158073,-3.52230625428812,-3.20722520764823,-3.63415455442469,0,0,1,0,114.4,"Q1"
"5589",105,10.739522221,72,-3.47074844462327,-3.52230625428812,-3.06360969595708,-3.63415455442469,0,0,1,1,114.4,"Q1"
"5590",105,8.76405326930003,73,-3.3841559158073,-3.7601069634023,-3.06360969595708,-3.47074844462327,1,0,0,0,114.4,"Q1"
"5591",105,8.9710674387,74,-3.40746699467575,-3.7601069634023,-3.24660037288306,-3.47074844462327,0,0,1,0,114.4,"Q1"
"5592",105,8.51559191000002,75,-3.40746699467575,-3.52230625428812,-3.16934188974592,-3.7601069634023,0,0,1,0,114.4,"Q1"
"5593",105,8.94637482609996,76,-3.40746699467575,-3.52230625428812,-3.06360969595708,-3.7601069634023,0,0,1,0,114.4,"Q1"
"5594",105,10.518456952,77,-3.47074844462327,-3.52230625428812,-3.06360969595708,-3.3841559158073,1,0,1,1,114.4,"Q1"
"5595",105,8.20193435119999,78,-3.3841559158073,-4.22075848707776,-3.06360969595708,-3.3841559158073,1,0,0,0,111.7,"Q1"
"5596",105,10.177476298,81,-3.63415455442469,-3.69514906712753,-3.7601069634023,-3.47074844462327,1,1,0,0,111.7,"Q1"
"5597",105,9.00307016980004,83,-3.47074844462327,-3.69514906712753,-3.47074844462327,-4.16893341921317,0,1,0,0,111.7,"Q2"
"5598",105,8.65869275369998,84,-3.47074844462327,-4.16893341921317,-3.06360969595708,-3.57666746350701,1,0,0,0,111.7,"Q2"
"5599",105,8.91247327449998,85,-3.47074844462327,-3.52230625428812,-3.47074844462327,-3.57666746350701,1,1,0,0,111.7,"Q2"
"5600",105,10.155335172,86,-3.47074844462327,-3.52230625428812,-3.47074844462327,-3.7601069634023,0,1,0,0,111,"Q2"
"5601",105,8.78385589659998,88,-3.47074844462327,-3.52230625428812,-3.33033126579352,-3.7601069634023,0,1,1,0,111,"Q2"
"5602",105,8.7540029335,89,-3.47074844462327,-3.69514906712753,-3.06360969595708,-3.7601069634023,1,0,0,0,111,"Q2"
"5603",105,8.76405326930003,90,-3.47074844462327,-3.69514906712753,-3.06360969595708,-4.03666545063542,0,0,1,0,111,"Q2"
"5604",105,8.63621989780004,91,-3.34351827007548,-3.63415455442469,-3.47074844462327,-3.34351827007548,0,0,1,0,111,"Q2"
"5605",105,9.88573083089996,92,-3.63415455442469,-3.92777136239629,-3.47074844462327,-3.63415455442469,1,1,1,1,111,"Q2"
"5606",105,9.51074121679997,93,-3.50482551542706,-3.98492977623623,-3.06360969595708,-3.90424086498609,0,1,0,0,111,"Q2"
"5607",105,9.67633597980004,95,-3.60579931733305,-3.670303068541,-3.47074844462327,-3.34351827007548,0,0,1,0,111,"Q3"
"5608",105,8.46294817659997,96,-3.34351827007548,-3.69514906712753,-3.47074844462327,-3.42458924239714,1,1,0,0,111,"Q3"
"5609",105,8.61323037960001,97,-3.34351827007548,-3.6826489043633,-3.47074844462327,-3.47074844462327,0,0,1,0,111,"Q3"
"5610",105,8.37839078850004,98,-3.34351827007548,-3.88125134676139,-3.14875224720381,-3.47074844462327,0,1,1,0,111,"Q3"
"5611",105,8.47637119690002,99,-3.34351827007548,-4.16893341921317,-3.37498153953126,-3.47074844462327,1,0,1,0,107.2,"Q3"
"5612",105,8.26975694750001,100,-3.34351827007548,-3.97656152656572,-3.29612754804826,-3.52230625428812,0,0,0,0,107.2,"Q3"
"5613",105,9.81137226360003,101,-3.77786043204012,-3.7601069634023,-3.25399068299221,-3.37498153953126,1,0,0,0,107.2,"Q3"
"5614",105,11.588403926,102,-3.90424086498609,-3.79423996977176,-3.14728217168119,-3.40746699467575,0,0,1,1,107.2,"Q3"
"5615",105,8.30201780980003,103,-3.34351827007548,-3.82957933621707,-3.14728217168119,-3.47074844462327,0,0,1,0,107.2,"Q3"
"5616",105,8.74385056200001,104,-3.4124487960976,-3.82957933621707,-3.47074844462327,-3.47074844462327,0,1,1,0,107.4,"Q3"
"5617",105,10.031000873,105,-3.47074844462327,-3.79423996977176,-3.14728217168119,-3.5580206200948,0,0,1,1,107.4,"Q3"
"5618",105,8.5777236912,106,-3.48328367227963,-3.69514906712753,-3.14837898590752,-3.63415455442469,1,1,1,0,107.4,"Q3"
"5619",105,9.45720044990004,107,-3.55451844621535,-3.69514906712753,-3.14728217168119,-3.60795529503286,0,0,1,0,107.4,"Q3"
"5620",105,9.74987006390004,108,-3.57666746350701,-3.72062815242852,-3.47074844462327,-3.46074836128869,0,1,0,0,116,"Q4"
"5621",105,9.25263328419997,109,-3.51666773999448,-3.7601069634023,-3.15697852383986,-3.43133447608239,1,0,0,0,116,"Q4"
"5622",105,8.43554920239998,111,-3.34351827007548,-3.52230625428812,-3.20722520764823,-3.47074844462327,0,1,1,0,116,"Q4"
"5623",105,8.33327035329998,113,-3.34351827007548,-3.63415455442469,-3.14728217168119,-3.48084954060977,1,0,0,0,127.3,"Q4"
"5624",105,8.84101431049997,114,-3.42025975879111,-3.61076167484998,-3.14728217168119,-3.47919751306564,0,0,1,0,127.3,"Q4"
"5625",105,9.10764297370002,115,-3.47074844462327,-3.52230625428812,-3.47074844462327,-3.86621346939685,0,1,1,0,127.3,"Q4"
"5626",105,8.85936344920003,116,-3.47074844462327,-3.74677343253284,-3.2208205320861,-3.88885594614661,1,0,0,0,127.3,"Q4"
"5627",105,8.78385589659998,117,-3.43402532641178,-3.7014582363208,-3.14728217168119,-3.85877849090933,0,0,0,0,131.5,"Q4"
"5628",105,8.25322764560004,118,-3.34351827007548,-3.69514906712753,-3.14728217168119,-3.70221760507461,1,0,0,0,131.5,"Q4"
"5629",105,8.5026885052,119,-3.40196759319892,-3.6826489043633,-3.15685415349775,-3.63415455442469,0,0,1,0,131.5,"Q4"
"5630",105,9.7573050424,120,-3.47074844462327,-3.63415455442469,-3.28758971741625,-3.5820351649926,1,0,1,1,131.5,"Q4"
"5631",105,9.30054663989996,121,-3.47074844462327,-3.63415455442469,-3.30663665262591,-3.64469358393283,0,0,0,0,135.1,"Q1"
"5632",105,8.26975694750001,122,-3.43493928366873,-3.60499797013323,-3.33033126579352,-3.7601069634023,0,1,1,0,135.1,"Q1"
"5633",105,8.33327035329998,125,-3.23343136717349,-3.90424086498609,-3.06360969595708,-3.64203344525697,0,0,0,0,135.1,"Q1"
"5634",105,7.87245515010004,126,-3.29909347159268,-3.88885594614661,-3.06360969595708,-3.7601069634023,0,0,1,0,134.7,"Q1"
"5635",105,8.5656023306,127,-3.47074844462327,-3.60499797013323,-3.47074844462327,-4.16893341921317,0,1,0,0,134.7,"Q1"
"5636",105,8.6697425899,129,-3.45211112387822,-3.72062815242852,-3.47074844462327,-3.63415455442469,0,1,1,0,134.7,"Q1"
"5637",105,8.16621626860002,130,-3.31917817685429,-3.82957933621707,-3.57666746350701,-3.72710066693413,1,0,0,0,134.7,"Q1"
"5638",105,9.7610019042,131,-3.47074844462327,-3.78731952692719,-3.57666746350701,-3.69514906712753,0,0,1,1,134.7,"Q1"
"5639",105,8.74385056200001,132,-3.42177375572317,-3.69514906712753,-3.49413133782341,-3.78731952692719,0,1,0,0,134.7,"Q1"
"5640",105,8.74385056200001,133,-3.31749095024364,-3.670303068541,-3.11135134202716,-3.90424086498609,0,0,1,0,134.7,"Q1"
"5641",105,9.35183993419999,134,-3.47074844462327,-3.52230625428812,-3.24259235148552,-3.86621346939685,0,1,1,1,134.3,"Q2"
"5642",105,9.2214781164,135,-3.42838234708511,-3.75341797525151,-3.23143953123933,-3.63415455442469,0,0,0,0,134.3,"Q2"
"5643",105,8.28601746839997,136,-3.18055696056606,-3.90424086498609,-3.07707791300794,-3.6223897128451,1,0,0,0,134.3,"Q2"
"5644",105,10.298767636,137,-3.47074844462327,-3.82957933621707,-3.21410902911275,-3.57666746350701,0,0,1,1,134.3,"Q2"
"5645",105,7.84776253750002,138,-3.18055696056606,-3.52230625428812,-3.35240721749272,-3.57666746350701,0,1,1,0,134.3,"Q2"
"5646",105,8.37839078850004,139,-3.18055696056606,-3.51177984130113,-3.09762658123533,-3.57666746350701,0,1,1,0,126.2,"Q2"
"5647",105,8.16621626860002,140,-3.18572204570471,-3.47074844462327,-3.09190710706361,-3.57666746350701,0,0,0,0,126.2,"Q2"
"5648",105,10.066966022,141,-3.47074844462327,-3.63415455442469,-3.06360969595708,-3.57666746350701,0,0,1,1,126.2,"Q2"
"5649",105,7.89655270159997,142,-3.18010803157533,-3.63415455442469,-3.09762658123533,-3.57666746350701,0,0,1,0,126.2,"Q2"
"5650",105,7.56008046500001,143,-3.16934188974592,-3.6223897128451,-3.24660037288306,-3.57666746350701,0,1,1,0,118.5,"Q2"
"5651",105,8.09070871610001,144,-3.16934188974592,-3.47074844462327,-3.40578972735835,-3.57666746350701,0,0,0,0,118.5,"Q2"
"5652",105,7.92008319910002,145,-3.16934188974592,-3.47074844462327,-3.47074844462327,-3.57666746350701,0,1,1,0,118.5,"Q2"
"5653",105,8.25322764560004,146,-3.28134096095488,-3.47074844462327,-3.0957223226843,-3.57666746350701,0,1,1,0,118.5,"Q2"
"5654",105,9.54337814609995,147,-3.46877899551321,-3.53294465249318,-3.16934188974592,-3.57666746350701,0,0,1,1,115.5,"Q3"
"5655",105,8.25322764560004,149,-3.16934188974592,-3.53830659563456,-3.0891006103564,-3.57666746350701,0,0,0,0,115.5,"Q3"
"5656",105,8.28601746839997,151,-3.17486856629202,-3.7601069634023,-3.07241364884026,-3.59926729542425,1,0,0,0,115.5,"Q3"
"5657",105,10.805273598,153,-3.47074844462327,-3.51177984130113,-3.06360969595708,-3.57666746350701,0,0,1,1,114.5,"Q3"
"5658",105,10.292281126,154,-3.50373331022466,-3.87370414112601,-3.1328414875264,-3.57666746350701,0,1,1,1,114.5,"Q3"
"5659",105,9.18932100480001,156,-3.62656552304303,-3.46074836128869,-3.24660037288306,-3.50655789731998,0,1,1,0,112.5,"Q3"
"5660",105,9.6519445267,157,-3.47074844462327,-3.40276110363834,-3.20886680019299,-3.50655789731998,0,0,1,1,112.5,"Q3"
"5661",105,8.25322764560004,158,-3.19588005109489,-3.57666746350701,-3.04909115875351,-3.69514906712753,0,0,1,0,112.5,"Q3"
"5662",105,10.567411874,160,-3.37498153953126,-3.58790353677393,-3.07101937506912,-3.50655789731998,0,0,1,1,106.5,"Q4"
"5663",106,9.07886400919999,53,-3.37498153953126,-3.52230625428812,-3.01148063052213,-3.47074844462327,0,0,1,1,150.9,"Q3"
"5664",106,7.49108759349998,54,-3.06360969595708,-3.57666746350701,-3.01148063052213,-3.47074844462327,0,0,1,0,150.9,"Q3"
"5665",106,7.5928702878,55,-3.06360969595708,-3.57666746350701,-3.01148063052213,-3.47074844462327,1,0,0,0,150.9,"Q3"
"5666",106,8.47637119690002,56,-3.06360969595708,-3.57666746350701,-3.06360969595708,-3.47074844462327,0,1,1,0,147.2,"Q4"
"5667",106,9.43188264189999,57,-3.47074844462327,-3.24660037288306,-3.06360969595708,-3.47074844462327,0,0,1,1,147.2,"Q4"
"5668",106,9.25874951120003,60,-3.47074844462327,-3.69514906712753,-3.06360969595708,-3.47074844462327,1,0,1,1,120.9,"Q4"
"5669",106,7.68524360800001,61,-3.06360969595708,-3.90424086498609,-3.06360969595708,-3.47074844462327,0,1,1,0,120.9,"Q4"
"5670",106,9.7610019042,62,-3.47074844462327,-4.16893341921317,-3.06360969595708,-3.2188758248682,0,0,1,1,120.9,"Q4"
"5671",106,8.21932609390002,63,-3.47074844462327,-3.69514906712753,-3.06360969595708,-3.33033126579352,1,0,0,0,120.9,"Q4"
"5672",106,8.42156296040003,64,-3.06360969595708,-3.24660037288306,-3.06360969595708,-3.47074844462327,1,0,1,0,120.9,"Q4"
"5673",106,8.63621989780004,69,-3.47074844462327,-3.24660037288306,-3.52230625428812,-3.47074844462327,0,1,1,0,114.4,"Q1"
"5674",106,7.71423114480001,70,-3.2587217334154,-4.16893341921317,-3.20722520764823,-3.30022146432215,1,0,1,0,114.4,"Q1"
"5675",106,8.21932609390002,71,-3.2587217334154,-3.24660037288306,-3.20722520764823,-3.63415455442469,0,0,1,0,114.4,"Q1"
"5676",106,9.90827606929997,72,-3.47074844462327,-3.24660037288306,-3.01148063052213,-3.63415455442469,0,0,1,1,114.4,"Q1"
"5677",106,8.23642052730002,73,-3.2587217334154,-3.7601069634023,-3.01148063052213,-3.47074844462327,1,0,0,0,114.4,"Q1"
"5678",106,8.0300840943,74,-3.27925633585711,-3.7601069634023,-3.24660037288306,-3.47074844462327,0,0,1,0,114.4,"Q1"
"5679",106,7.96554557310002,75,-3.27925633585711,-3.24660037288306,-3.16934188974592,-3.7601069634023,0,0,1,0,114.4,"Q1"
"5680",106,9.25874951120003,77,-3.47074844462327,-3.47074844462327,-3.01148063052213,-3.37498153953126,1,0,1,1,114.4,"Q1"
"5681",106,7.20340552110001,78,-3.2587217334154,-4.07270538711862,-3.01148063052213,-3.37498153953126,1,0,0,0,111.7,"Q1"
"5682",106,9.18276360419998,79,-3.2587217334154,-3.24660037288306,-3.01148063052213,-3.57666746350701,0,0,1,0,111.7,"Q1"
"5683",106,10.614081647,80,-3.63415455442469,-3.24660037288306,-3.01148063052213,-3.37498153953126,0,0,1,1,111.7,"Q1"
"5684",106,7.96554557310002,83,-3.42171901738295,-3.69514906712753,-3.47074844462327,-4.03666545063542,0,1,0,0,111.7,"Q2"
"5685",106,8.23642052730002,84,-3.42171901738295,-4.16893341921317,-3.01148063052213,-3.57666746350701,1,0,0,0,111.7,"Q2"
"5686",106,8.55333223800003,85,-3.42171901738295,-3.24660037288306,-3.47074844462327,-3.57666746350701,1,1,0,0,111.7,"Q2"
"5687",106,9.43699774259998,86,-3.42171901738295,-3.24660037288306,-3.47074844462327,-3.7601069634023,0,1,0,0,111,"Q2"
"5688",106,7.96554557310002,88,-3.34351827007548,-3.24660037288306,-3.33033126579352,-3.7601069634023,0,1,1,0,111,"Q2"
"5689",106,7.74240202179999,89,-3.34351827007548,-3.69514906712753,-3.01148063052213,-3.7601069634023,1,0,0,0,111,"Q2"
"5690",106,7.74240202179999,91,-3.34351827007548,-3.28758971741625,-3.47074844462327,-3.34351827007548,0,0,1,0,111,"Q2"
"5691",106,9.16282938930003,92,-3.63415455442469,-3.81529337896959,-3.47074844462327,-3.63415455442469,1,1,1,1,111,"Q2"
"5692",106,8.34853782539999,93,-3.34351827007548,-3.90424086498609,-3.06360969595708,-3.90424086498609,0,1,0,0,111,"Q2"
"5693",106,9.78290058949997,94,-3.63415455442469,-3.52230625428812,-3.03071199245002,-3.34351827007548,0,0,1,1,111,"Q2"
"5694",106,8.62479120200004,95,-3.63415455442469,-3.52230625428812,-3.47074844462327,-3.34351827007548,0,0,1,0,111,"Q3"
"5695",106,7.33693691370002,96,-3.34351827007548,-3.69514906712753,-3.47074844462327,-3.34351827007548,1,1,0,0,111,"Q3"
"5696",106,7.56008046500001,99,-3.34351827007548,-4.16893341921317,-3.37498153953126,-3.47074844462327,1,0,1,0,107.2,"Q3"
"5697",106,7.41697962140002,100,-3.34351827007548,-4.16893341921317,-3.37498153953126,-3.52230625428812,0,0,0,0,107.2,"Q3"
"5698",106,8.5026885052,101,-3.34351827007548,-3.7601069634023,-3.28758971741625,-3.37498153953126,1,0,0,0,107.2,"Q3"
"5699",106,7.5928702878,103,-3.34351827007548,-3.82957933621707,-3.14728217168119,-3.47074844462327,0,0,1,0,107.2,"Q3"
"5700",106,7.92008319910002,104,-3.34351827007548,-3.82957933621707,-3.47074844462327,-3.47074844462327,0,1,1,0,107.4,"Q3"
"5701",106,9.15609535709998,105,-3.47074844462327,-3.82957933621707,-3.14728217168119,-3.47074844462327,0,0,1,1,107.4,"Q3"
"5702",106,7.79646924310001,106,-3.47074844462327,-3.7014582363208,-3.24660037288306,-3.63415455442469,1,1,1,0,107.4,"Q3"
"5703",106,8.37839078850004,107,-3.52230625428812,-3.7014582363208,-3.14728217168119,-3.63415455442469,0,0,1,0,107.4,"Q3"
"5704",106,8.81284343350004,108,-3.57666746350701,-3.7014582363208,-3.47074844462327,-3.47074844462327,0,1,0,0,116,"Q4"
"5705",106,8.43554920239998,109,-3.57666746350701,-3.7014582363208,-3.14728217168119,-3.46074836128869,1,0,0,0,116,"Q4"
"5706",106,8.20193435119999,111,-3.34351827007548,-3.7014582363208,-3.20722520764823,-3.47074844462327,0,1,1,0,116,"Q4"
"5707",106,7.74240202179999,113,-3.34351827007548,-3.7014582363208,-3.14728217168119,-3.47074844462327,1,0,0,0,127.3,"Q4"
"5708",106,8.39298958799997,114,-3.34351827007548,-3.7014582363208,-3.14728217168119,-3.48084954060977,0,0,1,0,127.3,"Q4"
"5709",106,8.73359406190002,115,-3.47074844462327,-3.7014582363208,-3.47074844462327,-3.47074844462327,0,1,1,0,127.3,"Q4"
"5710",106,8.28601746839997,116,-3.47074844462327,-3.7014582363208,-3.14728217168119,-3.90424086498609,1,0,0,0,127.3,"Q4"
"5711",106,8.16621626860002,117,-3.47074844462327,-3.7014582363208,-3.14728217168119,-3.69514906712753,0,0,0,0,131.5,"Q4"
"5712",106,7.94307271730001,118,-3.34351827007548,-3.7014582363208,-3.14728217168119,-3.52230625428812,1,0,0,0,131.5,"Q4"
"5713",106,7.82244472949999,119,-3.34351827007548,-3.7014582363208,-3.14728217168119,-3.63415455442469,0,0,1,0,131.5,"Q4"
"5714",106,8.31776616669999,121,-3.47074844462327,-3.7014582363208,-3.28758971741625,-3.57666746350701,0,0,0,0,135.1,"Q1"
"5715",106,8.11012680190003,122,-3.47074844462327,-3.7014582363208,-3.33033126579352,-3.7601069634023,0,1,1,0,135.1,"Q1"
"5716",106,7.37775890819997,125,-3.24660037288306,-3.7014582363208,-3.06360969595708,-3.57666746350701,0,0,0,0,135.1,"Q1"
"5717",106,7.65539064479997,126,-3.18055696056606,-3.7014582363208,-3.06360969595708,-3.7601069634023,0,0,1,0,134.7,"Q1"
"5718",106,8.00903068509998,127,-3.47074844462327,-3.7014582363208,-3.47074844462327,-4.16893341921317,0,1,0,0,134.7,"Q1"
"5719",106,8.26975694750001,129,-3.47074844462327,-3.7014582363208,-3.47074844462327,-3.57666746350701,0,1,1,0,134.7,"Q1"
"5720",106,8.21932609390002,130,-3.18055696056606,-3.7014582363208,-3.57666746350701,-3.63415455442469,1,0,0,0,134.7,"Q1"
"5721",106,7.89655270159997,133,-3.18055696056606,-3.7014582363208,-3.1328414875264,-3.90424086498609,0,0,1,0,134.7,"Q1"
"5722",106,9.28284706280001,134,-3.47074844462327,-3.7014582363208,-3.24259235148552,-3.90424086498609,0,1,1,1,134.3,"Q2"
"5723",106,8.42156296040003,135,-3.47074844462327,-3.7014582363208,-3.24259235148552,-3.63415455442469,0,0,0,0,134.3,"Q2"
"5724",106,7.74240202179999,136,-3.18055696056606,-3.90424086498609,-3.07707791300794,-3.63415455442469,1,0,0,0,134.3,"Q2"
"5725",106,9.50599061410004,137,-3.47074844462327,-3.90424086498609,-3.07707791300794,-3.57666746350701,0,0,1,1,134.3,"Q2"
"5726",106,7.92008319910002,138,-3.18055696056606,-3.52230625428812,-3.35240721749272,-3.57666746350701,0,1,1,0,134.3,"Q2"
"5727",106,8.42156296040003,140,-3.18055696056606,-3.47074844462327,-3.09762658123533,-3.57666746350701,0,0,0,0,126.2,"Q2"
"5728",106,9.6353466353,141,-3.47074844462327,-3.63415455442469,-3.06360969595708,-3.57666746350701,0,0,1,1,126.2,"Q2"
"5729",106,7.74240202179999,142,-3.18055696056606,-3.63415455442469,-3.09762658123533,-3.57666746350701,0,0,1,0,126.2,"Q2"
"5730",106,7.41697962140002,143,-3.16934188974592,-3.63415455442469,-3.24660037288306,-3.57666746350701,0,1,1,0,118.5,"Q2"
"5731",106,7.62461898619999,144,-3.16934188974592,-3.47074844462327,-3.24660037288306,-3.57666746350701,0,0,0,0,118.5,"Q2"
"5732",106,7.29437729929998,145,-3.16934188974592,-3.47074844462327,-3.47074844462327,-3.57666746350701,0,1,1,0,118.5,"Q2"
"5733",106,8.05070338149999,146,-3.16934188974592,-3.47074844462327,-3.06360969595708,-3.57666746350701,0,1,1,0,118.5,"Q2"
"5734",106,8.8032739825,147,-3.4490954337819,-3.47074844462327,-3.16934188974592,-3.57666746350701,0,0,1,1,115.5,"Q3"
"5735",106,7.9875244798,149,-3.16934188974592,-3.47074844462327,-3.06360969595708,-3.57666746350701,0,0,0,0,115.5,"Q3"
"5736",106,9.81487489420003,150,-3.33033126579352,-3.63415455442469,-3.1328414875264,-3.57666746350701,0,1,1,1,115.5,"Q3"
"5737",106,7.56008046500001,151,-3.16934188974592,-3.7601069634023,-3.06360969595708,-3.57666746350701,1,0,0,0,115.5,"Q3"
"5738",106,9.80785732149999,153,-3.47074844462327,-3.47074844462327,-3.06360969595708,-3.57666746350701,0,0,1,1,114.5,"Q3"
"5739",106,9.4867592521,154,-3.47074844462327,-3.57666746350701,-3.1328414875264,-3.57666746350701,0,1,1,1,114.5,"Q3"
"5740",106,9.41115651140004,157,-3.47074844462327,-3.35240721749272,-3.24660037288306,-3.24660037288306,0,0,1,1,112.5,"Q3"
"5741",106,7.94307271730001,158,-3.16934188974592,-3.35240721749272,-3.06360969595708,-3.69514906712753,0,0,1,0,112.5,"Q3"
"5742",106,7.5928702878,159,-3.24660037288306,-3.7601069634023,-3.1328414875264,-3.69514906712753,0,1,0,0,112.5,"Q3"
"5743",107,8.64751945309997,42,-3.06360969595708,-3.24660037288306,-3.01148063052213,-3.52230625428812,0,0,1,0,160,"Q2"
"5744",107,8.7540029335,43,-3.06360969595708,-3.24660037288306,-3.01148063052213,-3.47074844462327,0,0,1,0,160.4,"Q3"
"5745",107,10.3052123410001,44,-3.20722520764823,-3.24660037288306,-3.01148063052213,-3.25062452318278,0,0,1,1,160.4,"Q3"
"5746",107,8.39298958799997,45,-3.06360969595708,-3.24660037288306,-3.01148063052213,-3.28758971741625,0,0,0,0,160.4,"Q3"
"5747",107,9.16282938930003,46,-3.06360969595708,-3.24660037288306,-3.09762658123533,-3.57666746350701,0,1,1,0,160.4,"Q3"
"5748",107,9.77565418099996,47,-3.28758971741625,-3.42171901738295,-3.09762658123533,-3.25062452318278,1,0,1,1,160.8,"Q3"
"5749",107,8.26975694750001,48,-3.06360969595708,-3.42171901738295,-3.01148063052213,-3.28758971741625,0,0,1,0,160.8,"Q3"
"5750",107,8.0709060888,50,-3.06360969595708,-3.42171901738295,-3.1328414875264,-3.47074844462327,0,1,1,0,160.8,"Q3"
"5751",107,8.47637119690002,52,-3.06360969595708,-3.52230625428812,-3.1328414875264,-3.47074844462327,0,0,1,0,150.9,"Q3"
"5752",107,10.254707646,53,-3.37498153953126,-3.52230625428812,-3.01148063052213,-3.47074844462327,0,0,1,1,150.9,"Q3"
"5753",107,8.34853782539999,54,-3.06360969595708,-3.57666746350701,-3.01148063052213,-3.29178259567629,0,0,1,0,150.9,"Q3"
"5754",107,8.40737832540001,55,-3.06360969595708,-3.57666746350701,-3.01148063052213,-3.29178259567629,1,0,0,0,150.9,"Q3"
"5755",107,8.64751945309997,56,-3.06360969595708,-3.57666746350701,-3.01148063052213,-3.47074844462327,0,1,1,0,147.2,"Q4"
"5756",107,10.426083632,57,-3.47074844462327,-3.24660037288306,-3.02748097186857,-3.47074844462327,0,0,1,1,147.2,"Q4"
"5757",107,9.114710141,58,-3.17723949800655,-3.94377170374273,-3.06360969595708,-3.47074844462327,1,1,0,0,147.2,"Q4"
"5758",107,9.40063009839998,59,-3.06360969595708,-3.69514906712753,-3.06360969595708,-3.47074844462327,0,0,1,0,147.2,"Q4"
"5759",107,10.564111541,60,-3.47074844462327,-3.69514906712753,-3.06360969595708,-3.47074844462327,1,0,1,1,120.9,"Q4"
"5760",107,8.21932609390002,61,-3.06360969595708,-3.90424086498609,-3.06360969595708,-3.47074844462327,0,1,1,0,120.9,"Q4"
"5761",107,10.330583681,62,-3.47074844462327,-4.16893341921317,-3.06360969595708,-3.2188758248682,0,0,1,1,120.9,"Q4"
"5762",107,8.76405326930003,63,-3.47074844462327,-3.69514906712753,-3.06360969595708,-3.33033126579352,1,0,0,0,120.9,"Q4"
"5763",107,9.52485909839998,64,-3.06360969595708,-3.24660037288306,-3.06360969595708,-3.47074844462327,1,0,1,0,120.9,"Q4"
"5764",107,8.37839078850004,68,-3.47074844462327,-3.37498153953126,-3.28758971741625,-3.63415455442469,0,0,1,0,117.8,"Q4"
"5765",107,8.31776616669999,69,-3.47074844462327,-3.37498153953126,-3.52230625428812,-3.47074844462327,0,1,1,0,114.4,"Q1"
"5766",107,8.5656023306,70,-3.2587217334154,-4.16893341921317,-3.20722520764823,-3.30022146432215,1,0,1,0,114.4,"Q1"
"5767",107,8.5656023306,71,-3.2587217334154,-3.37498153953126,-3.20722520764823,-3.63415455442469,0,0,1,0,114.4,"Q1"
"5768",107,10.955706802,72,-3.47074844462327,-3.37498153953126,-3.01148063052213,-3.63415455442469,0,0,1,1,114.4,"Q1"
"5769",107,8.5777236912,73,-3.2587217334154,-3.7601069634023,-3.01148063052213,-3.47074844462327,1,0,0,0,114.4,"Q1"
"5770",107,8.63621989780004,74,-3.27925633585711,-3.7601069634023,-3.24660037288306,-3.47074844462327,0,0,1,0,114.4,"Q1"
"5771",107,8.51559191000002,75,-3.27925633585711,-3.37498153953126,-3.16934188974592,-3.7601069634023,0,0,1,0,114.4,"Q1"
"5772",107,9.04168500589999,76,-3.27925633585711,-3.37498153953126,-3.01148063052213,-3.7601069634023,0,0,1,0,114.4,"Q1"
"5773",107,10.252452853,77,-3.47074844462327,-3.47074844462327,-3.01148063052213,-3.37498153953126,1,0,1,1,114.4,"Q1"
"5774",107,8.51559191000002,78,-3.2587217334154,-4.07270538711862,-3.01148063052213,-3.37498153953126,1,0,0,0,111.7,"Q1"
"5775",107,9.80785732149999,79,-3.2587217334154,-3.37498153953126,-3.01148063052213,-3.57666746350701,0,0,1,0,111.7,"Q1"
"5776",107,10.572342041,81,-3.63415455442469,-3.69514906712753,-3.63415455442469,-3.37498153953126,1,1,0,0,111.7,"Q1"
"5777",107,9.22778728560003,83,-3.42171901738295,-3.69514906712753,-3.47074844462327,-4.03666545063542,0,1,0,0,111.7,"Q2"
"5778",107,9.12172771360001,84,-3.42171901738295,-4.16893341921317,-3.01148063052213,-3.57666746350701,1,0,0,0,111.7,"Q2"
"5779",107,9.10764297370002,85,-3.42171901738295,-3.37498153953126,-3.47074844462327,-3.57666746350701,1,1,0,0,111.7,"Q2"
"5780",107,9.75359446299998,86,-3.42171901738295,-3.37498153953126,-3.47074844462327,-3.7601069634023,0,1,0,0,111,"Q2"
"5781",107,11.8986775420001,87,-3.82957933621707,-3.37498153953126,-3.20722520764823,-3.7601069634023,0,0,1,1,111,"Q2"
"5782",107,8.71275997499997,88,-3.34351827007548,-3.37498153953126,-3.33033126579352,-3.7601069634023,0,1,1,0,111,"Q2"
"5783",107,8.82232217749998,89,-3.34351827007548,-3.69514906712753,-3.01148063052213,-3.7601069634023,1,0,0,0,111,"Q2"
"5784",107,8.63621989780004,90,-3.34351827007548,-3.69514906712753,-3.01148063052213,-4.03666545063542,0,0,1,0,111,"Q2"
"5785",107,8.5656023306,91,-3.34351827007548,-3.42171901738295,-3.47074844462327,-3.34351827007548,0,0,1,0,111,"Q2"
"5786",107,9.84246285069996,92,-3.63415455442469,-3.81529337896959,-3.47074844462327,-3.63415455442469,1,1,1,1,111,"Q2"
"5787",107,9.72722758709997,93,-3.34351827007548,-3.90424086498609,-3.06360969595708,-3.90424086498609,0,1,0,0,111,"Q2"
"5788",107,11.1125672939999,94,-3.63415455442469,-3.52230625428812,-3.03071199245002,-3.34351827007548,0,0,1,1,111,"Q2"
"5789",107,9.4867592521,95,-3.63415455442469,-3.52230625428812,-3.47074844462327,-3.34351827007548,0,0,1,0,111,"Q3"
"5790",107,8.43554920239998,96,-3.34351827007548,-3.69514906712753,-3.47074844462327,-3.34351827007548,1,1,0,0,111,"Q3"
"5791",107,8.55333223800003,97,-3.34351827007548,-3.69514906712753,-3.47074844462327,-3.47074844462327,0,0,1,0,111,"Q3"
"5792",107,8.42156296040003,98,-3.34351827007548,-3.52230625428812,-3.04880513147851,-3.47074844462327,0,1,1,0,111,"Q3"
"5793",107,8.60153433980004,99,-3.34351827007548,-4.16893341921317,-3.37498153953126,-3.47074844462327,1,0,1,0,107.2,"Q3"
"5794",107,8.63621989780004,100,-3.34351827007548,-4.16893341921317,-3.37498153953126,-3.52230625428812,0,0,0,0,107.2,"Q3"
"5795",107,9.78650419709995,101,-3.34351827007548,-3.7601069634023,-3.28758971741625,-3.37498153953126,1,0,0,0,107.2,"Q3"
"5796",107,11.633655266,102,-3.90424086498609,-3.7601069634023,-3.14728217168119,-3.37498153953126,0,0,1,1,107.2,"Q3"
"5797",107,8.31776616669999,103,-3.34351827007548,-3.82957933621707,-3.14728217168119,-3.47074844462327,0,0,1,0,107.2,"Q3"
"5798",107,8.70217786560003,104,-3.34351827007548,-3.82957933621707,-3.47074844462327,-3.47074844462327,0,1,1,0,107.4,"Q3"
"5799",107,10.157819645,105,-3.47074844462327,-3.82957933621707,-3.14728217168119,-3.47074844462327,0,0,1,1,107.4,"Q3"
"5800",107,8.92956770779998,106,-3.47074844462327,-3.7014582363208,-3.24660037288306,-3.63415455442469,1,1,1,0,107.4,"Q3"
"5801",107,9.7573050424,108,-3.57666746350701,-3.7014582363208,-3.47074844462327,-3.47074844462327,0,1,0,0,116,"Q4"
"5802",107,9.114710141,109,-3.57666746350701,-3.7014582363208,-3.14728217168119,-3.46074836128869,1,0,0,0,116,"Q4"
"5803",107,9.16951837750003,111,-3.34351827007548,-3.7014582363208,-3.20722520764823,-3.47074844462327,0,1,1,0,116,"Q4"
"5804",107,8.87738195470003,113,-3.34351827007548,-3.7014582363208,-3.14728217168119,-3.47074844462327,1,0,0,0,127.3,"Q4"
"5805",107,9.27087087170001,114,-3.34351827007548,-3.7014582363208,-3.14728217168119,-3.48084954060977,0,0,1,0,127.3,"Q4"
"5806",107,9.03408040660004,116,-3.47074844462327,-3.7014582363208,-3.14728217168119,-3.90424086498609,1,0,0,0,127.3,"Q4"
"5807",107,8.96290412809996,117,-3.47074844462327,-3.7014582363208,-3.14728217168119,-3.69514906712753,0,0,0,0,131.5,"Q4"
"5808",107,8.5656023306,118,-3.34351827007548,-3.7014582363208,-3.14728217168119,-3.52230625428812,1,0,0,0,131.5,"Q4"
"5809",107,8.52833093580003,119,-3.34351827007548,-3.7014582363208,-3.14728217168119,-3.63415455442469,0,0,1,0,131.5,"Q4"
"5810",107,9.88573083089996,120,-3.47074844462327,-3.7014582363208,-3.28758971741625,-3.63415455442469,1,0,1,1,131.5,"Q4"
"5811",107,9.70406052779999,121,-3.47074844462327,-3.7014582363208,-3.28758971741625,-3.57666746350701,0,0,0,0,135.1,"Q1"
"5812",107,8.92105701820002,122,-3.47074844462327,-3.7014582363208,-3.33033126579352,-3.7601069634023,0,1,1,0,135.1,"Q1"
"5813",107,9.67633597980004,123,-3.24660037288306,-3.7014582363208,-3.33033126579352,-3.7601069634023,0,0,1,1,135.1,"Q1"
"5814",107,8.3635757028,125,-3.24660037288306,-3.7014582363208,-3.06360969595708,-3.57666746350701,0,0,0,0,135.1,"Q1"
"5815",107,8.5656023306,126,-3.18055696056606,-3.7014582363208,-3.06360969595708,-3.7601069634023,0,0,1,0,134.7,"Q1"
"5816",107,8.97916464900004,127,-3.47074844462327,-3.7014582363208,-3.47074844462327,-4.16893341921317,0,1,0,0,134.7,"Q1"
"5817",107,9.27687689579999,129,-3.47074844462327,-3.7014582363208,-3.47074844462327,-3.57666746350701,0,1,1,0,134.7,"Q1"
"5818",107,9.37923890839995,130,-3.18055696056606,-3.7014582363208,-3.57666746350701,-3.63415455442469,1,0,0,0,134.7,"Q1"
"5819",107,10.377483203,131,-3.47074844462327,-3.7014582363208,-3.57666746350701,-3.69514906712753,0,0,1,1,134.7,"Q1"
"5820",107,10.567411874,134,-3.47074844462327,-3.7014582363208,-3.24259235148552,-3.90424086498609,0,1,1,1,134.3,"Q2"
"5821",107,9.24028744829999,135,-3.47074844462327,-3.7014582363208,-3.24259235148552,-3.63415455442469,0,0,0,0,134.3,"Q2"
"5822",107,8.90381521169997,136,-3.18055696056606,-3.90424086498609,-3.07707791300794,-3.63415455442469,1,0,0,0,134.3,"Q2"
"5823",107,10.7056684939999,137,-3.47074844462327,-3.90424086498609,-3.07707791300794,-3.57666746350701,0,0,1,1,134.3,"Q2"
"5824",107,8.48961642359998,138,-3.18055696056606,-3.52230625428812,-3.35240721749272,-3.57666746350701,0,1,1,0,134.3,"Q2"
"5825",107,8.85936344920003,139,-3.18055696056606,-3.52230625428812,-3.09762658123533,-3.57666746350701,0,1,1,0,126.2,"Q2"
"5826",107,8.81284343350004,140,-3.18055696056606,-3.47074844462327,-3.09762658123533,-3.57666746350701,0,0,0,0,126.2,"Q2"
"5827",107,10.525353531,141,-3.47074844462327,-3.63415455442469,-3.06360969595708,-3.57666746350701,0,0,1,1,126.2,"Q2"
"5828",107,8.78385589659998,142,-3.18055696056606,-3.63415455442469,-3.09762658123533,-3.57666746350701,0,0,1,0,126.2,"Q2"
"5829",107,8.54090971799997,143,-3.16934188974592,-3.63415455442469,-3.24660037288306,-3.57666746350701,0,1,1,0,118.5,"Q2"
"5830",107,8.65869275369998,144,-3.16934188974592,-3.47074844462327,-3.24660037288306,-3.57666746350701,0,0,0,0,118.5,"Q2"
"5831",107,8.43554920239998,145,-3.16934188974592,-3.47074844462327,-3.47074844462327,-3.57666746350701,0,1,1,0,118.5,"Q2"
"5832",107,8.5777236912,146,-3.16934188974592,-3.47074844462327,-3.06360969595708,-3.57666746350701,0,1,1,0,118.5,"Q2"
"5833",107,9.9240741861,147,-3.45548134892015,-3.47074844462327,-3.16934188974592,-3.57666746350701,0,0,1,1,115.5,"Q3"
"5834",107,8.8032739825,149,-3.16934188974592,-3.47074844462327,-3.06360969595708,-3.57666746350701,0,0,0,0,115.5,"Q3"
"5835",107,10.281375893,150,-3.33033126579352,-3.63415455442469,-3.1328414875264,-3.57666746350701,0,1,1,1,115.5,"Q3"
"5836",107,8.64751945309997,151,-3.16934188974592,-3.7601069634023,-3.06360969595708,-3.57666746350701,1,0,0,0,115.5,"Q3"
"5837",107,11.125850222,153,-3.47074844462327,-3.47074844462327,-3.06360969595708,-3.57666746350701,0,0,1,1,114.5,"Q3"
"5838",107,10.766883709,154,-3.47074844462327,-3.57666746350701,-3.1328414875264,-3.57666746350701,0,1,1,1,114.5,"Q3"
"5839",107,10.036618865,155,-3.63415455442469,-3.90424086498609,-3.09762658123533,-3.57666746350701,0,1,1,0,114.5,"Q3"
"5840",107,9.14931567009999,156,-3.63415455442469,-3.47074844462327,-3.24660037288306,-3.50655789731998,0,1,1,0,112.5,"Q3"
"5841",107,10.109525636,157,-3.47074844462327,-3.40276110363834,-3.24660037288306,-3.50655789731998,0,0,1,1,112.5,"Q3"
"5842",107,8.94637482609996,158,-3.16934188974592,-3.40276110363834,-3.06360969595708,-3.69514906712753,0,0,1,0,112.5,"Q3"
"5843",107,8.88627090209996,159,-3.24660037288306,-3.7601069634023,-3.1328414875264,-3.69514906712753,0,1,0,0,112.5,"Q3"
"5844",107,11.157392726,160,-3.37498153953126,-3.40276110363834,-2.99573227355399,-3.50655789731998,0,0,1,1,106.5,"Q4"
"5845",109,8.86841328469997,42,-3.00515149547048,-3.16934188974592,-2.99886216656292,-3.52230625428812,0,0,1,0,160,"Q2"
"5846",109,8.97916464900004,43,-3.00515149547048,-3.16934188974592,-2.99886216656292,-3.47074844462327,0,0,1,0,160.4,"Q3"
"5847",109,10.912321002,44,-3.20722520764823,-3.16934188974592,-2.99886216656292,-3.18432344336154,0,0,1,1,160.4,"Q3"
"5848",109,8.70217786560003,45,-3.00515149547048,-3.16934188974592,-2.99886216656292,-3.28758971741625,0,0,0,0,160.4,"Q3"
"5849",109,8.73359406190002,48,-3.00515149547048,-3.42171901738295,-2.99886216656292,-3.28758971741625,0,0,1,0,160.8,"Q3"
"5850",109,8.85023096560004,50,-3.00515149547048,-3.42171901738295,-3.1328414875264,-3.47074844462327,0,1,1,0,160.8,"Q3"
"5851",109,8.76405326930003,52,-3.00515149547048,-3.52230625428812,-3.1328414875264,-3.47074844462327,0,0,1,0,150.9,"Q3"
"5852",109,10.953469664,53,-3.37498153953126,-3.52230625428812,-2.99886216656292,-3.47074844462327,0,0,1,1,150.9,"Q3"
"5853",109,8.46294817659997,54,-3.00515149547048,-3.57666746350701,-2.99886216656292,-3.28758971741625,0,0,1,0,150.9,"Q3"
"5854",109,8.9710674387,55,-3.00515149547048,-3.57666746350701,-2.99886216656292,-3.28758971741625,1,0,0,0,150.9,"Q3"
"5855",109,9.46715078080002,56,-3.00515149547048,-3.57666746350701,-2.99886216656292,-3.47074844462327,0,1,1,0,147.2,"Q4"
"5856",109,10.877896238,57,-3.47074844462327,-3.16934188974592,-3.03071199245002,-3.47074844462327,0,0,1,1,147.2,"Q4"
"5857",109,9.18276360419998,58,-3.1102618905709,-3.94377170374273,-3.06360969595708,-3.47074844462327,1,1,0,0,147.2,"Q4"
"5858",109,8.9871968207,59,-3.00515149547048,-3.69514906712753,-3.06360969595708,-3.47074844462327,0,0,1,0,147.2,"Q4"
"5859",109,11.140817761,60,-3.47074844462327,-3.69514906712753,-3.06360969595708,-3.47074844462327,1,0,1,1,120.9,"Q4"
"5860",109,8.8032739825,61,-3.00515149547048,-3.90424086498609,-3.06360969595708,-3.47074844462327,0,1,1,0,120.9,"Q4"
"5861",109,11.362288604,62,-3.47074844462327,-4.16893341921317,-3.06360969595708,-3.16934188974592,0,0,1,1,120.9,"Q4"
"5862",109,9.62694322449997,63,-3.47074844462327,-3.69514906712753,-3.06360969595708,-3.33033126579352,1,0,0,0,120.9,"Q4"
"5863",109,9.60130079389996,64,-3.00515149547048,-3.24660037288306,-3.06360969595708,-3.47074844462327,1,0,1,0,120.9,"Q4"
"5864",109,9.87919486000003,69,-3.47074844462327,-3.16934188974592,-3.52230625428812,-3.47074844462327,0,1,1,0,114.4,"Q1"
"5865",109,9.15609535709998,70,-3.20722520764823,-4.16893341921317,-3.20722520764823,-3.24660037288306,1,0,1,0,114.4,"Q1"
"5866",109,9.27087087170001,71,-3.20722520764823,-3.16934188974592,-3.20722520764823,-3.63415455442469,0,0,1,0,114.4,"Q1"
"5867",109,10.965712444,72,-3.47074844462327,-3.16934188974592,-2.99886216656292,-3.63415455442469,0,0,1,1,114.4,"Q1"
"5868",109,9.3462688892,73,-3.20722520764823,-3.7601069634023,-2.99886216656292,-3.47074844462327,1,0,0,0,114.4,"Q1"
"5869",109,9.30637756020002,74,-3.24660037288306,-3.7601069634023,-3.24660037288306,-3.47074844462327,0,0,1,0,114.4,"Q1"
"5870",109,9.19583568579999,75,-3.24660037288306,-3.16934188974592,-3.16934188974592,-3.7601069634023,0,0,1,0,114.4,"Q1"
"5871",109,9.60130079389996,76,-3.24660037288306,-3.16934188974592,-2.99886216656292,-3.7601069634023,0,0,1,0,114.4,"Q1"
"5872",109,10.691217376,77,-3.47074844462327,-3.47074844462327,-2.99886216656292,-3.37498153953126,1,0,1,1,114.4,"Q1"
"5873",109,8.9871968207,78,-3.20722520764823,-4.07270538711862,-2.99886216656292,-3.37498153953126,1,0,0,0,111.7,"Q1"
"5874",109,9.68433602250001,79,-3.20722520764823,-3.16934188974592,-2.99886216656292,-3.57666746350701,0,0,1,0,111.7,"Q1"
"5875",109,11.440956741,80,-3.63415455442469,-3.16934188974592,-2.99886216656292,-3.37498153953126,0,0,1,1,111.7,"Q1"
"5876",109,9.89222436029996,81,-3.63415455442469,-3.69514906712753,-3.63415455442469,-3.37498153953126,1,1,0,0,111.7,"Q1"
"5877",109,9.3350328159,83,-3.42171901738295,-3.69514906712753,-3.47074844462327,-4.03666545063542,0,1,0,0,111.7,"Q2"
"5878",109,9.60130079389996,84,-3.42171901738295,-4.16893341921317,-2.99886216656292,-3.57666746350701,1,0,0,0,111.7,"Q2"
"5879",109,9.54795481319998,85,-3.42171901738295,-3.16934188974592,-3.47074844462327,-3.57666746350701,1,1,0,0,111.7,"Q2"
"5880",109,10.187161604,86,-3.42171901738295,-3.16934188974592,-3.47074844462327,-3.7601069634023,0,1,0,0,111,"Q2"
"5881",109,11.901719039,87,-3.82957933621707,-3.16934188974592,-3.20722520764823,-3.7601069634023,0,0,1,1,111,"Q2"
"5882",109,9.09335701649998,88,-3.28758971741625,-3.16934188974592,-3.33033126579352,-3.7601069634023,0,1,1,0,111,"Q2"
"5883",109,9.26482855730004,90,-3.28758971741625,-3.69514906712753,-2.99886216656292,-4.03666545063542,0,0,1,0,111,"Q2"
"5884",109,9.10764297370002,91,-3.28758971741625,-3.28758971741625,-3.47074844462327,-3.28758971741625,0,0,1,0,111,"Q2"
"5885",109,10.52363384,92,-3.57666746350701,-3.7601069634023,-3.47074844462327,-3.57666746350701,1,1,1,1,111,"Q2"
"5886",109,9.86931010069997,93,-3.28758971741625,-3.90424086498609,-3.06360969595708,-3.90424086498609,0,1,0,0,111,"Q2"
"5887",109,11.199419474,94,-3.63415455442469,-3.47074844462327,-3.03071199245002,-3.28758971741625,0,0,1,1,111,"Q2"
"5888",109,9.5838331008,95,-3.63415455442469,-3.47074844462327,-3.47074844462327,-3.28758971741625,0,0,1,0,111,"Q3"
"5889",109,8.99516499030001,96,-3.28758971741625,-3.69514906712753,-3.47074844462327,-3.28758971741625,1,1,0,0,111,"Q3"
"5890",109,8.99516499030001,97,-3.28758971741625,-3.69514906712753,-3.47074844462327,-3.47074844462327,0,0,1,0,111,"Q3"
"5891",109,8.9710674387,98,-3.28758971741625,-3.47074844462327,-3.06083094301201,-3.47074844462327,0,1,1,0,111,"Q3"
"5892",109,9.10052550600004,99,-3.28758971741625,-4.16893341921317,-3.37498153953126,-3.47074844462327,1,0,1,0,107.2,"Q3"
"5893",109,8.99516499030001,100,-3.28758971741625,-4.16893341921317,-3.37498153953126,-3.52230625428812,0,0,0,0,107.2,"Q3"
"5894",109,9.42674124240004,101,-3.28758971741625,-3.7601069634023,-3.28758971741625,-3.37498153953126,1,0,0,0,107.2,"Q3"
"5895",109,11.372651391,102,-3.90424086498609,-3.7601069634023,-3.10457105358814,-3.37498153953126,0,0,1,1,107.2,"Q3"
"5896",109,8.95467362900003,103,-3.28758971741625,-3.82957933621707,-3.10457105358814,-3.47074844462327,0,0,1,0,107.2,"Q3"
"5897",109,9.2214781164,104,-3.28758971741625,-3.82957933621707,-3.47074844462327,-3.47074844462327,0,1,1,0,107.4,"Q3"
"5898",109,10.942208284,105,-3.47074844462327,-3.82957933621707,-3.10457105358814,-3.47074844462327,0,0,1,1,107.4,"Q3"
"5899",109,9.10052550600004,106,-3.47074844462327,-3.7014582363208,-3.24660037288306,-3.63415455442469,1,1,1,0,107.4,"Q3"
"5900",109,9.68433602250001,108,-3.57666746350701,-3.7014582363208,-3.47074844462327,-3.47074844462327,0,1,0,0,116,"Q4"
"5901",109,9.71571114510001,109,-3.57666746350701,-3.7014582363208,-3.10457105358814,-3.46074836128869,1,0,0,0,116,"Q4"
"5902",109,9.47208906240003,111,-3.28758971741625,-3.7014582363208,-3.20722520764823,-3.47074844462327,0,1,1,0,116,"Q4"
"5903",109,10.443017244,112,-3.7601069634023,-3.7014582363208,-3.10457105358814,-3.47074844462327,0,0,0,0,116,"Q4"
"5904",109,9.03408040660004,113,-3.28758971741625,-3.7014582363208,-3.10457105358814,-3.47074844462327,1,0,0,0,127.3,"Q4"
"5905",109,9.39532504620004,114,-3.28758971741625,-3.7014582363208,-3.10457105358814,-3.48084954060977,0,0,1,0,127.3,"Q4"
"5906",109,9.74987006390004,115,-3.47074844462327,-3.7014582363208,-3.47074844462327,-3.47074844462327,0,1,1,0,127.3,"Q4"
"5907",109,9.45720044990004,116,-3.47074844462327,-3.7014582363208,-3.10457105358814,-3.90424086498609,1,0,0,0,127.3,"Q4"
"5908",109,9.44208681210002,117,-3.47074844462327,-3.7014582363208,-3.10457105358814,-3.69514906712753,0,0,0,0,131.5,"Q4"
"5909",109,9.03408040660004,118,-3.28758971741625,-3.7014582363208,-3.10457105358814,-3.52230625428812,1,0,0,0,131.5,"Q4"
"5910",109,9.2214781164,119,-3.28758971741625,-3.7014582363208,-3.10457105358814,-3.63415455442469,0,0,1,0,131.5,"Q4"
"5911",109,10.106918073,120,-3.47074844462327,-3.7014582363208,-3.28758971741625,-3.63415455442469,1,0,1,1,131.5,"Q4"
"5912",109,10.042205472,121,-3.47074844462327,-3.7014582363208,-3.28758971741625,-3.57666746350701,0,0,0,0,135.1,"Q1"
"5913",109,9.37381884100003,122,-3.47074844462327,-3.7014582363208,-3.33033126579352,-3.7601069634023,0,1,1,0,135.1,"Q1"
"5914",109,10.069679727,123,-3.24660037288306,-3.7014582363208,-3.33033126579352,-3.7601069634023,0,0,1,1,135.1,"Q1"
"5915",109,9.605620455,124,-3.24660037288306,-3.7014582363208,-2.99886216656292,-3.47074844462327,0,0,1,1,135.1,"Q1"
"5916",109,9.16282938930003,125,-3.24660037288306,-3.7014582363208,-2.99886216656292,-3.47074844462327,0,0,0,0,135.1,"Q1"
"5917",109,9.36836923619997,126,-3.1328414875264,-3.7014582363208,-2.99886216656292,-3.7601069634023,0,0,1,0,134.7,"Q1"
"5918",109,9.53878043690001,127,-3.47074844462327,-3.7014582363208,-3.47074844462327,-4.16893341921317,0,1,0,0,134.7,"Q1"
"5919",109,11.705857201,128,-3.47074844462327,-3.7014582363208,-2.99886216656292,-3.28758971741625,0,0,1,1,134.7,"Q1"
"5920",109,9.61846859750004,129,-3.47074844462327,-3.7014582363208,-3.47074844462327,-3.47074844462327,0,1,1,0,134.7,"Q1"
"5921",109,9.5838331008,130,-3.1328414875264,-3.7014582363208,-3.57666746350701,-3.63415455442469,1,0,0,0,134.7,"Q1"
"5922",109,10.569057965,131,-3.47074844462327,-3.7014582363208,-3.57666746350701,-3.69514906712753,0,0,1,1,134.7,"Q1"
"5923",109,9.46218799139997,132,-3.47074844462327,-3.7014582363208,-3.57666746350701,-3.69514906712753,0,1,0,0,134.7,"Q1"
"5924",109,9.31217467790004,133,-3.1328414875264,-3.7014582363208,-3.1328414875264,-3.90424086498609,0,0,1,0,134.7,"Q1"
"5925",109,10.383441513,134,-3.47074844462327,-3.7014582363208,-3.24259235148552,-3.90424086498609,0,1,1,1,134.3,"Q2"
"5926",109,9.27087087170001,136,-3.1328414875264,-3.90424086498609,-3.04374149274035,-3.63415455442469,1,0,0,0,134.3,"Q2"
"5927",109,10.833444475,137,-3.42171901738295,-3.90424086498609,-3.04374149274035,-3.47074844462327,0,0,1,1,134.3,"Q2"
"5928",109,9.07886400919999,138,-3.1328414875264,-3.47074844462327,-3.28758971741625,-3.33033126579352,0,1,1,0,134.3,"Q2"
"5929",109,9.16951837750003,139,-3.1328414875264,-3.47074844462327,-3.09762658123533,-3.47074844462327,0,1,1,0,126.2,"Q2"
"5930",109,9.3350328159,140,-3.1328414875264,-3.42171901738295,-3.09762658123533,-3.47074844462327,0,0,0,0,126.2,"Q2"
"5931",109,10.743674476,141,-3.42171901738295,-3.63415455442469,-3.06360969595708,-3.28758971741625,0,0,1,1,126.2,"Q2"
"5932",109,9.16951837750003,142,-3.1328414875264,-3.63415455442469,-3.09762658123533,-3.47074844462327,0,0,1,0,126.2,"Q2"
"5933",109,9.01869548770001,143,-3.09762658123533,-3.63415455442469,-3.24660037288306,-3.28758971741625,0,1,1,0,118.5,"Q2"
"5934",109,9.24647941859996,144,-3.09762658123533,-3.42171901738295,-3.24660037288306,-3.36137588747548,0,0,0,0,118.5,"Q2"
"5935",109,9.04923221160001,145,-3.09762658123533,-3.42171901738295,-3.47074844462327,-3.36137588747548,0,1,1,0,118.5,"Q2"
"5936",109,9.00307016980004,146,-3.09762658123533,-3.47074844462327,-3.06360969595708,-3.47074844462327,0,1,1,0,118.5,"Q2"
"5937",109,10.201515917,147,-3.45107919266123,-3.47074844462327,-3.16934188974592,-3.47074844462327,0,0,1,1,115.5,"Q3"
"5938",109,10.6281334,150,-3.33033126579352,-3.63415455442469,-3.1328414875264,-3.42171901738295,0,1,1,1,115.5,"Q3"
"5939",109,9.21512888869999,151,-3.09762658123533,-3.7601069634023,-3.06360969595708,-3.42171901738295,1,0,0,0,115.5,"Q3"
"5940",109,11.410228067,153,-3.47074844462327,-3.42171901738295,-3.06360969595708,-3.28758971741625,0,0,1,1,114.5,"Q3"
"5941",109,10.930818639,154,-3.47074844462327,-3.52230625428812,-3.1328414875264,-3.47074844462327,0,1,1,1,114.5,"Q3"
"5942",109,9.94578046470002,156,-3.63415455442469,-3.42171901738295,-3.24660037288306,-3.47074844462327,0,1,1,0,112.5,"Q3"
"5943",109,10.956823496,157,-3.47074844462327,-3.35240721749272,-3.24660037288306,-3.2188758248682,0,0,1,1,112.5,"Q3"
"5944",109,9.17616292019996,158,-3.09762658123533,-3.35240721749272,-2.99886216656292,-3.69514906712753,0,0,1,0,112.5,"Q3"
"5945",109,9.06415786180001,159,-3.16934188974592,-3.7601069634023,-3.1328414875264,-3.69514906712753,0,1,0,0,112.5,"Q3"
"5946",109,11.338952958,160,-3.37498153953126,-3.35240721749272,-2.99573227355399,-3.47074844462327,0,0,1,1,106.5,"Q4"
"5947",110,8.12917499690002,42,-3.06360969595708,-3.24660037288306,-3.01148063052213,-3.52230625428812,0,0,1,0,160,"Q2"
"5948",110,8.26975694750001,43,-3.06360969595708,-3.24660037288306,-3.01148063052213,-3.47074844462327,0,0,1,0,160.4,"Q3"
"5949",110,9.7610019042,44,-3.20722520764823,-3.24660037288306,-3.01148063052213,-3.25062452318278,0,0,1,1,160.4,"Q3"
"5950",110,8.05070338149999,45,-3.06360969595708,-3.24660037288306,-3.01148063052213,-3.57666746350701,0,0,0,0,160.4,"Q3"
"5951",110,9.04923221160001,46,-3.06360969595708,-3.24660037288306,-3.09762658123533,-3.57666746350701,0,1,1,0,160.4,"Q3"
"5952",110,9.81137226360003,47,-3.28758971741625,-3.42171901738295,-3.09762658123533,-3.25062452318278,1,0,1,1,160.8,"Q3"
"5953",110,8.09070871610001,48,-3.06360969595708,-3.42171901738295,-3.01148063052213,-3.28758971741625,0,0,1,0,160.8,"Q3"
"5954",110,8.09070871610001,50,-3.06360969595708,-3.42171901738295,-3.1328414875264,-3.47074844462327,0,1,1,0,160.8,"Q3"
"5955",110,8.37839078850004,51,-3.06360969595708,-3.52230625428812,-3.1328414875264,-3.33033126579352,1,0,1,0,160.8,"Q3"
"5956",110,7.87245515010004,52,-3.06360969595708,-3.52230625428812,-3.1328414875264,-3.47074844462327,0,0,1,0,150.9,"Q3"
"5957",110,9.89867599549999,53,-3.37498153953126,-3.52230625428812,-3.01148063052213,-3.47074844462327,0,0,1,1,150.9,"Q3"
"5958",110,8.18423477410002,54,-3.06360969595708,-3.57666746350701,-3.01148063052213,-3.47074844462327,0,0,1,0,150.9,"Q3"
"5959",110,8.18423477410002,55,-3.06360969595708,-3.57666746350701,-3.01148063052213,-3.47074844462327,1,0,0,0,150.9,"Q3"
"5960",110,9.2214781164,56,-3.06360969595708,-3.57666746350701,-3.06360969595708,-3.47074844462327,0,1,1,0,147.2,"Q4"
"5961",110,10.294447974,57,-3.47074844462327,-3.24660037288306,-3.06360969595708,-3.47074844462327,0,0,1,1,147.2,"Q4"
"5962",110,8.5026885052,58,-3.16028557451225,-3.94377170374273,-3.06360969595708,-3.47074844462327,1,1,0,0,147.2,"Q4"
"5963",110,8.16621626860002,59,-3.06360969595708,-3.69514906712753,-3.06360969595708,-3.57666746350701,0,0,1,0,147.2,"Q4"
"5964",110,10.311615778,60,-3.52230625428812,-3.69514906712753,-3.06360969595708,-3.47074844462327,1,0,1,1,120.9,"Q4"
"5965",110,8.16621626860002,61,-3.06360969595708,-3.90424086498609,-3.06360969595708,-3.69514906712753,0,1,1,0,120.9,"Q4"
"5966",110,10.3573618,62,-3.47074844462327,-4.16893341921317,-3.06360969595708,-3.2188758248682,0,0,1,1,120.9,"Q4"
"5967",110,9.10764297370002,63,-3.47074844462327,-3.69514906712753,-3.06360969595708,-3.33033126579352,1,0,0,0,120.9,"Q4"
"5968",110,9.13561682580005,64,-3.06360969595708,-3.24660037288306,-3.06360969595708,-3.47074844462327,1,0,1,0,120.9,"Q4"
"5969",110,10.307351379,65,-3.47074844462327,-3.37498153953126,-3.16934188974592,-3.47074844462327,0,0,1,1,117.8,"Q4"
"5970",110,9.6601412939,67,-3.47074844462327,-3.37498153953126,-3.28758971741625,-3.47074844462327,0,0,1,0,117.8,"Q4"
"5971",110,9.32936707840001,69,-3.47074844462327,-3.37498153953126,-3.52230625428812,-3.47074844462327,0,1,1,0,114.4,"Q1"
"5972",110,8.47637119690002,70,-3.2587217334154,-4.16893341921317,-3.20722520764823,-3.30022146432215,1,0,1,0,114.4,"Q1"
"5973",110,8.69148257649997,71,-3.2587217334154,-3.37498153953126,-3.20722520764823,-3.63415455442469,0,0,1,0,114.4,"Q1"
"5974",110,10.578878012,72,-3.47074844462327,-3.37498153953126,-3.01148063052213,-3.63415455442469,0,0,1,1,114.4,"Q1"
"5975",110,8.52833093580003,73,-3.2587217334154,-3.7601069634023,-3.01148063052213,-3.47074844462327,1,0,0,0,114.4,"Q1"
"5976",110,8.54090971799997,74,-3.27925633585711,-3.7601069634023,-3.24660037288306,-3.47074844462327,0,0,1,0,114.4,"Q1"
"5977",110,8.55333223800003,75,-3.27925633585711,-3.37498153953126,-3.16934188974592,-3.7601069634023,0,0,1,0,114.4,"Q1"
"5978",110,9.18276360419998,76,-3.27925633585711,-3.37498153953126,-3.01148063052213,-3.7601069634023,0,0,1,0,114.4,"Q1"
"5979",110,10.311615778,77,-3.47074844462327,-3.47074844462327,-3.01148063052213,-3.37498153953126,1,0,1,1,114.4,"Q1"
"5980",110,8.00903068509998,78,-3.2587217334154,-4.07270538711862,-3.01148063052213,-3.37498153953126,1,0,0,0,111.7,"Q1"
"5981",110,9.5525106297,79,-3.2587217334154,-3.37498153953126,-3.01148063052213,-3.57666746350701,0,0,1,0,111.7,"Q1"
"5982",110,11.31349844,80,-3.63415455442469,-3.37498153953126,-3.01148063052213,-3.37498153953126,0,0,1,1,111.7,"Q1"
"5983",110,10.328493816,81,-3.63415455442469,-3.69514906712753,-3.63415455442469,-3.37498153953126,1,1,0,0,111.7,"Q1"
"5984",110,8.85936344920003,83,-3.42171901738295,-3.69514906712753,-3.47074844462327,-4.03666545063542,0,1,0,0,111.7,"Q2"
"5985",110,8.64751945309997,84,-3.42171901738295,-4.16893341921317,-3.01148063052213,-3.57666746350701,1,0,0,0,111.7,"Q2"
"5986",110,8.90381521169997,85,-3.42171901738295,-3.37498153953126,-3.47074844462327,-3.57666746350701,1,1,0,0,111.7,"Q2"
"5987",110,9.18932100480001,88,-3.34351827007548,-3.37498153953126,-3.33033126579352,-3.7601069634023,0,1,1,0,111,"Q2"
"5988",110,9.68433602250001,89,-3.34351827007548,-3.69514906712753,-3.01148063052213,-3.7601069634023,1,0,0,0,111,"Q2"
"5989",110,9.03408040660004,90,-3.34351827007548,-3.69514906712753,-3.01148063052213,-4.03666545063542,0,0,1,0,111,"Q2"
"5990",110,8.51559191000002,91,-3.34351827007548,-3.42171901738295,-3.47074844462327,-3.34351827007548,0,0,1,0,111,"Q2"
"5991",110,10.0024275,92,-3.63415455442469,-3.81529337896959,-3.47074844462327,-3.63415455442469,1,1,1,1,111,"Q2"
"5992",110,9.42157327230005,93,-3.34351827007548,-3.90424086498609,-3.06360969595708,-3.90424086498609,0,1,0,0,111,"Q2"
"5993",110,10.68244539,94,-3.63415455442469,-3.52230625428812,-3.03071199245002,-3.34351827007548,0,0,1,1,111,"Q2"
"5994",110,9.56156046519999,95,-3.63415455442469,-3.52230625428812,-3.47074844462327,-3.34351827007548,0,0,1,0,111,"Q3"
"5995",110,8.23642052730002,96,-3.34351827007548,-3.69514906712753,-3.47074844462327,-3.34351827007548,1,1,0,0,111,"Q3"
"5996",110,8.18423477410002,97,-3.34351827007548,-3.69514906712753,-3.47074844462327,-3.47074844462327,0,0,1,0,111,"Q3"
"5997",110,8.11012680190003,98,-3.34351827007548,-3.52230625428812,-3.07369645718936,-3.47074844462327,0,1,1,0,111,"Q3"
"5998",110,8.09070871610001,99,-3.34351827007548,-4.16893341921317,-3.37498153953126,-3.47074844462327,1,0,1,0,107.2,"Q3"
"5999",110,8.12917499690002,100,-3.34351827007548,-4.16893341921317,-3.37498153953126,-3.52230625428812,0,0,0,0,107.2,"Q3"
"6000",110,9.5012173353,101,-3.34351827007548,-3.7601069634023,-3.28758971741625,-3.37498153953126,1,0,0,0,107.2,"Q3"
"6001",110,11.1763892259999,102,-3.90424086498609,-3.7601069634023,-3.14728217168119,-3.37498153953126,0,0,1,1,107.2,"Q3"
"6002",110,8.34853782539999,103,-3.34351827007548,-3.82957933621707,-3.14728217168119,-3.47074844462327,0,0,1,0,107.2,"Q3"
"6003",110,8.64751945309997,104,-3.34351827007548,-3.82957933621707,-3.47074844462327,-3.47074844462327,0,1,1,0,107.4,"Q3"
"6004",110,10.031000873,105,-3.47074844462327,-3.82957933621707,-3.14728217168119,-3.47074844462327,0,0,1,1,107.4,"Q3"
"6005",110,8.54090971799997,106,-3.47074844462327,-3.7014582363208,-3.24660037288306,-3.63415455442469,1,1,1,0,107.4,"Q3"
"6006",110,8.92105701820002,107,-3.52230625428812,-3.7014582363208,-3.14728217168119,-3.63415455442469,0,0,1,0,107.4,"Q3"
"6007",110,9.14931567009999,109,-3.57666746350701,-3.7014582363208,-3.14728217168119,-3.46074836128869,1,0,0,0,116,"Q4"
"6008",110,8.44934252449998,111,-3.34351827007548,-3.7014582363208,-3.20722520764823,-3.47074844462327,0,1,1,0,116,"Q4"
"6009",110,10.34096799,112,-3.7601069634023,-3.7014582363208,-3.14728217168119,-3.47074844462327,0,0,0,0,116,"Q4"
"6010",110,8.0709060888,113,-3.34351827007548,-3.7014582363208,-3.14728217168119,-3.47074844462327,1,0,0,0,127.3,"Q4"
"6011",110,8.63621989780004,114,-3.34351827007548,-3.7014582363208,-3.14728217168119,-3.48084954060977,0,0,1,0,127.3,"Q4"
"6012",110,9.0861367685,115,-3.47074844462327,-3.7014582363208,-3.47074844462327,-3.47074844462327,0,1,1,0,127.3,"Q4"
"6013",110,8.74385056200001,116,-3.47074844462327,-3.7014582363208,-3.14728217168119,-3.90424086498609,1,0,0,0,127.3,"Q4"
"6014",110,9.03408040660004,117,-3.47074844462327,-3.7014582363208,-3.14728217168119,-3.69514906712753,0,0,0,0,131.5,"Q4"
"6015",110,8.37839078850004,118,-3.34351827007548,-3.7014582363208,-3.14728217168119,-3.52230625428812,1,0,0,0,131.5,"Q4"
"6016",110,8.63621989780004,119,-3.34351827007548,-3.7014582363208,-3.14728217168119,-3.63415455442469,0,0,1,0,131.5,"Q4"
"6017",110,9.9518966917,120,-3.47074844462327,-3.7014582363208,-3.28758971741625,-3.63415455442469,1,0,1,1,131.5,"Q4"
"6018",110,9.57941808260001,121,-3.47074844462327,-3.7014582363208,-3.28758971741625,-3.57666746350701,0,0,0,0,135.1,"Q1"
"6019",110,8.68067166040002,122,-3.47074844462327,-3.7014582363208,-3.33033126579352,-3.7601069634023,0,1,1,0,135.1,"Q1"
"6020",110,9.36288977040002,123,-3.24660037288306,-3.7014582363208,-3.33033126579352,-3.7601069634023,0,0,1,1,135.1,"Q1"
"6021",110,7.84776253750002,125,-3.24660037288306,-3.7014582363208,-3.06360969595708,-3.57666746350701,0,0,0,0,135.1,"Q1"
"6022",110,8.00903068509998,126,-3.18055696056606,-3.7014582363208,-3.06360969595708,-3.7601069634023,0,0,1,0,134.7,"Q1"
"6023",110,8.37839078850004,127,-3.47074844462327,-3.7014582363208,-3.47074844462327,-4.16893341921317,0,1,0,0,134.7,"Q1"
"6024",110,9.07886400919999,129,-3.47074844462327,-3.7014582363208,-3.47074844462327,-3.57666746350701,0,1,1,0,134.7,"Q1"
"6025",110,9.12172771360001,130,-3.18055696056606,-3.7014582363208,-3.57666746350701,-3.63415455442469,1,0,0,0,134.7,"Q1"
"6026",110,9.97002407629995,131,-3.47074844462327,-3.7014582363208,-3.57666746350701,-3.69514906712753,0,0,1,1,134.7,"Q1"
"6027",110,8.78385589659998,132,-3.47074844462327,-3.7014582363208,-3.57666746350701,-3.69514906712753,0,1,0,0,134.7,"Q1"
"6028",110,8.25322764560004,133,-3.18055696056606,-3.7014582363208,-3.1328414875264,-3.90424086498609,0,0,1,0,134.7,"Q1"
"6029",110,9.74613174179998,134,-3.47074844462327,-3.7014582363208,-3.24259235148552,-3.90424086498609,0,1,1,1,134.3,"Q2"
"6030",110,9.04923221160001,135,-3.47074844462327,-3.7014582363208,-3.24259235148552,-3.63415455442469,0,0,0,0,134.3,"Q2"
"6031",110,8.20193435119999,136,-3.18055696056606,-3.90424086498609,-3.07707791300794,-3.63415455442469,1,0,0,0,134.3,"Q2"
"6032",110,9.85932665679996,137,-3.47074844462327,-3.90424086498609,-3.07707791300794,-3.57666746350701,0,0,1,1,134.3,"Q2"
"6033",110,7.84776253750002,138,-3.18055696056606,-3.52230625428812,-3.35240721749272,-3.57666746350701,0,1,1,0,134.3,"Q2"
"6034",110,8.0300840943,139,-3.18055696056606,-3.52230625428812,-3.09762658123533,-3.57666746350701,0,1,1,0,126.2,"Q2"
"6035",110,8.21932609390002,140,-3.18055696056606,-3.47074844462327,-3.09762658123533,-3.57666746350701,0,0,0,0,126.2,"Q2"
"6036",110,9.95494083409999,141,-3.47074844462327,-3.63415455442469,-3.06360969595708,-3.57666746350701,0,0,1,1,126.2,"Q2"
"6037",110,8.26975694750001,142,-3.18055696056606,-3.63415455442469,-3.09762658123533,-3.57666746350701,0,0,1,0,126.2,"Q2"
"6038",110,7.41697962140002,143,-3.16934188974592,-3.63415455442469,-3.24660037288306,-3.57666746350701,0,1,1,0,118.5,"Q2"
"6039",110,8.00903068509998,144,-3.16934188974592,-3.47074844462327,-3.24660037288306,-3.57666746350701,0,0,0,0,118.5,"Q2"
"6040",110,8.00903068509998,145,-3.16934188974592,-3.47074844462327,-3.47074844462327,-3.57666746350701,0,1,1,0,118.5,"Q2"
"6041",110,7.9875244798,146,-3.16934188974592,-3.47074844462327,-3.06360969595708,-3.57666746350701,0,1,1,0,118.5,"Q2"
"6042",110,9.45720044990004,147,-3.45243054417345,-3.47074844462327,-3.16934188974592,-3.57666746350701,0,0,1,1,115.5,"Q3"
"6043",110,8.21932609390002,149,-3.16934188974592,-3.47074844462327,-3.06360969595708,-3.57666746350701,0,0,0,0,115.5,"Q3"
"6044",110,10.272565263,150,-3.33033126579352,-3.63415455442469,-3.1328414875264,-3.57666746350701,0,1,1,1,115.5,"Q3"
"6045",110,8.0709060888,151,-3.16934188974592,-3.7601069634023,-3.06360969595708,-3.57666746350701,1,0,0,0,115.5,"Q3"
"6046",110,9.63952200670001,154,-3.47074844462327,-3.57666746350701,-3.1328414875264,-3.57666746350701,0,1,1,1,114.5,"Q3"
"6047",110,9.86931010069997,155,-3.63415455442469,-3.90424086498609,-3.09762658123533,-3.57666746350701,0,1,1,0,114.5,"Q3"
"6048",110,9.67231182949999,156,-3.63415455442469,-3.47074844462327,-3.24660037288306,-3.57666746350701,0,1,1,0,112.5,"Q3"
"6049",110,9.97599424330003,157,-3.47074844462327,-3.47074844462327,-3.24660037288306,-3.57666746350701,0,0,1,1,112.5,"Q3"
"6050",110,9.31217467790004,158,-3.16934188974592,-3.47074844462327,-3.06360969595708,-3.69514906712753,0,0,1,0,112.5,"Q3"
"6051",111,7.79646924310001,40,-3.00515149547048,-3.69514906712753,-3.16934188974592,-3.54369744426944,1,1,1,0,160,"Q2"
"6052",111,7.71423114480001,42,-3.00515149547048,-3.16934188974592,-2.99886216656292,-3.52230625428812,0,0,1,0,160,"Q2"
"6053",111,8.18423477410002,43,-3.00515149547048,-3.16934188974592,-2.99886216656292,-3.47074844462327,0,0,1,0,160.4,"Q3"
"6054",111,10.638927645,44,-3.20722520764823,-3.16934188974592,-2.99886216656292,-3.22278972418934,0,0,1,1,160.4,"Q3"
"6055",111,7.87245515010004,46,-3.00515149547048,-3.16934188974592,-3.09762658123533,-3.57666746350701,0,1,1,0,160.4,"Q3"
"6056",111,7.92008319910002,50,-3.00515149547048,-3.42171901738295,-3.1328414875264,-3.47074844462327,0,1,1,0,160.8,"Q3"
"6057",111,7.92008319910002,51,-3.00515149547048,-3.52230625428812,-3.1328414875264,-3.33033126579352,1,0,1,0,160.8,"Q3"
"6058",111,8.00903068509998,52,-3.00515149547048,-3.52230625428812,-3.1328414875264,-3.47074844462327,0,0,1,0,150.9,"Q3"
"6059",111,7.5928702878,54,-3.00515149547048,-3.57666746350701,-2.99886216656292,-3.28758971741625,0,0,1,0,150.9,"Q3"
"6060",111,8.05070338149999,55,-3.00515149547048,-3.57666746350701,-2.99886216656292,-3.28758971741625,1,0,0,0,150.9,"Q3"
"6061",111,9.25263328419997,56,-3.00515149547048,-3.57666746350701,-2.99886216656292,-3.47074844462327,0,1,1,0,147.2,"Q4"
"6062",111,11.210738706,57,-3.47074844462327,-3.16934188974592,-3.03071199245002,-3.47074844462327,0,0,1,1,147.2,"Q4"
"6063",111,8.5777236912,58,-3.1576481990129,-3.94377170374273,-3.06360969595708,-3.47074844462327,1,1,0,0,147.2,"Q4"
"6064",111,10.835966545,60,-3.47074844462327,-3.69514906712753,-3.06360969595708,-3.47074844462327,1,0,1,1,120.9,"Q4"
"6065",111,11.304867551,62,-3.47074844462327,-4.16893341921317,-3.06360969595708,-3.22278972418934,0,0,1,1,120.9,"Q4"
"6066",111,9.93032420650002,63,-3.47074844462327,-3.69514906712753,-3.06360969595708,-3.33033126579352,1,0,0,0,120.9,"Q4"
"6067",111,9.60992153690002,69,-3.47074844462327,-3.16934188974592,-3.52230625428812,-3.47074844462327,0,1,1,0,114.4,"Q1"
"6068",111,8.05070338149999,70,-3.20722520764823,-4.16893341921317,-3.20722520764823,-3.2587217334154,1,0,1,0,114.4,"Q1"
"6069",111,9.57941808260001,71,-3.20722520764823,-3.16934188974592,-3.20722520764823,-3.63415455442469,0,0,1,0,114.4,"Q1"
"6070",111,11.40809814,72,-3.47074844462327,-3.16934188974592,-2.99886216656292,-3.63415455442469,0,0,1,1,114.4,"Q1"
"6071",111,8.78385589659998,73,-3.20722520764823,-3.7601069634023,-2.99886216656292,-3.47074844462327,1,0,0,0,114.4,"Q1"
"6072",111,8.61323037960001,74,-3.24660037288306,-3.7601069634023,-3.24660037288306,-3.47074844462327,0,0,1,0,114.4,"Q1"
"6073",111,9.56156046519999,76,-3.24660037288306,-3.16934188974592,-2.99886216656292,-3.7601069634023,0,0,1,0,114.4,"Q1"
"6074",111,11.097167567,77,-3.47074844462327,-3.47074844462327,-2.99886216656292,-3.37498153953126,1,0,1,1,114.4,"Q1"
"6075",111,8.00903068509998,78,-3.20722520764823,-4.07270538711862,-2.99886216656292,-3.37498153953126,1,0,0,0,111.7,"Q1"
"6076",111,9.02641753380003,83,-3.42171901738295,-3.69514906712753,-3.47074844462327,-4.03666545063542,0,1,0,0,111.7,"Q2"
"6077",111,9.06415786180001,84,-3.42171901738295,-4.16893341921317,-2.99886216656292,-3.57666746350701,1,0,0,0,111.7,"Q2"
"6078",111,9.0567228833,85,-3.42171901738295,-3.16934188974592,-3.47074844462327,-3.57666746350701,1,1,0,0,111.7,"Q2"
"6079",111,10.429871515,86,-3.42171901738295,-3.16934188974592,-3.47074844462327,-3.7601069634023,0,1,0,0,111,"Q2"
"6080",111,8.5026885052,88,-3.28758971741625,-3.16934188974592,-3.33033126579352,-3.7601069634023,0,1,1,0,111,"Q2"
"6081",111,8.52833093580003,89,-3.28758971741625,-3.69514906712753,-2.99886216656292,-3.7601069634023,1,0,0,0,111,"Q2"
"6082",111,8.48961642359998,90,-3.28758971741625,-3.69514906712753,-2.99886216656292,-4.03666545063542,0,0,1,0,111,"Q2"
"6083",111,8.30201780980003,91,-3.28758971741625,-3.16934188974592,-3.47074844462327,-3.28758971741625,0,0,1,0,111,"Q2"
"6084",111,10.298767636,92,-3.57666746350701,-3.7601069634023,-3.47074844462327,-3.65735596565719,1,1,1,1,111,"Q2"
"6085",111,9.83220635050002,95,-3.63415455442469,-3.47074844462327,-3.47074844462327,-3.28758971741625,0,0,1,0,111,"Q3"
"6086",111,8.20193435119999,96,-3.28758971741625,-3.69514906712753,-3.47074844462327,-3.28758971741625,1,1,0,0,111,"Q3"
"6087",111,7.87245515010004,99,-3.28758971741625,-4.16893341921317,-3.37498153953126,-3.47074844462327,1,0,1,0,107.2,"Q3"
"6088",111,8.11012680190003,100,-3.28758971741625,-4.16893341921317,-3.37498153953126,-3.52230625428812,0,0,0,0,107.2,"Q3"
"6089",111,9.10764297370002,104,-3.28758971741625,-3.82957933621707,-3.47074844462327,-3.47074844462327,0,1,1,0,107.4,"Q3"
"6090",111,11.231304984,105,-3.47074844462327,-3.82957933621707,-3.10457105358814,-3.47074844462327,0,0,1,1,107.4,"Q3"
"6091",111,8.78385589659998,106,-3.48885388233569,-3.69514906712753,-3.15908385313807,-3.63415455442469,1,1,1,0,107.4,"Q3"
"6092",111,9.86599334810001,108,-3.57666746350701,-3.73361534795533,-3.47074844462327,-3.46074836128869,0,1,0,0,116,"Q4"
"6093",111,9.605620455,109,-3.4762686952187,-3.7601069634023,-3.10457105358814,-3.42171901738295,1,0,0,0,116,"Q4"
"6094",111,8.5777236912,111,-3.28758971741625,-3.47074844462327,-3.20722520764823,-3.47074844462327,0,1,1,0,116,"Q4"
"6095",111,8.25322764560004,113,-3.28758971741625,-3.63415455442469,-3.10457105358814,-3.48084954060977,1,0,0,0,127.3,"Q4"
"6096",111,9.32936707840001,114,-3.41367200524308,-3.61076167484998,-3.10457105358814,-3.47364501432727,0,0,1,0,127.3,"Q4"
"6097",111,9.68433602250001,115,-3.47074844462327,-3.47074844462327,-3.47074844462327,-3.84407234351964,0,1,1,0,127.3,"Q4"
"6098",111,9.06415786180001,116,-3.47074844462327,-3.75341797525151,-3.26875446508781,-3.81529337896959,1,0,0,0,127.3,"Q4"
"6099",111,9.74613174179998,117,-3.60071229596341,-3.69514906712753,-3.10457105358814,-3.63415455442469,0,0,0,0,131.5,"Q4"
"6100",111,8.28601746839997,118,-3.28758971741625,-3.69514906712753,-3.10457105358814,-3.57666746350701,1,0,0,0,131.5,"Q4"
"6101",111,8.3635757028,119,-3.376247702604,-3.6826489043633,-3.14698835245029,-3.73562914945653,0,0,1,0,131.5,"Q4"
"6102",111,11.158305551,120,-3.47074844462327,-3.63415455442469,-3.28758971741625,-3.5898757220614,1,0,1,1,131.5,"Q4"
"6103",111,9.02641753380003,122,-3.36889766634158,-3.54369744426944,-3.33033126579352,-3.7601069634023,0,1,1,0,135.1,"Q1"
"6104",111,10.189568344,123,-3.24660037288306,-3.58226971905568,-3.28026330242885,-3.7247753061888,0,0,1,1,135.1,"Q1"
"6105",111,9.75359446299998,124,-3.24660037288306,-3.85139838361171,-2.99886216656292,-3.47074844462327,0,0,1,1,135.1,"Q1"
"6106",111,8.5656023306,125,-3.2074158024898,-3.90424086498609,-2.99886216656292,-3.64875494950322,0,0,0,0,135.1,"Q1"
"6107",111,8.30201780980003,126,-3.28216129407003,-3.87370414112601,-2.99886216656292,-3.7601069634023,0,0,1,0,134.7,"Q1"
"6108",111,8.58969988220001,127,-3.47074844462327,-3.59926729542425,-3.47074844462327,-4.16893341921317,0,1,0,0,134.7,"Q1"
"6109",111,8.6697425899,130,-3.33498810357909,-3.82957933621707,-3.57666746350701,-3.65206548099122,1,0,0,0,134.7,"Q1"
"6110",111,10.075085146,131,-3.47074844462327,-3.79423996977176,-3.63213049675652,-3.74677343253284,0,0,1,1,134.7,"Q1"
"6111",111,9.35183993419999,132,-3.39753962541629,-3.7014582363208,-3.62485088172813,-3.70780746399946,0,1,0,0,134.7,"Q1"
"6112",111,11.038238888,134,-3.47074844462327,-3.47074844462327,-3.24259235148552,-3.7601069634023,0,1,1,1,134.3,"Q2"
"6113",111,8.69148257649997,136,-3.1328414875264,-3.90424086498609,-3.04374149274035,-3.59926729542425,1,0,0,0,134.3,"Q2"
"6114",111,10.847237797,137,-3.42171901738295,-3.82957933621707,-3.15554717517376,-3.44938493228961,0,0,1,1,134.3,"Q2"
"6115",111,8.18423477410002,138,-3.1328414875264,-3.47074844462327,-3.28758971741625,-3.33306770301898,0,1,1,0,134.3,"Q2"
"6116",111,8.16621626860002,139,-3.1328414875264,-3.46074836128869,-3.09762658123533,-3.47074844462327,0,1,1,0,126.2,"Q2"
"6117",111,8.65869275369998,140,-3.1328414875264,-3.42171901738295,-3.09073000217627,-3.47074844462327,0,0,0,0,126.2,"Q2"
"6118",111,10.908814277,141,-3.42171901738295,-3.63415455442469,-3.06360969595708,-3.92777136239629,0,0,1,1,126.2,"Q2"
"6119",111,8.42156296040003,142,-3.12311004204851,-3.6400892899445,-3.09762658123533,-3.47074844462327,0,0,1,0,126.2,"Q2"
"6120",111,7.87245515010004,143,-3.09762658123533,-3.61076167484998,-3.24660037288306,-3.33033126579352,0,1,1,0,118.5,"Q2"
"6121",111,8.0300840943,145,-3.09762658123533,-3.45084729030598,-3.47074844462327,-3.36137588747548,0,1,1,0,118.5,"Q2"
"6122",111,8.37839078850004,146,-3.29232961450751,-3.47074844462327,-3.11030647627588,-3.47074844462327,0,1,1,0,118.5,"Q2"
"6123",111,10.782948311,147,-3.4678592787677,-3.54911751173878,-3.16934188974592,-3.3934152412201,0,0,1,1,115.5,"Q3"
"6124",111,9.114710141,149,-3.09762658123533,-3.47074844462327,-3.09283905848723,-3.42171901738295,0,0,0,0,115.5,"Q3"
"6125",111,8.42156296040003,151,-3.10726963112697,-3.7601069634023,-3.077618438184,-3.40746699467575,1,0,0,0,115.5,"Q3"
"6126",111,11.425710431,154,-3.50360564284826,-3.86621346939685,-3.1328414875264,-3.47074844462327,0,1,1,1,114.5,"Q3"
"6127",111,9.53878043690001,156,-3.56291406716136,-3.42171901738295,-3.24660037288306,-3.47074844462327,0,1,1,0,112.5,"Q3"
"6128",111,11.118281595,157,-3.47074844462327,-3.42171901738295,-3.20517161054146,-3.32163555882597,0,0,1,1,112.5,"Q3"
"6129",111,8.89508153180002,158,-3.40403132448747,-3.74017274850149,-3.06360969595708,-3.69514906712753,0,0,1,0,112.5,"Q3"
"6130",111,10.936529677,160,-3.37498153953126,-3.74017274850149,-3.0931557796601,-3.42171901738295,0,0,1,1,106.5,"Q4"
"6131",112,9.14248970509999,45,-3.19570876558667,-3.33033126579352,-3.02305411904993,-3.33033126579352,0,0,0,0,160.4,"Q3"
"6132",112,10.179906433,47,-3.28758971741625,-3.42171901738295,-3.09762658123533,-3.33033126579352,1,0,1,1,160.8,"Q3"
"6133",112,9.25874951120003,52,-3.19570876558667,-3.52230625428812,-3.1328414875264,-3.47074844462327,0,0,1,0,150.9,"Q3"
"6134",112,10.60301434,53,-3.37498153953126,-3.52230625428812,-3.01963424738158,-3.47074844462327,0,0,1,1,150.9,"Q3"
"6135",112,8.93800657649997,54,-3.19570876558667,-3.57666746350701,-3.02139489995568,-3.37498153953126,0,0,1,0,150.9,"Q3"
"6136",112,9.3350328159,55,-3.19570876558667,-3.57666746350701,-3.02186012645917,-3.37498153953126,1,0,0,0,150.9,"Q3"
"6137",112,9.67633597980004,56,-3.19570876558667,-3.57666746350701,-3.02216150098741,-3.47074844462327,0,1,1,0,147.2,"Q4"
"6138",112,9.13561682580005,58,-3.26048752695875,-4.02785482095327,-3.06360969595708,-3.47074844462327,1,1,0,0,147.2,"Q4"
"6139",112,9.04168500589999,59,-3.19570876558667,-3.69514906712753,-3.06360969595708,-3.47074844462327,0,0,1,0,147.2,"Q4"
"6140",112,10.749184132,60,-3.47074844462327,-3.69514906712753,-3.06360969595708,-3.47074844462327,1,0,1,1,120.9,"Q4"
"6141",112,9.21512888869999,61,-3.19570876558667,-3.90424086498609,-3.06360969595708,-3.47074844462327,0,1,1,0,120.9,"Q4"
"6142",112,10.926226209,62,-3.47074844462327,-4.16893341921317,-3.06360969595708,-3.33033126579352,0,0,1,1,120.9,"Q4"
"6143",112,9.77201118969998,63,-3.47074844462327,-3.69514906712753,-3.06360969595708,-3.33033126579352,1,0,0,0,120.9,"Q4"
"6144",112,9.91462529690003,64,-3.19570876558667,-3.33033126579352,-3.06360969595708,-3.47074844462327,1,0,1,0,120.9,"Q4"
"6145",112,9.83563688559998,69,-3.47074844462327,-3.52230625428812,-3.52230625428812,-3.47074844462327,0,1,1,0,114.4,"Q1"
"6146",112,9.44208681210002,70,-3.3841559158073,-4.16893341921317,-3.20722520764823,-3.3841559158073,1,0,1,0,114.4,"Q1"
"6147",112,9.60130079389996,71,-3.3841559158073,-3.52230625428812,-3.20722520764823,-3.63415455442469,0,0,1,0,114.4,"Q1"
"6148",112,10.784275451,72,-3.47074844462327,-3.52230625428812,-3.06360969595708,-3.63415455442469,0,0,1,1,114.4,"Q1"
"6149",112,9.5012173353,73,-3.3841559158073,-3.7601069634023,-3.06360969595708,-3.47074844462327,1,0,0,0,114.4,"Q1"
"6150",112,9.57052913519997,74,-3.40746699467575,-3.7601069634023,-3.24660037288306,-3.47074844462327,0,0,1,0,114.4,"Q1"
"6151",112,9.3350328159,75,-3.40746699467575,-3.52230625428812,-3.16934188974592,-3.7601069634023,0,0,1,0,114.4,"Q1"
"6152",112,9.65605130869996,76,-3.40746699467575,-3.52230625428812,-3.06360969595708,-3.7601069634023,0,0,1,0,114.4,"Q1"
"6153",112,10.806571457,77,-3.47074844462327,-3.52230625428812,-3.06360969595708,-3.3841559158073,1,0,1,1,114.4,"Q1"
"6154",112,9.44715011409995,78,-3.3841559158073,-4.22075848707776,-3.06360969595708,-3.3841559158073,1,0,0,0,111.7,"Q1"
"6155",112,11.252287709,80,-3.63415455442469,-3.52230625428812,-3.06360969595708,-3.47074844462327,0,0,1,1,111.7,"Q1"
"6156",112,9.9240741861,81,-3.63415455442469,-3.69514906712753,-3.7601069634023,-3.47074844462327,1,1,0,0,111.7,"Q1"
"6157",112,9.46715078080002,83,-3.47074844462327,-3.69514906712753,-3.47074844462327,-4.16893341921317,0,1,0,0,111.7,"Q2"
"6158",112,9.42674124240004,84,-3.47074844462327,-4.16893341921317,-3.06360969595708,-3.57666746350701,1,0,0,0,111.7,"Q2"
"6159",112,9.40063009839998,85,-3.47074844462327,-3.52230625428812,-3.47074844462327,-3.57666746350701,1,1,0,0,111.7,"Q2"
"6160",112,10.117307776,86,-3.47074844462327,-3.52230625428812,-3.47074844462327,-3.7601069634023,0,1,0,0,111,"Q2"
"6161",112,11.517076836,87,-3.82957933621707,-3.52230625428812,-3.20722520764823,-3.7601069634023,0,0,1,1,111,"Q2"
"6162",112,9.64782080949995,88,-3.47074844462327,-3.52230625428812,-3.33033126579352,-3.7601069634023,0,1,1,0,111,"Q2"
"6163",112,9.5838331008,89,-3.47074844462327,-3.69514906712753,-3.06360969595708,-3.7601069634023,1,0,0,0,111,"Q2"
"6164",112,9.52485909839998,90,-3.47074844462327,-3.69514906712753,-3.06360969595708,-4.03666545063542,0,0,1,0,111,"Q2"
"6165",112,9.39532504620004,91,-3.47074844462327,-3.63415455442469,-3.47074844462327,-3.47074844462327,0,0,1,0,111,"Q2"
"6166",112,10.7736086839999,92,-3.7601069634023,-3.92777136239629,-3.47074844462327,-3.7601069634023,1,1,1,1,111,"Q2"
"6167",112,10.031000873,93,-3.56091417962363,-4.03666545063542,-3.06360969595708,-3.90424086498609,0,1,0,0,111,"Q2"
"6168",112,10.936529677,94,-3.63415455442469,-4.16893341921317,-3.30022146432215,-3.85139838361171,0,0,1,1,111,"Q2"
"6169",112,9.75359446299998,95,-3.59874613113966,-3.91986618288917,-3.47074844462327,-3.47074844462327,0,0,1,0,111,"Q3"
"6170",112,9.35183993419999,96,-3.47074844462327,-3.69514906712753,-3.47074844462327,-3.47074844462327,1,1,0,0,111,"Q3"
"6171",112,9.44715011409995,97,-3.47074844462327,-3.670303068541,-3.31252241720182,-3.49105371078402,0,0,1,0,111,"Q3"
"6172",112,9.2887817983,98,-3.47074844462327,-3.97656152656572,-3.21637926636543,-3.51177984130113,0,1,1,0,111,"Q3"
"6173",112,9.36836923619997,99,-3.47074844462327,-4.16893341921317,-3.37498153953126,-3.50136308044288,1,0,1,0,107.2,"Q3"
"6174",112,9.24647941859996,100,-3.47074844462327,-4.04555439805267,-3.28951421376234,-3.52230625428812,0,0,0,0,107.2,"Q3"
"6175",112,10.224991173,101,-3.74774520415262,-3.7601069634023,-3.2587217334154,-3.47074844462327,1,0,0,0,107.2,"Q3"
"6176",112,11.467425881,102,-3.90424086498609,-3.79423996977176,-3.14728217168119,-3.47074844462327,0,0,1,1,107.2,"Q3"
"6177",112,9.53416149100001,103,-3.47074844462327,-3.82957933621707,-3.14728217168119,-3.47074844462327,0,0,1,0,107.2,"Q3"
"6178",112,9.4818930625,104,-3.47074844462327,-3.82957933621707,-3.47074844462327,-3.47074844462327,0,1,1,0,107.4,"Q3"
"6179",112,10.418464547,105,-3.47074844462327,-3.81529337896959,-3.14728217168119,-3.83679958419056,0,0,1,1,107.4,"Q3"
"6180",112,9.23405689859997,106,-3.48449944376514,-3.69514906712753,-3.21746721991814,-3.82957933621707,1,1,1,0,107.4,"Q3"
"6181",112,9.69227257209996,107,-3.54725590994298,-3.69514906712753,-3.14728217168119,-3.61170856833007,0,0,1,0,107.4,"Q3"
"6182",112,9.90508627390004,108,-3.57666746350701,-3.72062815242852,-3.47074844462327,-3.51702919718728,0,1,0,0,116,"Q4"
"6183",112,9.81137226360003,109,-3.61704416798434,-3.7601069634023,-3.14728217168119,-3.50655789731998,1,0,0,0,116,"Q4"
"6184",112,11.558281167,110,-3.63415455442469,-3.74017274850149,-3.14728217168119,-3.49105371078402,0,0,1,1,116,"Q4"
"6185",112,9.36288977040002,111,-3.47074844462327,-3.63415455442469,-3.20722520764823,-3.52230625428812,0,1,1,0,116,"Q4"
"6186",112,10.9388049909999,112,-3.7601069634023,-3.63415455442469,-3.14728217168119,-3.50655789731998,0,0,0,0,116,"Q4"
"6187",112,9.25874951120003,113,-3.47074844462327,-3.63415455442469,-3.14728217168119,-3.48084954060977,1,0,0,0,127.3,"Q4"
"6188",112,9.46715078080002,114,-3.47074844462327,-3.63415455442469,-3.14728217168119,-3.48593861011725,0,0,1,0,127.3,"Q4"
"6189",112,9.51546935800002,115,-3.47074844462327,-3.63415455442469,-3.47074844462327,-3.88885594614661,0,1,1,0,127.3,"Q4"
"6190",112,9.26482855730004,116,-3.47074844462327,-3.74677343253284,-3.14728217168119,-3.85139838361171,1,0,0,0,127.3,"Q4"
"6191",112,9.36288977040002,117,-3.47074844462327,-3.69514906712753,-3.14728217168119,-3.64605945693101,0,0,0,0,131.5,"Q4"
"6192",112,9.41115651140004,118,-3.47074844462327,-3.69514906712753,-3.14728217168119,-3.56811592587498,1,0,0,0,131.5,"Q4"
"6193",112,9.22778728560003,119,-3.47074844462327,-3.68887945411394,-3.16321365331289,-3.63647882504779,0,0,1,0,131.5,"Q4"
"6194",112,10.654148639,120,-3.47074844462327,-3.63415455442469,-3.28758971741625,-3.59926729542425,1,0,1,1,131.5,"Q4"
"6195",112,10.016816238,121,-3.47074844462327,-3.63415455442469,-3.30538381312466,-3.70121112558935,0,0,0,0,135.1,"Q1"
"6196",112,9.07153796909997,122,-3.38579786029571,-3.63415455442469,-3.33033126579352,-3.7601069634023,0,1,1,0,135.1,"Q1"
"6197",112,8.84101431049997,125,-3.26328472119871,-3.90424086498609,-3.15092516295969,-3.62268711004572,0,0,0,0,135.1,"Q1"
"6198",112,8.9871968207,126,-3.34896842264531,-3.86621346939685,-3.15092516295969,-3.7601069634023,0,0,1,0,134.7,"Q1"
"6199",112,9.27687689579999,127,-3.47074844462327,-3.63415455442469,-3.47074844462327,-4.16893341921317,0,1,0,0,134.7,"Q1"
"6200",112,11.232152801,128,-3.47074844462327,-3.63415455442469,-3.1328414875264,-3.57666746350701,0,0,1,1,134.7,"Q1"
"6201",112,9.16951837750003,129,-3.41576366574429,-3.7014582363208,-3.47074844462327,-3.59926729542425,0,1,1,0,134.7,"Q1"
"6202",112,9.35183993419999,130,-3.39721825290601,-3.82957933621707,-3.57666746350701,-3.70775461851682,1,0,0,0,134.7,"Q1"
"6203",112,10.231927617,131,-3.47074844462327,-3.78044664763943,-3.57666746350701,-3.71419726209823,0,0,1,1,134.7,"Q1"
"6204",112,9.3462688892,132,-3.42944216135959,-3.69514906712753,-3.47868743213905,-3.68887945411394,0,1,0,0,134.7,"Q1"
"6205",112,9.10764297370002,133,-3.40207453524891,-3.6826489043633,-3.170912907535,-3.90424086498609,0,0,1,0,134.7,"Q1"
"6206",112,10.206255262,134,-3.47074844462327,-3.63415455442469,-3.24259235148552,-3.82957933621707,0,1,1,1,134.3,"Q2"
"6207",112,9.74237939209997,135,-3.42494139486522,-3.78731952692719,-3.20344093550246,-3.63415455442469,0,0,0,0,134.3,"Q2"
"6208",112,9.25263328419997,136,-3.28758971741625,-3.90424086498609,-3.18432344336154,-3.6223897128451,1,0,0,0,134.3,"Q2"
"6209",112,10.672113194,137,-3.57666746350701,-3.87370414112601,-3.24911575742634,-3.57666746350701,0,0,1,1,134.3,"Q2"
"6210",112,8.69148257649997,138,-3.28758971741625,-3.63415455442469,-3.3887748616636,-3.57666746350701,0,1,1,0,134.3,"Q2"
"6211",112,8.97916464900004,139,-3.28758971741625,-3.61655879253431,-3.18432344336154,-3.57666746350701,0,1,1,0,126.2,"Q2"
"6212",112,9.10764297370002,140,-3.28758971741625,-3.57666746350701,-3.18432344336154,-3.57666746350701,0,0,0,0,126.2,"Q2"
"6213",112,10.794829639,141,-3.57666746350701,-3.63415455442469,-3.18432344336154,-3.57666746350701,0,0,1,1,126.2,"Q2"
"6214",112,9.13561682580005,142,-3.27297621863312,-3.63415455442469,-3.18432344336154,-3.57666746350701,0,0,1,0,126.2,"Q2"
"6215",112,8.84101431049997,143,-3.24660037288306,-3.6282548322975,-3.24660037288306,-3.57666746350701,0,1,1,0,118.5,"Q2"
"6216",112,8.92105701820002,144,-3.24660037288306,-3.57666746350701,-3.35314209602125,-3.57666746350701,0,0,0,0,118.5,"Q2"
"6217",112,8.74385056200001,145,-3.24660037288306,-3.57666746350701,-3.47074844462327,-3.57666746350701,0,1,1,0,118.5,"Q2"
"6218",112,8.89508153180002,146,-3.31773043048486,-3.57666746350701,-3.2782520164543,-3.57666746350701,0,1,1,0,118.5,"Q2"
"6219",112,10.077776938,147,-3.46816680384699,-3.59356927430961,-3.44104329020936,-3.57666746350701,0,0,1,1,115.5,"Q3"
"6220",112,9.07153796909997,149,-3.24660037288306,-3.59926729542425,-3.18432344336154,-3.57666746350701,0,0,0,0,115.5,"Q3"
"6221",112,10.6419904350001,150,-3.33033126579352,-3.63415455442469,-3.18432344336154,-3.57666746350701,0,1,1,1,115.5,"Q3"
"6222",112,8.87738195470003,151,-3.25062452318278,-3.7601069634023,-3.18432344336154,-3.59356927430961,1,0,0,0,115.5,"Q3"
"6223",112,10.610932038,153,-3.47074844462327,-3.60499797013323,-3.18432344336154,-3.57666746350701,0,0,1,1,114.5,"Q3"
"6224",112,9.84924253769996,154,-3.5158338327622,-4.09122443488586,-3.18432344336154,-3.57666746350701,0,1,1,1,114.5,"Q3"
"6225",112,9.53416149100001,155,-3.63415455442469,-3.91202300542815,-3.18432344336154,-3.57666746350701,0,1,1,0,114.5,"Q3"
"6226",112,9.5525106297,156,-3.59800651887997,-3.57666746350701,-3.24660037288306,-3.57666746350701,0,1,1,0,112.5,"Q3"
"6227",112,10.645043872,157,-3.68155428876677,-3.57666746350701,-3.2032089512588,-3.57666746350701,0,0,1,1,112.5,"Q3"
"6228",112,8.81284343350004,158,-3.24660037288306,-3.66418684152356,-3.18432344336154,-3.69514906712753,0,0,1,0,112.5,"Q3"
"6229",112,8.95467362900003,159,-3.28887416774356,-3.7601069634023,-3.18432344336154,-4.02568625469543,0,1,0,0,112.5,"Q3"
"6230",113,8.3635757028,42,-3.06360969595708,-3.24660037288306,-3.01148063052213,-3.52230625428812,0,0,1,0,160,"Q2"
"6231",113,8.5026885052,43,-3.06360969595708,-3.24660037288306,-3.01148063052213,-3.47074844462327,0,0,1,0,160.4,"Q3"
"6232",113,10.676554356,44,-3.20722520764823,-3.24660037288306,-3.01148063052213,-3.25062452318278,0,0,1,1,160.4,"Q3"
"6233",113,9.30637756020002,45,-3.06360969595708,-3.24660037288306,-3.01148063052213,-3.28758971741625,0,0,0,0,160.4,"Q3"
"6234",113,8.37839078850004,48,-3.06360969595708,-3.42171901738295,-3.01148063052213,-3.28758971741625,0,0,1,0,160.8,"Q3"
"6235",113,8.76405326930003,52,-3.06360969595708,-3.52230625428812,-3.1328414875264,-3.47074844462327,0,0,1,0,150.9,"Q3"
"6236",113,10.557478018,53,-3.37498153953126,-3.52230625428812,-3.01148063052213,-3.47074844462327,0,0,1,1,150.9,"Q3"
"6237",113,8.20193435119999,54,-3.06360969595708,-3.57666746350701,-3.01148063052213,-3.29178259567629,0,0,1,0,150.9,"Q3"
"6238",113,8.42156296040003,55,-3.06360969595708,-3.57666746350701,-3.01148063052213,-3.29178259567629,1,0,0,0,150.9,"Q3"
"6239",113,9.27687689579999,56,-3.06360969595708,-3.57666746350701,-3.01148063052213,-3.47074844462327,0,1,1,0,147.2,"Q4"
"6240",113,10.854682,57,-3.47074844462327,-3.24660037288306,-3.02748097186857,-3.47074844462327,0,0,1,1,147.2,"Q4"
"6241",113,8.47637119690002,58,-3.10542909965318,-3.94377170374273,-3.06360969595708,-3.47074844462327,1,1,0,0,147.2,"Q4"
"6242",113,8.0709060888,59,-3.06360969595708,-3.69514906712753,-3.06360969595708,-3.47074844462327,0,0,1,0,147.2,"Q4"
"6243",113,10.564111541,60,-3.47074844462327,-3.69514906712753,-3.06360969595708,-3.47074844462327,1,0,1,1,120.9,"Q4"
"6244",113,8.31776616669999,61,-3.06360969595708,-3.90424086498609,-3.06360969595708,-3.47074844462327,0,1,1,0,120.9,"Q4"
"6245",113,11.104897074,62,-3.47074844462327,-4.16893341921317,-3.06360969595708,-3.2188758248682,0,0,1,1,120.9,"Q4"
"6246",113,9.47208906240003,63,-3.47074844462327,-3.69514906712753,-3.06360969595708,-3.33033126579352,1,0,0,0,120.9,"Q4"
"6247",113,9.46715078080002,64,-3.06360969595708,-3.24660037288306,-3.06360969595708,-3.47074844462327,1,0,1,0,120.9,"Q4"
"6248",113,10.712816487,65,-3.47074844462327,-3.37498153953126,-3.16934188974592,-3.47074844462327,0,0,1,1,117.8,"Q4"
"6249",113,9.25874951120003,69,-3.47074844462327,-3.37498153953126,-3.52230625428812,-3.47074844462327,0,1,1,0,114.4,"Q1"
"6250",113,8.39298958799997,70,-3.2587217334154,-4.16893341921317,-3.20722520764823,-3.30022146432215,1,0,1,0,114.4,"Q1"
"6251",113,8.74385056200001,71,-3.2587217334154,-3.37498153953126,-3.20722520764823,-3.63415455442469,0,0,1,0,114.4,"Q1"
"6252",113,10.89109379,72,-3.47074844462327,-3.37498153953126,-3.01148063052213,-3.63415455442469,0,0,1,1,114.4,"Q1"
"6253",113,8.61323037960001,73,-3.2587217334154,-3.7601069634023,-3.01148063052213,-3.47074844462327,1,0,0,0,114.4,"Q1"
"6254",113,8.78385589659998,74,-3.27925633585711,-3.7601069634023,-3.24660037288306,-3.47074844462327,0,0,1,0,114.4,"Q1"
"6255",113,8.60153433980004,75,-3.27925633585711,-3.37498153953126,-3.16934188974592,-3.7601069634023,0,0,1,0,114.4,"Q1"
"6256",113,9.14931567009999,76,-3.27925633585711,-3.37498153953126,-3.01148063052213,-3.7601069634023,0,0,1,0,114.4,"Q1"
"6257",113,10.614081647,77,-3.47074844462327,-3.47074844462327,-3.01148063052213,-3.37498153953126,1,0,1,1,114.4,"Q1"
"6258",113,8.31776616669999,78,-3.2587217334154,-4.07270538711862,-3.01148063052213,-3.37498153953126,1,0,0,0,111.7,"Q1"
"6259",113,9.78650419709995,79,-3.2587217334154,-3.37498153953126,-3.01148063052213,-3.57666746350701,0,0,1,0,111.7,"Q1"
"6260",113,10.117307776,81,-3.63415455442469,-3.69514906712753,-3.63415455442469,-3.37498153953126,1,1,0,0,111.7,"Q1"
"6261",113,10.011085563,82,-3.2587217334154,-3.69514906712753,-3.70780746399946,-3.34351827007548,0,1,1,1,111.7,"Q2"
"6262",113,8.8032739825,83,-3.42171901738295,-3.69514906712753,-3.47074844462327,-4.03666545063542,0,1,0,0,111.7,"Q2"
"6263",113,8.89508153180002,85,-3.42171901738295,-3.37498153953126,-3.47074844462327,-3.57666746350701,1,1,0,0,111.7,"Q2"
"6264",113,10.119888423,86,-3.42171901738295,-3.37498153953126,-3.47074844462327,-3.7601069634023,0,1,0,0,111,"Q2"
"6265",113,11.926570361,87,-3.82957933621707,-3.37498153953126,-3.20722520764823,-3.7601069634023,0,0,1,1,111,"Q2"
"6266",113,8.31776616669999,88,-3.34351827007548,-3.37498153953126,-3.33033126579352,-3.7601069634023,0,1,1,0,111,"Q2"
"6267",113,8.7540029335,89,-3.34351827007548,-3.69514906712753,-3.01148063052213,-3.7601069634023,1,0,0,0,111,"Q2"
"6268",113,8.79361207160002,90,-3.34351827007548,-3.69514906712753,-3.01148063052213,-4.03666545063542,0,0,1,0,111,"Q2"
"6269",113,8.34853782539999,91,-3.34351827007548,-3.42171901738295,-3.47074844462327,-3.34351827007548,0,0,1,0,111,"Q2"
"6270",113,10.157819645,92,-3.63415455442469,-3.81529337896959,-3.47074844462327,-3.63415455442469,1,1,1,1,111,"Q2"
"6271",113,8.94637482609996,93,-3.34351827007548,-3.90424086498609,-3.06360969595708,-3.90424086498609,0,1,0,0,111,"Q2"
"6272",113,11.029974378,94,-3.63415455442469,-3.52230625428812,-3.03071199245002,-3.34351827007548,0,0,1,1,111,"Q2"
"6273",113,9.43699774259998,95,-3.63415455442469,-3.52230625428812,-3.47074844462327,-3.34351827007548,0,0,1,0,111,"Q3"
"6274",113,8.26975694750001,96,-3.34351827007548,-3.69514906712753,-3.47074844462327,-3.34351827007548,1,1,0,0,111,"Q3"
"6275",113,8.47637119690002,97,-3.34351827007548,-3.69514906712753,-3.47074844462327,-3.47074844462327,0,0,1,0,111,"Q3"
"6276",113,8.14786712990004,98,-3.34351827007548,-3.52230625428812,-3.0814110450387,-3.47074844462327,0,1,1,0,111,"Q3"
"6277",113,8.28601746839997,99,-3.34351827007548,-4.16893341921317,-3.37498153953126,-3.47074844462327,1,0,1,0,107.2,"Q3"
"6278",113,8.33327035329998,100,-3.34351827007548,-4.16893341921317,-3.37498153953126,-3.52230625428812,0,0,0,0,107.2,"Q3"
"6279",113,9.75359446299998,101,-3.34351827007548,-3.7601069634023,-3.28758971741625,-3.37498153953126,1,0,0,0,107.2,"Q3"
"6280",113,11.601375806,102,-3.90424086498609,-3.7601069634023,-3.14728217168119,-3.37498153953126,0,0,1,1,107.2,"Q3"
"6281",113,8.28601746839997,103,-3.34351827007548,-3.82957933621707,-3.14728217168119,-3.47074844462327,0,0,1,0,107.2,"Q3"
"6282",113,8.79361207160002,104,-3.34351827007548,-3.82957933621707,-3.47074844462327,-3.47074844462327,0,1,1,0,107.4,"Q3"
"6283",113,10.243382496,105,-3.47074844462327,-3.82957933621707,-3.14728217168119,-3.47074844462327,0,0,1,1,107.4,"Q3"
"6284",113,9.10052550600004,106,-3.47074844462327,-3.7014582363208,-3.24660037288306,-3.63415455442469,1,1,1,0,107.4,"Q3"
"6285",113,9.36288977040002,107,-3.52230625428812,-3.7014582363208,-3.14728217168119,-3.63415455442469,0,0,1,0,107.4,"Q3"
"6286",113,9.45720044990004,108,-3.57666746350701,-3.7014582363208,-3.47074844462327,-3.47074844462327,0,1,0,0,116,"Q4"
"6287",113,9.22778728560003,109,-3.57666746350701,-3.7014582363208,-3.14728217168119,-3.46074836128869,1,0,0,0,116,"Q4"
"6288",113,8.73359406190002,111,-3.34351827007548,-3.7014582363208,-3.20722520764823,-3.47074844462327,0,1,1,0,116,"Q4"
"6289",113,10.210972252,112,-3.7601069634023,-3.7014582363208,-3.14728217168119,-3.47074844462327,0,0,0,0,116,"Q4"
"6290",113,8.3635757028,113,-3.34351827007548,-3.7014582363208,-3.14728217168119,-3.47074844462327,1,0,0,0,127.3,"Q4"
"6291",113,8.86841328469997,114,-3.34351827007548,-3.7014582363208,-3.14728217168119,-3.48084954060977,0,0,1,0,127.3,"Q4"
"6292",113,9.36288977040002,115,-3.47074844462327,-3.7014582363208,-3.47074844462327,-3.47074844462327,0,1,1,0,127.3,"Q4"
"6293",113,8.69148257649997,116,-3.47074844462327,-3.7014582363208,-3.14728217168119,-3.90424086498609,1,0,0,0,127.3,"Q4"
"6294",113,8.89508153180002,117,-3.47074844462327,-3.7014582363208,-3.14728217168119,-3.69514906712753,0,0,0,0,131.5,"Q4"
"6295",113,8.30201780980003,118,-3.34351827007548,-3.7014582363208,-3.14728217168119,-3.52230625428812,1,0,0,0,131.5,"Q4"
"6296",113,8.81284343350004,119,-3.34351827007548,-3.7014582363208,-3.14728217168119,-3.63415455442469,0,0,1,0,131.5,"Q4"
"6297",113,10.083138881,120,-3.47074844462327,-3.7014582363208,-3.28758971741625,-3.63415455442469,1,0,1,1,131.5,"Q4"
"6298",113,8.54090971799997,122,-3.47074844462327,-3.7014582363208,-3.33033126579352,-3.7601069634023,0,1,1,0,135.1,"Q1"
"6299",113,9.59260508690002,124,-3.24660037288306,-3.7014582363208,-3.06360969595708,-3.57666746350701,0,0,1,1,135.1,"Q1"
"6300",113,9.66827142000002,125,-3.24660037288306,-3.7014582363208,-3.06360969595708,-3.57666746350701,0,0,0,0,135.1,"Q1"
"6301",113,8.37839078850004,126,-3.18055696056606,-3.7014582363208,-3.06360969595708,-3.7601069634023,0,0,1,0,134.7,"Q1"
"6302",113,8.7540029335,127,-3.47074844462327,-3.7014582363208,-3.47074844462327,-4.16893341921317,0,1,0,0,134.7,"Q1"
"6303",113,8.40737832540001,130,-3.18055696056606,-3.7014582363208,-3.57666746350701,-3.63415455442469,1,0,0,0,134.7,"Q1"
"6304",113,10.397207708,131,-3.47074844462327,-3.7014582363208,-3.57666746350701,-3.69514906712753,0,0,1,1,134.7,"Q1"
"6305",113,9.04923221160001,132,-3.47074844462327,-3.7014582363208,-3.57666746350701,-3.69514906712753,0,1,0,0,134.7,"Q1"
"6306",113,8.65869275369998,133,-3.18055696056606,-3.7014582363208,-3.1328414875264,-3.90424086498609,0,0,1,0,134.7,"Q1"
"6307",113,10.689760711,134,-3.47074844462327,-3.7014582363208,-3.24259235148552,-3.90424086498609,0,1,1,1,134.3,"Q2"
"6308",113,9.30054663989996,135,-3.47074844462327,-3.7014582363208,-3.24259235148552,-3.63415455442469,0,0,0,0,134.3,"Q2"
"6309",113,8.63621989780004,136,-3.18055696056606,-3.90424086498609,-3.07707791300794,-3.63415455442469,1,0,0,0,134.3,"Q2"
"6310",113,10.474241085,137,-3.47074844462327,-3.90424086498609,-3.07707791300794,-3.57666746350701,0,0,1,1,134.3,"Q2"
"6311",113,8.11012680190003,138,-3.18055696056606,-3.52230625428812,-3.35240721749272,-3.57666746350701,0,1,1,0,134.3,"Q2"
"6312",113,8.5656023306,139,-3.18055696056606,-3.52230625428812,-3.09762658123533,-3.57666746350701,0,1,1,0,126.2,"Q2"
"6313",113,8.62479120200004,140,-3.18055696056606,-3.47074844462327,-3.09762658123533,-3.57666746350701,0,0,0,0,126.2,"Q2"
"6314",113,10.397207708,141,-3.47074844462327,-3.63415455442469,-3.06360969595708,-3.57666746350701,0,0,1,1,126.2,"Q2"
"6315",113,8.47637119690002,142,-3.18055696056606,-3.63415455442469,-3.09762658123533,-3.57666746350701,0,0,1,0,126.2,"Q2"
"6316",113,8.11012680190003,143,-3.16934188974592,-3.63415455442469,-3.24660037288306,-3.57666746350701,0,1,1,0,118.5,"Q2"
"6317",113,8.55333223800003,144,-3.16934188974592,-3.47074844462327,-3.24660037288306,-3.57666746350701,0,0,0,0,118.5,"Q2"
"6318",113,8.39298958799997,145,-3.16934188974592,-3.47074844462327,-3.47074844462327,-3.57666746350701,0,1,1,0,118.5,"Q2"
"6319",113,8.62479120200004,146,-3.16934188974592,-3.47074844462327,-3.06360969595708,-3.57666746350701,0,1,1,0,118.5,"Q2"
"6320",113,10.635855446,147,-3.46002271180015,-3.47074844462327,-3.16934188974592,-3.57666746350701,0,0,1,1,115.5,"Q3"
"6321",113,8.99516499030001,149,-3.16934188974592,-3.47074844462327,-3.06360969595708,-3.57666746350701,0,0,0,0,115.5,"Q3"
"6322",113,11.063633853,150,-3.33033126579352,-3.63415455442469,-3.1328414875264,-3.57666746350701,0,1,1,1,115.5,"Q3"
"6323",113,8.48961642359998,151,-3.16934188974592,-3.7601069634023,-3.06360969595708,-3.57666746350701,1,0,0,0,115.5,"Q3"
"6324",113,11.2279065099999,153,-3.47074844462327,-3.47074844462327,-3.06360969595708,-3.57666746350701,0,0,1,1,114.5,"Q3"
"6325",113,10.530494931,154,-3.47074844462327,-3.57666746350701,-3.1328414875264,-3.57666746350701,0,1,1,1,114.5,"Q3"
"6326",113,9.37923890839995,155,-3.63415455442469,-3.90424086498609,-3.09762658123533,-3.57666746350701,0,1,1,0,114.5,"Q3"
"6327",113,9.25874951120003,156,-3.63415455442469,-3.47074844462327,-3.24660037288306,-3.57666746350701,0,1,1,0,112.5,"Q3"
"6328",113,10.422281346,157,-3.47074844462327,-3.47074844462327,-3.24660037288306,-3.57666746350701,0,0,1,1,112.5,"Q3"
"6329",113,9.52485909839998,158,-3.16934188974592,-3.47074844462327,-3.06360969595708,-3.69514906712753,0,0,1,0,112.5,"Q3"
"6330",113,8.3635757028,159,-3.24660037288306,-3.7601069634023,-3.1328414875264,-3.69514906712753,0,1,0,0,112.5,"Q3"
"6331",113,11.12490727,160,-3.37498153953126,-3.47074844462327,-3.06360969595708,-3.57666746350701,0,0,1,1,106.5,"Q4"
"6332",114,10.5821300469999,41,-3.47074844462327,-3.33033126579352,-3.16934188974592,-3.37498153953126,0,0,1,1,160,"Q2"
"6333",114,8.58969988220001,42,-3.19570876558667,-3.33033126579352,-3.01148063052213,-3.52230625428812,0,0,1,0,160,"Q2"
"6334",114,8.9871968207,43,-3.19570876558667,-3.33033126579352,-3.01148063052213,-3.47074844462327,0,0,1,0,160.4,"Q3"
"6335",114,10.60301434,44,-3.20722520764823,-3.33033126579352,-3.01930422182326,-3.33033126579352,0,0,1,1,160.4,"Q3"
"6336",114,8.46294817659997,45,-3.19570876558667,-3.33033126579352,-3.01874646408305,-3.33033126579352,0,0,0,0,160.4,"Q3"
"6337",114,8.86841328469997,46,-3.19570876558667,-3.33033126579352,-3.09762658123533,-3.57666746350701,0,1,1,0,160.4,"Q3"
"6338",114,10.112126418,47,-3.28758971741625,-3.42171901738295,-3.09762658123533,-3.33033126579352,1,0,1,1,160.8,"Q3"
"6339",114,8.51559191000002,48,-3.19570876558667,-3.42171901738295,-3.02379720938979,-3.33033126579352,0,0,1,0,160.8,"Q3"
"6340",114,10.629682587,49,-3.47074844462327,-3.42171901738295,-3.02187447048426,-3.33033126579352,0,0,1,1,160.8,"Q3"
"6341",114,8.3635757028,50,-3.19570876558667,-3.42171901738295,-3.1328414875264,-3.47074844462327,0,1,1,0,160.8,"Q3"
"6342",114,8.78385589659998,52,-3.19570876558667,-3.52230625428812,-3.1328414875264,-3.47074844462327,0,0,1,0,150.9,"Q3"
"6343",114,10.525353531,53,-3.37498153953126,-3.52230625428812,-3.01643470775501,-3.47074844462327,0,0,1,1,150.9,"Q3"
"6344",114,9.06415786180001,54,-3.19570876558667,-3.57666746350701,-3.02265847790427,-3.37498153953126,0,0,1,0,150.9,"Q3"
"6345",114,8.79361207160002,55,-3.19570876558667,-3.57666746350701,-3.02417764830604,-3.37498153953126,1,0,0,0,150.9,"Q3"
"6346",114,9.37923890839995,56,-3.19570876558667,-3.57666746350701,-3.0172804815701,-3.47074844462327,0,1,1,0,147.2,"Q4"
"6347",114,10.965712444,57,-3.47074844462327,-3.33033126579352,-3.04702556794154,-3.47074844462327,0,0,1,1,147.2,"Q4"
"6348",114,8.77400360019999,58,-3.24929738615432,-4.02785482095327,-3.06360969595708,-3.47074844462327,1,1,0,0,147.2,"Q4"
"6349",114,8.47637119690002,59,-3.19570876558667,-3.69514906712753,-3.06360969595708,-3.47074844462327,0,0,1,0,147.2,"Q4"
"6350",114,10.317978472,60,-3.47074844462327,-3.69514906712753,-3.06360969595708,-3.47074844462327,1,0,1,1,120.9,"Q4"
"6351",114,10.881512878,62,-3.47074844462327,-4.16893341921317,-3.06360969595708,-3.33033126579352,0,0,1,1,120.9,"Q4"
"6352",114,9.51074121679997,63,-3.47074844462327,-3.69514906712753,-3.06360969595708,-3.33033126579352,1,0,0,0,120.9,"Q4"
"6353",114,9.43188264189999,64,-3.19570876558667,-3.33033126579352,-3.06360969595708,-3.47074844462327,1,0,1,0,120.9,"Q4"
"6354",114,10.655658074,65,-3.47074844462327,-3.52230625428812,-3.16934188974592,-3.47074844462327,0,0,1,1,117.8,"Q4"
"6355",114,9.52017524910003,66,-3.47074844462327,-3.82957933621707,-3.16934188974592,-3.47074844462327,1,0,0,0,117.8,"Q4"
"6356",114,9.6519445267,69,-3.47074844462327,-3.52230625428812,-3.52230625428812,-3.47074844462327,0,1,1,0,114.4,"Q1"
"6357",114,8.82232217749998,70,-3.3841559158073,-4.16893341921317,-3.20722520764823,-3.3841559158073,1,0,1,0,114.4,"Q1"
"6358",114,8.87738195470003,71,-3.3841559158073,-3.52230625428812,-3.20722520764823,-3.63415455442469,0,0,1,0,114.4,"Q1"
"6359",114,10.768232327,72,-3.47074844462327,-3.52230625428812,-3.06360969595708,-3.63415455442469,0,0,1,1,114.4,"Q1"
"6360",114,8.93800657649997,73,-3.3841559158073,-3.7601069634023,-3.06360969595708,-3.47074844462327,1,0,0,0,114.4,"Q1"
"6361",114,9.0567228833,74,-3.40746699467575,-3.7601069634023,-3.24660037288306,-3.47074844462327,0,0,1,0,114.4,"Q1"
"6362",114,8.60153433980004,75,-3.40746699467575,-3.52230625428812,-3.16934188974592,-3.7601069634023,0,0,1,0,114.4,"Q1"
"6363",114,9.30054663989996,76,-3.40746699467575,-3.52230625428812,-3.06360969595708,-3.7601069634023,0,0,1,0,114.4,"Q1"
"6364",114,10.02535114,77,-3.47074844462327,-3.52230625428812,-3.06360969595708,-3.3841559158073,1,0,1,1,114.4,"Q1"
"6365",114,8.40737832540001,78,-3.3841559158073,-4.22075848707776,-3.06360969595708,-3.3841559158073,1,0,0,0,111.7,"Q1"
"6366",114,11.842747064,80,-3.63415455442469,-3.52230625428812,-3.06360969595708,-3.47074844462327,0,0,1,1,111.7,"Q1"
"6367",114,10.336827197,81,-3.63415455442469,-3.69514906712753,-3.7601069634023,-3.47074844462327,1,1,0,0,111.7,"Q1"
"6368",114,9.80079015429999,83,-3.47074844462327,-3.69514906712753,-3.47074844462327,-4.16893341921317,0,1,0,0,111.7,"Q2"
"6369",114,8.88627090209996,84,-3.47074844462327,-4.16893341921317,-3.06360969595708,-3.57666746350701,1,0,0,0,111.7,"Q2"
"6370",114,9.04923221160001,85,-3.47074844462327,-3.52230625428812,-3.47074844462327,-3.57666746350701,1,1,0,0,111.7,"Q2"
"6371",114,8.88627090209996,88,-3.47074844462327,-3.52230625428812,-3.33033126579352,-3.7601069634023,0,1,1,0,111,"Q2"
"6372",114,9.25874951120003,89,-3.47074844462327,-3.69514906712753,-3.06360969595708,-3.7601069634023,1,0,0,0,111,"Q2"
"6373",114,8.91247327449998,90,-3.47074844462327,-3.69514906712753,-3.06360969595708,-4.03666545063542,0,0,1,0,111,"Q2"
"6374",114,10.68244539,92,-3.63415455442469,-3.92777136239629,-3.47074844462327,-3.63415455442469,1,1,1,1,111,"Q2"
"6375",114,9.55704578489998,93,-3.5304423603845,-4.00187933455001,-3.06360969595708,-3.90424086498609,0,1,0,0,111,"Q2"
"6376",114,11.305655263,94,-3.63415455442469,-3.63415455442469,-3.33555318513397,-3.34351827007548,0,0,1,1,111,"Q2"
"6377",114,8.44934252449998,96,-3.34351827007548,-3.69514906712753,-3.47074844462327,-3.42877678204276,1,1,0,0,111,"Q3"
"6378",114,8.28601746839997,98,-3.34351827007548,-3.82957933621707,-3.18906753918713,-3.47074844462327,0,1,1,0,111,"Q3"
"6379",114,8.23642052730002,99,-3.34351827007548,-4.16893341921317,-3.37498153953126,-3.47074844462327,1,0,1,0,107.2,"Q3"
"6380",114,8.44934252449998,100,-3.34351827007548,-4.08192204222354,-3.29594676034249,-3.52230625428812,0,0,0,0,107.2,"Q3"
"6381",114,8.5777236912,103,-3.34351827007548,-3.82957933621707,-3.14728217168119,-3.47074844462327,0,0,1,0,107.2,"Q3"
"6382",114,8.89508153180002,104,-3.42322882336087,-3.82957933621707,-3.47074844462327,-3.47074844462327,0,1,1,0,107.4,"Q3"
"6383",114,10.718498321,105,-3.47074844462327,-3.78731952692719,-3.14728217168119,-3.54075415448603,0,0,1,1,107.4,"Q3"
"6384",114,8.74385056200001,106,-3.48774043487794,-3.69514906712753,-3.20722520764823,-3.63415455442469,1,1,1,0,107.4,"Q3"
"6385",114,9.54337814609995,107,-3.55108208721058,-3.69514906712753,-3.14728217168119,-3.59997828457429,0,0,1,0,107.4,"Q3"
"6386",114,9.6803440012,108,-3.57666746350701,-3.72062815242852,-3.47074844462327,-3.66418684152356,0,1,0,0,116,"Q4"
"6387",114,9.43188264189999,109,-3.52104099961078,-3.7601069634023,-3.14728217168119,-3.69514906712753,1,0,0,0,116,"Q4"
"6388",114,8.3635757028,113,-3.34351827007548,-3.63415455442469,-3.14728217168119,-3.47578623865323,1,0,0,0,127.3,"Q4"
"6389",114,9.20873909060002,114,-3.42872156960585,-3.61076167484998,-3.14728217168119,-3.47074844462327,0,0,1,0,127.3,"Q4"
"6390",114,9.5660548548,115,-3.47074844462327,-3.52230625428812,-3.47074844462327,-3.70780746399946,0,1,1,0,127.3,"Q4"
"6391",114,9.24028744829999,116,-3.47074844462327,-3.75341797525151,-3.23978739306211,-3.82241084673846,1,0,0,0,127.3,"Q4"
"6392",114,9.07886400919999,117,-3.44715015363873,-3.69514906712753,-3.14728217168119,-3.68887945411394,0,0,0,0,131.5,"Q4"
"6393",114,8.63621989780004,118,-3.34351827007548,-3.69514906712753,-3.14728217168119,-3.61338842254226,1,0,0,0,131.5,"Q4"
"6394",114,8.5777236912,119,-3.4065170852279,-3.68887945411394,-3.17361976496164,-3.63415455442469,0,0,1,0,131.5,"Q4"
"6395",114,10.433645105,120,-3.47074844462327,-3.63415455442469,-3.28758971741625,-3.58541337336531,1,0,1,1,131.5,"Q4"
"6396",114,9.43188264189999,121,-3.47074844462327,-3.63415455442469,-3.3044677552036,-3.66632650262517,0,0,0,0,135.1,"Q1"
"6397",114,8.43554920239998,122,-3.39428611557693,-3.85139838361171,-3.33033126579352,-3.7601069634023,0,1,1,0,135.1,"Q1"
"6398",114,8.28601746839997,125,-3.22971913413294,-3.90424086498609,-3.06360969595708,-3.59456808932293,0,0,0,0,135.1,"Q1"
"6399",114,8.28601746839997,126,-3.32888245591293,-3.83679958419056,-3.06360969595708,-3.7601069634023,0,0,1,0,134.7,"Q1"
"6400",114,8.90381521169997,127,-3.47074844462327,-4.13908045606349,-3.47074844462327,-4.16893341921317,0,1,0,0,134.7,"Q1"
"6401",114,9.10052550600004,129,-3.46393475783561,-3.72062815242852,-3.47074844462327,-3.61076167484998,0,1,1,0,134.7,"Q1"
"6402",114,9.57498348560002,130,-3.46114012120066,-3.82957933621707,-3.57666746350701,-3.64605945693101,1,0,0,0,134.7,"Q1"
"6403",114,10.24565781,131,-3.47074844462327,-3.78731952692719,-3.57666746350701,-3.69514906712753,0,0,1,1,134.7,"Q1"
"6404",114,9.07153796909997,132,-3.40386576763952,-3.69514906712753,-3.51998283995127,-3.71419726209823,0,1,0,0,134.7,"Q1"
"6405",114,10.565763069,134,-3.47074844462327,-3.52230625428812,-3.24259235148552,-3.87370414112601,0,1,1,1,134.3,"Q2"
"6406",114,9.50599061410004,135,-3.42256812494981,-3.72062815242852,-3.21207439958869,-3.63415455442469,0,0,0,0,134.3,"Q2"
"6407",114,8.40737832540001,136,-3.18055696056606,-3.90424086498609,-3.07707791300794,-3.6223897128451,1,0,0,0,134.3,"Q2"
"6408",114,10.729766046,137,-3.47074844462327,-3.85139838361171,-3.20949820501238,-3.57666746350701,0,0,1,1,134.3,"Q2"
"6409",114,8.23642052730002,138,-3.18055696056606,-3.52230625428812,-3.35240721749272,-3.57666746350701,0,1,1,0,134.3,"Q2"
"6410",114,8.58969988220001,139,-3.18055696056606,-3.50655789731998,-3.09762658123533,-3.57666746350701,0,1,1,0,126.2,"Q2"
"6411",114,8.28601746839997,140,-3.18055696056606,-3.47074844462327,-3.09417234636724,-3.57666746350701,0,0,0,0,126.2,"Q2"
"6412",114,10.7269609950001,141,-3.47074844462327,-3.63415455442469,-3.06360969595708,-3.57666746350701,0,0,1,1,126.2,"Q2"
"6413",114,8.23642052730002,142,-3.17985416036994,-3.63415455442469,-3.09762658123533,-3.57666746350701,0,0,1,0,126.2,"Q2"
"6414",114,8.94637482609996,144,-3.16934188974592,-3.47074844462327,-3.36576772723043,-3.57666746350701,0,0,0,0,118.5,"Q2"
"6415",114,9.82530977149998,145,-3.83358680287783,-3.47074844462327,-3.47074844462327,-3.57666746350701,0,1,1,0,118.5,"Q2"
"6416",114,10.21332243,147,-3.46952931911413,-3.52230625428812,-3.17199153524822,-3.57666746350701,0,0,1,1,115.5,"Q3"
"6417",114,10.71566144,150,-3.33033126579352,-3.63415455442469,-3.1328414875264,-3.57666746350701,0,1,1,1,115.5,"Q3"
"6418",114,8.47637119690002,151,-3.17690225526513,-3.7601069634023,-3.0807129886429,-3.58790353677393,1,0,0,0,115.5,"Q3"
"6419",114,11.186197597,153,-3.47074844462327,-3.52761130651781,-3.06360969595708,-3.57666746350701,0,0,1,1,114.5,"Q3"
"6420",114,10.231927617,154,-3.49778189598592,-4.0104630782414,-3.1328414875264,-3.57666746350701,0,1,1,1,114.5,"Q3"
"6421",114,9.80432998099997,156,-3.60924626412748,-3.50136308044288,-3.24660037288306,-3.63415455442469,0,1,1,0,112.5,"Q3"
"6422",114,10.76553327,157,-3.5891358944589,-3.54369744426944,-3.20143292562002,-3.57666746350701,0,0,1,1,112.5,"Q3"
"6423",114,10.8156096080001,160,-3.37498153953126,-3.61655879253431,-3.13643215565713,-3.57666746350701,0,0,1,1,106.5,"Q4"
"6424",115,8.44934252449998,50,-3.06360969595708,-3.42171901738295,-3.1328414875264,-3.47074844462327,0,1,1,0,160.8,"Q3"
"6425",115,8.64751945309997,52,-3.06360969595708,-3.52230625428812,-3.1328414875264,-3.47074844462327,0,0,1,0,150.9,"Q3"
"6426",115,10.263676316,53,-3.37498153953126,-3.52230625428812,-3.01148063052213,-3.47074844462327,0,0,1,1,150.9,"Q3"
"6427",115,8.30201780980003,54,-3.06360969595708,-3.57666746350701,-3.01148063052213,-3.29178259567629,0,0,1,0,150.9,"Q3"
"6428",115,8.95467362900003,55,-3.06360969595708,-3.57666746350701,-3.01148063052213,-3.29178259567629,1,0,0,0,150.9,"Q3"
"6429",115,9.40590715550004,56,-3.06360969595708,-3.57666746350701,-3.01148063052213,-3.47074844462327,0,1,1,0,147.2,"Q4"
"6430",115,10.359392257,57,-3.47074844462327,-3.24660037288306,-3.02748097186857,-3.47074844462327,0,0,1,1,147.2,"Q4"
"6431",115,8.7540029335,58,-3.2243718528991,-3.94377170374273,-3.06360969595708,-3.47074844462327,1,1,0,0,147.2,"Q4"
"6432",115,8.48961642359998,59,-3.06360969595708,-3.69514906712753,-3.06360969595708,-3.47074844462327,0,0,1,0,147.2,"Q4"
"6433",115,10.452302362,60,-3.47074844462327,-3.69514906712753,-3.06360969595708,-3.47074844462327,1,0,1,1,120.9,"Q4"
"6434",115,8.31776616669999,61,-3.06360969595708,-3.90424086498609,-3.06360969595708,-3.47074844462327,0,1,1,0,120.9,"Q4"
"6435",115,10.189568344,62,-3.47074844462327,-4.16893341921317,-3.06360969595708,-3.2188758248682,0,0,1,1,120.9,"Q4"
"6436",115,9.26482855730004,63,-3.47074844462327,-3.69514906712753,-3.06360969595708,-3.33033126579352,1,0,0,0,120.9,"Q4"
"6437",115,9.24028744829999,64,-3.06360969595708,-3.24660037288306,-3.06360969595708,-3.47074844462327,1,0,1,0,120.9,"Q4"
"6438",115,9.42157327230005,67,-3.47074844462327,-3.37498153953126,-3.28758971741625,-3.47074844462327,0,0,1,0,117.8,"Q4"
"6439",115,9.25874951120003,69,-3.47074844462327,-3.37498153953126,-3.52230625428812,-3.47074844462327,0,1,1,0,114.4,"Q1"
"6440",115,8.62479120200004,70,-3.2587217334154,-4.16893341921317,-3.20722520764823,-3.30022146432215,1,0,1,0,114.4,"Q1"
"6441",115,9.16282938930003,71,-3.2587217334154,-3.37498153953126,-3.20722520764823,-3.63415455442469,0,0,1,0,114.4,"Q1"
"6442",115,10.593429602,72,-3.47074844462327,-3.37498153953126,-3.01148063052213,-3.63415455442469,0,0,1,1,114.4,"Q1"
"6443",115,8.82232217749998,73,-3.2587217334154,-3.7601069634023,-3.01148063052213,-3.47074844462327,1,0,0,0,114.4,"Q1"
"6444",115,8.83171191779997,74,-3.27925633585711,-3.7601069634023,-3.24660037288306,-3.47074844462327,0,0,1,0,114.4,"Q1"
"6445",115,8.60153433980004,75,-3.27925633585711,-3.37498153953126,-3.16934188974592,-3.7601069634023,0,0,1,0,114.4,"Q1"
"6446",115,8.82232217749998,76,-3.27925633585711,-3.37498153953126,-3.01148063052213,-3.7601069634023,0,0,1,0,114.4,"Q1"
"6447",115,10.427979367,77,-3.47074844462327,-3.47074844462327,-3.01148063052213,-3.37498153953126,1,0,1,1,114.4,"Q1"
"6448",115,9.28284706280001,79,-3.2587217334154,-3.37498153953126,-3.01148063052213,-3.57666746350701,0,0,1,0,111.7,"Q1"
"6449",115,11.207269492,80,-3.63415455442469,-3.37498153953126,-3.01148063052213,-3.37498153953126,0,0,1,1,111.7,"Q1"
"6450",115,9.51546935800002,81,-3.63415455442469,-3.69514906712753,-3.63415455442469,-3.37498153953126,1,1,0,0,111.7,"Q1"
"6451",115,8.72323127479999,83,-3.42171901738295,-3.69514906712753,-3.47074844462327,-4.03666545063542,0,1,0,0,111.7,"Q2"
"6452",115,9.03408040660004,84,-3.42171901738295,-4.16893341921317,-3.01148063052213,-3.57666746350701,1,0,0,0,111.7,"Q2"
"6453",115,8.74385056200001,85,-3.42171901738295,-3.37498153953126,-3.47074844462327,-3.57666746350701,1,1,0,0,111.7,"Q2"
"6454",115,9.70014662849998,86,-3.42171901738295,-3.37498153953126,-3.47074844462327,-3.7601069634023,0,1,0,0,111,"Q2"
"6455",115,8.58969988220001,88,-3.34351827007548,-3.37498153953126,-3.33033126579352,-3.7601069634023,0,1,1,0,111,"Q2"
"6456",115,9.6601412939,89,-3.34351827007548,-3.69514906712753,-3.01148063052213,-3.7601069634023,1,0,0,0,111,"Q2"
"6457",115,8.0300840943,91,-3.34351827007548,-3.42171901738295,-3.47074844462327,-3.34351827007548,0,0,1,0,111,"Q2"
"6458",115,9.54337814609995,92,-3.63415455442469,-3.81529337896959,-3.47074844462327,-3.63415455442469,1,1,1,1,111,"Q2"
"6459",115,10.490384933,94,-3.63415455442469,-3.52230625428812,-3.32403383603145,-3.34351827007548,0,0,1,1,111,"Q2"
"6460",115,9.51074121679997,95,-3.6043640892391,-3.670303068541,-3.47074844462327,-3.34351827007548,0,0,1,0,111,"Q3"
"6461",115,8.25322764560004,96,-3.34351827007548,-3.69514906712753,-3.47074844462327,-3.41622083876703,1,1,0,0,111,"Q3"
"6462",115,8.34853782539999,97,-3.34351827007548,-3.670303068541,-3.41373469536176,-3.47074844462327,0,0,1,0,111,"Q3"
"6463",115,8.12917499690002,98,-3.34351827007548,-4.06357290355535,-3.20142547917524,-3.47074844462327,0,1,1,0,111,"Q3"
"6464",115,7.96554557310002,99,-3.34351827007548,-4.16893341921317,-3.37498153953126,-3.47074844462327,1,0,1,0,107.2,"Q3"
"6465",115,8.33327035329998,100,-3.34351827007548,-4.00187933455001,-3.29472291417911,-3.52230625428812,0,0,0,0,107.2,"Q3"
"6466",115,9.37923890839995,101,-3.70508486332406,-3.7601069634023,-3.2657152262632,-3.37498153953126,1,0,0,0,107.2,"Q3"
"6467",115,8.39298958799997,103,-3.34351827007548,-3.82957933621707,-3.14728217168119,-3.47074844462327,0,0,1,0,107.2,"Q3"
"6468",115,8.52833093580003,104,-3.40172695085917,-3.82957933621707,-3.47074844462327,-3.47074844462327,0,1,1,0,107.4,"Q3"
"6469",115,10.256957366,105,-3.47074844462327,-3.79423996977176,-3.14728217168119,-3.55066928903567,0,0,1,1,107.4,"Q3"
"6470",115,9.3406666337,108,-3.57666746350701,-3.72062815242852,-3.47074844462327,-3.46293212825164,0,1,0,0,116,"Q4"
"6471",115,8.61323037960001,109,-3.46764092259824,-3.7601069634023,-3.14728217168119,-3.46074836128869,1,0,0,0,116,"Q4"
"6472",115,8.34853782539999,111,-3.34351827007548,-3.52230625428812,-3.20722520764823,-3.47074844462327,0,1,1,0,116,"Q4"
"6473",115,10.142819364,112,-3.7601069634023,-3.58790353677393,-3.14728217168119,-3.47074844462327,0,0,0,0,116,"Q4"
"6474",115,8.39298958799997,113,-3.34351827007548,-3.63415455442469,-3.14728217168119,-3.48084954060977,1,0,0,0,127.3,"Q4"
"6475",115,8.87738195470003,114,-3.41466486446922,-3.60499797013323,-3.14728217168119,-3.47842635260827,0,0,1,0,127.3,"Q4"
"6476",115,9.12869638290002,115,-3.47074844462327,-3.52230625428812,-3.47074844462327,-3.90424086498609,0,1,1,0,127.3,"Q4"
"6477",115,8.85023096560004,116,-3.47074844462327,-3.75341797525151,-3.19744842264573,-4.11009291919024,1,0,0,0,127.3,"Q4"
"6478",115,9.13561682580005,117,-3.50567263261577,-3.69514906712753,-3.14728217168119,-4.07270538711862,0,0,0,0,131.5,"Q4"
"6479",115,8.55333223800003,118,-3.36331710880538,-3.69514906712753,-3.14728217168119,-3.54181634847787,1,0,0,0,131.5,"Q4"
"6480",115,8.71275997499997,119,-3.38595531439952,-3.6826489043633,-3.16934188974592,-3.63415455442469,0,0,1,0,131.5,"Q4"
"6481",115,10.377483203,120,-3.47074844462327,-3.63415455442469,-3.28758971741625,-3.64605945693101,1,0,1,1,131.5,"Q4"
"6482",115,9.68433602250001,121,-3.47074844462327,-3.63415455442469,-3.3044677552036,-3.67336333411071,0,0,0,0,135.1,"Q1"
"6483",115,8.8032739825,122,-3.41725821411234,-3.61076167484998,-3.33033126579352,-3.7601069634023,0,1,1,0,135.1,"Q1"
"6484",115,8.43554920239998,125,-3.22556817124611,-3.90424086498609,-3.06360969595708,-3.67346946819933,0,0,0,0,135.1,"Q1"
"6485",115,8.5777236912,126,-3.31162448042875,-3.8082262117465,-3.06360969595708,-3.7601069634023,0,0,1,0,134.7,"Q1"
"6486",115,8.9871968207,127,-3.47074844462327,-3.61076167484998,-3.47074844462327,-4.16893341921317,0,1,0,0,134.7,"Q1"
"6487",115,11.40382463,128,-3.47074844462327,-3.63415455442469,-3.06360969595708,-3.57666746350701,0,0,1,1,134.7,"Q1"
"6488",115,8.52833093580003,130,-3.32568612428815,-3.82957933621707,-3.57666746350701,-3.66418684152356,1,0,0,0,134.7,"Q1"
"6489",115,9.83563688559998,131,-3.47074844462327,-3.7601069634023,-3.57666746350701,-3.69514906712753,0,0,1,1,134.7,"Q1"
"6490",115,8.7540029335,132,-3.39882310249498,-3.69514906712753,-3.50982367082461,-3.80120863908786,0,1,0,0,134.7,"Q1"
"6491",115,8.70217786560003,133,-3.31635354709625,-3.6400892899445,-3.10623859284565,-3.90424086498609,0,0,1,0,134.7,"Q1"
"6492",115,9.79367268650004,134,-3.47074844462327,-3.52230625428812,-3.24259235148552,-3.87370414112601,0,1,1,1,134.3,"Q2"
"6493",115,9.26482855730004,135,-3.43011431720421,-3.77362068256903,-3.2126132284261,-3.63415455442469,0,0,0,0,134.3,"Q2"
"6494",115,8.60153433980004,136,-3.18055696056606,-3.90424086498609,-3.07707791300794,-3.6282548322975,1,0,0,0,134.3,"Q2"
"6495",115,10.34096799,137,-3.47074844462327,-3.78731952692719,-3.18324326258955,-3.57666746350701,0,0,1,1,134.3,"Q2"
"6496",115,8.31776616669999,138,-3.18055696056606,-3.52230625428812,-3.35240721749272,-3.57666746350701,0,1,1,0,134.3,"Q2"
"6497",115,8.71275997499997,139,-3.18055696056606,-3.50655789731998,-3.09762658123533,-3.57666746350701,0,1,1,0,126.2,"Q2"
"6498",115,8.63621989780004,140,-3.18055696056606,-3.47074844462327,-3.09417234636724,-3.57666746350701,0,0,0,0,126.2,"Q2"
"6499",115,10.448598654,141,-3.47074844462327,-3.63415455442469,-3.06360969595708,-3.57666746350701,0,0,1,1,126.2,"Q2"
"6500",115,8.70217786560003,142,-3.17939480905813,-3.63415455442469,-3.09762658123533,-3.57666746350701,0,0,1,0,126.2,"Q2"
"6501",115,8.44934252449998,143,-3.16934188974592,-3.61655879253431,-3.24660037288306,-3.57666746350701,0,1,1,0,118.5,"Q2"
"6502",115,8.39298958799997,144,-3.16934188974592,-3.47074844462327,-3.34552365225423,-3.57666746350701,0,0,0,0,118.5,"Q2"
"6503",115,8.34853782539999,145,-3.16934188974592,-3.47074844462327,-3.47074844462327,-3.57666746350701,0,1,1,0,118.5,"Q2"
"6504",115,8.62479120200004,146,-3.27843241910419,-3.47074844462327,-3.08875313245428,-3.57666746350701,0,1,1,0,118.5,"Q2"
"6505",115,10.371489179,147,-3.47074844462327,-3.59926729542425,-3.16934188974592,-3.57666746350701,0,0,1,1,115.5,"Q3"
"6506",115,8.58969988220001,149,-3.16934188974592,-3.52761130651781,-3.09615908884062,-3.57666746350701,0,0,0,0,115.5,"Q3"
"6507",115,10.371489179,150,-3.33991550200463,-3.63415455442469,-3.1328414875264,-3.57666746350701,0,1,1,1,115.5,"Q3"
"6508",115,8.48961642359998,151,-3.17340885974643,-3.7601069634023,-3.07707791300794,-3.58790353677393,1,0,0,0,115.5,"Q3"
"6509",115,10.89109379,153,-3.47074844462327,-3.51702919718728,-3.06360969595708,-3.57666746350701,0,0,1,1,114.5,"Q3"
"6510",115,10.022514259,154,-3.49754532615803,-3.83679958419056,-3.1328414875264,-3.57666746350701,0,1,1,1,114.5,"Q3"
"6511",115,9.20230820029997,155,-3.63415455442469,-3.89651881889218,-3.13361220222847,-3.57666746350701,0,1,1,0,114.5,"Q3"
"6512",115,9.22778728560003,156,-3.57754014272826,-3.47074844462327,-3.24660037288306,-3.57666746350701,0,1,1,0,112.5,"Q3"
"6513",115,10.119888423,157,-3.4849764902459,-3.47074844462327,-3.21326496025044,-3.57666746350701,0,0,1,1,112.5,"Q3"
"6514",115,8.31776616669999,158,-3.18580884126426,-3.63415455442469,-3.06360969595708,-3.69514906712753,0,0,1,0,112.5,"Q3"
"6515",115,8.52833093580003,159,-3.24757405286001,-3.7601069634023,-3.1328414875264,-3.66418684152356,0,1,0,0,112.5,"Q3"
"6516",115,10.66765222,160,-3.37498153953126,-3.59356927430961,-3.08983870795061,-3.57666746350701,0,0,1,1,106.5,"Q4"
"6517",116,8.21932609390002,43,-3.19570876558667,-3.33033126579352,-3.01148063052213,-3.47074844462327,0,0,1,0,160.4,"Q3"
"6518",116,9.73483218649999,44,-3.20722520764823,-3.33033126579352,-3.01148063052213,-3.33033126579352,0,0,1,1,160.4,"Q3"
"6519",116,8.00903068509998,45,-3.06360969595708,-3.24660037288306,-3.01148063052213,-3.28758971741625,0,0,0,0,160.4,"Q3"
"6520",116,8.0300840943,46,-3.06360969595708,-3.24660037288306,-3.09762658123533,-3.57666746350701,0,1,1,0,160.4,"Q3"
"6521",116,9.44208681210002,47,-3.28758971741625,-3.42171901738295,-3.09762658123533,-3.25062452318278,1,0,1,1,160.8,"Q3"
"6522",116,8.11012680190003,48,-3.06360969595708,-3.42171901738295,-3.01148063052213,-3.28758971741625,0,0,1,0,160.8,"Q3"
"6523",116,7.76980099600004,50,-3.06360969595708,-3.42171901738295,-3.1328414875264,-3.47074844462327,0,1,1,0,160.8,"Q3"
"6524",116,7.84776253750002,52,-3.06360969595708,-3.52230625428812,-3.1328414875264,-3.47074844462327,0,0,1,0,150.9,"Q3"
"6525",116,9.85932665679996,53,-3.37498153953126,-3.52230625428812,-3.01148063052213,-3.47074844462327,0,0,1,1,150.9,"Q3"
"6526",116,7.79646924310001,54,-3.06360969595708,-3.57666746350701,-3.01148063052213,-3.29178259567629,0,0,1,0,150.9,"Q3"
"6527",116,7.9875244798,55,-3.06360969595708,-3.57666746350701,-3.01148063052213,-3.29178259567629,1,0,0,0,150.9,"Q3"
"6528",116,9.01869548770001,56,-3.06360969595708,-3.57666746350701,-3.01148063052213,-3.47074844462327,0,1,1,0,147.2,"Q4"
"6529",116,10.125029822,57,-3.47074844462327,-3.24660037288306,-3.02748097186857,-3.47074844462327,0,0,1,1,147.2,"Q4"
"6530",116,8.5026885052,58,-3.19993466411603,-3.94377170374273,-3.06360969595708,-3.47074844462327,1,1,0,0,147.2,"Q4"
"6531",116,7.68524360800001,59,-3.06360969595708,-3.69514906712753,-3.06360969595708,-3.47074844462327,0,0,1,0,147.2,"Q4"
"6532",116,9.63952200670001,60,-3.47074844462327,-3.69514906712753,-3.06360969595708,-3.47074844462327,1,0,1,1,120.9,"Q4"
"6533",116,7.82244472949999,61,-3.06360969595708,-3.90424086498609,-3.06360969595708,-3.47074844462327,0,1,1,0,120.9,"Q4"
"6534",116,10.309485852,62,-3.47074844462327,-4.16893341921317,-3.06360969595708,-3.2188758248682,0,0,1,1,120.9,"Q4"
"6535",116,9.04923221160001,63,-3.47074844462327,-3.69514906712753,-3.06360969595708,-3.33033126579352,1,0,0,0,120.9,"Q4"
"6536",116,9.03408040660004,64,-3.06360969595708,-3.24660037288306,-3.06360969595708,-3.47074844462327,1,0,1,0,120.9,"Q4"
"6537",116,9.3350328159,67,-3.47074844462327,-3.37498153953126,-3.28758971741625,-3.47074844462327,0,0,1,0,117.8,"Q4"
"6538",116,9.04923221160001,68,-3.47074844462327,-3.37498153953126,-3.28758971741625,-3.63415455442469,0,0,1,0,117.8,"Q4"
"6539",116,9.36288977040002,69,-3.47074844462327,-3.37498153953126,-3.52230625428812,-3.47074844462327,0,1,1,0,114.4,"Q1"
"6540",116,8.14786712990004,70,-3.2587217334154,-4.16893341921317,-3.20722520764823,-3.30022146432215,1,0,1,0,114.4,"Q1"
"6541",116,8.5656023306,71,-3.2587217334154,-3.37498153953126,-3.20722520764823,-3.63415455442469,0,0,1,0,114.4,"Q1"
"6542",116,10.189568344,72,-3.47074844462327,-3.37498153953126,-3.01148063052213,-3.63415455442469,0,0,1,1,114.4,"Q1"
"6543",116,8.0709060888,73,-3.2587217334154,-3.7601069634023,-3.01148063052213,-3.47074844462327,1,0,0,0,114.4,"Q1"
"6544",116,8.46294817659997,74,-3.27925633585711,-3.7601069634023,-3.24660037288306,-3.47074844462327,0,0,1,0,114.4,"Q1"
"6545",116,8.18423477410002,75,-3.27925633585711,-3.37498153953126,-3.16934188974592,-3.7601069634023,0,0,1,0,114.4,"Q1"
"6546",116,8.88627090209996,76,-3.27925633585711,-3.37498153953126,-3.01148063052213,-3.7601069634023,0,0,1,0,114.4,"Q1"
"6547",116,9.75359446299998,77,-3.47074844462327,-3.47074844462327,-3.01148063052213,-3.37498153953126,1,0,1,1,114.4,"Q1"
"6548",116,8.21932609390002,78,-3.2587217334154,-4.07270538711862,-3.01148063052213,-3.37498153953126,1,0,0,0,111.7,"Q1"
"6549",116,9.49160187660003,79,-3.2587217334154,-3.37498153953126,-3.01148063052213,-3.57666746350701,0,0,1,0,111.7,"Q1"
"6550",116,11.103934147,80,-3.63415455442469,-3.37498153953126,-3.01148063052213,-3.37498153953126,0,0,1,1,111.7,"Q1"
"6551",116,8.74385056200001,83,-3.42171901738295,-3.69514906712753,-3.47074844462327,-4.03666545063542,0,1,0,0,111.7,"Q2"
"6552",116,8.40737832540001,84,-3.42171901738295,-4.16893341921317,-3.01148063052213,-3.57666746350701,1,0,0,0,111.7,"Q2"
"6553",116,8.85023096560004,85,-3.42171901738295,-3.37498153953126,-3.47074844462327,-3.57666746350701,1,1,0,0,111.7,"Q2"
"6554",116,9.83563688559998,86,-3.42171901738295,-3.37498153953126,-3.47074844462327,-3.7601069634023,0,1,0,0,111,"Q2"
"6555",116,8.18423477410002,88,-3.34351827007548,-3.37498153953126,-3.33033126579352,-3.7601069634023,0,1,1,0,111,"Q2"
"6556",116,8.0709060888,90,-3.34351827007548,-3.69514906712753,-3.01148063052213,-4.03666545063542,0,0,1,0,111,"Q2"
"6557",116,7.89655270159997,91,-3.34351827007548,-3.42171901738295,-3.47074844462327,-3.34351827007548,0,0,1,0,111,"Q2"
"6558",116,8.92105701820002,92,-3.63415455442469,-3.81529337896959,-3.47074844462327,-3.63415455442469,1,1,1,1,111,"Q2"
"6559",116,9.00307016980004,93,-3.34351827007548,-3.90424086498609,-3.06360969595708,-3.90424086498609,0,1,0,0,111,"Q2"
"6560",116,9.27687689579999,95,-3.63415455442469,-3.52230625428812,-3.47074844462327,-3.34351827007548,0,0,1,0,111,"Q3"
"6561",116,7.62461898619999,96,-3.34351827007548,-3.69514906712753,-3.47074844462327,-3.34351827007548,1,1,0,0,111,"Q3"
"6562",116,7.5928702878,97,-3.34351827007548,-3.69514906712753,-3.47074844462327,-3.47074844462327,0,0,1,0,111,"Q3"
"6563",116,7.89655270159997,98,-3.34351827007548,-3.52230625428812,-3.09568614482356,-3.47074844462327,0,1,1,0,111,"Q3"
"6564",116,7.84776253750002,99,-3.34351827007548,-4.16893341921317,-3.37498153953126,-3.47074844462327,1,0,1,0,107.2,"Q3"
"6565",116,7.94307271730001,100,-3.34351827007548,-4.16893341921317,-3.37498153953126,-3.52230625428812,0,0,0,0,107.2,"Q3"
"6566",116,9.20230820029997,101,-3.34351827007548,-3.7601069634023,-3.28758971741625,-3.37498153953126,1,0,0,0,107.2,"Q3"
"6567",116,7.82244472949999,103,-3.34351827007548,-3.82957933621707,-3.14728217168119,-3.47074844462327,0,0,1,0,107.2,"Q3"
"6568",116,9.47208906240003,105,-3.47074844462327,-3.82957933621707,-3.14728217168119,-3.47074844462327,0,0,1,1,107.4,"Q3"
"6569",116,8.26975694750001,106,-3.47074844462327,-3.7014582363208,-3.24660037288306,-3.63415455442469,1,1,1,0,107.4,"Q3"
"6570",116,8.99516499030001,107,-3.52230625428812,-3.7014582363208,-3.14728217168119,-3.63415455442469,0,0,1,0,107.4,"Q3"
"6571",116,8.89508153180002,108,-3.57666746350701,-3.7014582363208,-3.47074844462327,-3.47074844462327,0,1,0,0,116,"Q4"
"6572",116,8.97916464900004,109,-3.57666746350701,-3.7014582363208,-3.14728217168119,-3.46074836128869,1,0,0,0,116,"Q4"
"6573",116,8.28601746839997,111,-3.34351827007548,-3.7014582363208,-3.20722520764823,-3.47074844462327,0,1,1,0,116,"Q4"
"6574",116,7.94307271730001,113,-3.34351827007548,-3.7014582363208,-3.14728217168119,-3.47074844462327,1,0,0,0,127.3,"Q4"
"6575",116,8.37839078850004,114,-3.34351827007548,-3.7014582363208,-3.14728217168119,-3.48084954060977,0,0,1,0,127.3,"Q4"
"6576",116,9.12869638290002,115,-3.47074844462327,-3.7014582363208,-3.47074844462327,-3.47074844462327,0,1,1,0,127.3,"Q4"
"6577",116,8.76405326930003,116,-3.47074844462327,-3.7014582363208,-3.14728217168119,-3.90424086498609,1,0,0,0,127.3,"Q4"
"6578",116,8.62479120200004,117,-3.47074844462327,-3.7014582363208,-3.14728217168119,-3.69514906712753,0,0,0,0,131.5,"Q4"
"6579",116,7.96554557310002,118,-3.34351827007548,-3.7014582363208,-3.14728217168119,-3.52230625428812,1,0,0,0,131.5,"Q4"
"6580",116,8.30201780980003,119,-3.34351827007548,-3.7014582363208,-3.14728217168119,-3.63415455442469,0,0,1,0,131.5,"Q4"
"6581",116,9.14248970509999,120,-3.47074844462327,-3.7014582363208,-3.28758971741625,-3.63415455442469,1,0,1,1,131.5,"Q4"
"6582",116,8.55333223800003,122,-3.47074844462327,-3.7014582363208,-3.33033126579352,-3.7601069634023,0,1,1,0,135.1,"Q1"
"6583",116,8.85936344920003,124,-3.24660037288306,-3.7014582363208,-3.06360969595708,-3.57666746350701,0,0,1,1,135.1,"Q1"
"6584",116,8.58969988220001,125,-3.24660037288306,-3.7014582363208,-3.06360969595708,-3.57666746350701,0,0,0,0,135.1,"Q1"
"6585",116,8.16621626860002,126,-3.18055696056606,-3.7014582363208,-3.06360969595708,-3.7601069634023,0,0,1,0,134.7,"Q1"
"6586",116,8.33327035329998,127,-3.47074844462327,-3.7014582363208,-3.47074844462327,-4.16893341921317,0,1,0,0,134.7,"Q1"
"6587",116,8.78385589659998,130,-3.18055696056606,-3.7014582363208,-3.57666746350701,-3.63415455442469,1,0,0,0,134.7,"Q1"
"6588",116,9.52485909839998,131,-3.47074844462327,-3.7014582363208,-3.57666746350701,-3.69514906712753,0,0,1,1,134.7,"Q1"
"6589",116,8.85936344920003,132,-3.47074844462327,-3.7014582363208,-3.57666746350701,-3.69514906712753,0,1,0,0,134.7,"Q1"
"6590",116,8.20193435119999,133,-3.18055696056606,-3.7014582363208,-3.1328414875264,-3.90424086498609,0,0,1,0,134.7,"Q1"
"6591",116,9.60130079389996,134,-3.47074844462327,-3.7014582363208,-3.24259235148552,-3.90424086498609,0,1,1,1,134.3,"Q2"
"6592",116,8.11012680190003,136,-3.18055696056606,-3.90424086498609,-3.07707791300794,-3.63415455442469,1,0,0,0,134.3,"Q2"
"6593",116,7.79646924310001,138,-3.18055696056606,-3.52230625428812,-3.35240721749272,-3.57666746350701,0,1,1,0,134.3,"Q2"
"6594",116,8.40737832540001,139,-3.18055696056606,-3.52230625428812,-3.09762658123533,-3.57666746350701,0,1,1,0,126.2,"Q2"
"6595",116,8.25322764560004,140,-3.18055696056606,-3.47074844462327,-3.09762658123533,-3.57666746350701,0,0,0,0,126.2,"Q2"
"6596",116,9.84585843970004,141,-3.47074844462327,-3.63415455442469,-3.06360969595708,-3.57666746350701,0,0,1,1,126.2,"Q2"
"6597",116,8.0709060888,142,-3.18055696056606,-3.63415455442469,-3.09762658123533,-3.57666746350701,0,0,1,0,126.2,"Q2"
"6598",116,7.82244472949999,143,-3.16934188974592,-3.63415455442469,-3.24660037288306,-3.57666746350701,0,1,1,0,118.5,"Q2"
"6599",116,7.87245515010004,144,-3.16934188974592,-3.47074844462327,-3.24660037288306,-3.57666746350701,0,0,0,0,118.5,"Q2"
"6600",116,7.92008319910002,145,-3.16934188974592,-3.47074844462327,-3.47074844462327,-3.57666746350701,0,1,1,0,118.5,"Q2"
"6601",116,7.9875244798,146,-3.16934188974592,-3.47074844462327,-3.06360969595708,-3.57666746350701,0,1,1,0,118.5,"Q2"
"6602",116,9.25263328419997,147,-3.45418028368575,-3.47074844462327,-3.16934188974592,-3.57666746350701,0,0,1,1,115.5,"Q3"
"6603",116,8.37839078850004,149,-3.16934188974592,-3.47074844462327,-3.06360969595708,-3.57666746350701,0,0,0,0,115.5,"Q3"
"6604",116,10.005321858,150,-3.33033126579352,-3.63415455442469,-3.1328414875264,-3.57666746350701,0,1,1,1,115.5,"Q3"
"6605",116,8.16621626860002,151,-3.16934188974592,-3.7601069634023,-3.06360969595708,-3.57666746350701,1,0,0,0,115.5,"Q3"
"6606",116,10.481448323,153,-3.47074844462327,-3.47074844462327,-3.06360969595708,-3.57666746350701,0,0,1,1,114.5,"Q3"
"6607",116,10.142819364,154,-3.47074844462327,-3.57666746350701,-3.1328414875264,-3.57666746350701,0,1,1,1,114.5,"Q3"
"6608",116,9.09335701649998,156,-3.63415455442469,-3.47074844462327,-3.24660037288306,-3.65206548099122,0,1,1,0,112.5,"Q3"
"6609",116,9.67633597980004,157,-3.47074844462327,-3.54369744426944,-3.24660037288306,-3.57666746350701,0,0,1,1,112.5,"Q3"
"6610",116,8.0709060888,159,-3.24660037288306,-3.7601069634023,-3.13643215565713,-3.69514906712753,0,1,0,0,112.5,"Q3"
"6611",116,10.540699101,160,-3.37498153953126,-3.54369744426944,-3.13643215565713,-3.57666746350701,0,0,1,1,106.5,"Q4"
"6612",117,7.62461898619999,42,-3.06360969595708,-3.24660037288306,-3.01148063052213,-3.52230625428812,0,0,1,0,160,"Q2"
"6613",117,8.16621626860002,43,-3.06360969595708,-3.24660037288306,-3.01148063052213,-3.47074844462327,0,0,1,0,160.4,"Q3"
"6614",117,9.87261588890002,44,-3.20722520764823,-3.24660037288306,-3.01148063052213,-3.25062452318278,0,0,1,1,160.4,"Q3"
"6615",117,8.0709060888,45,-3.06360969595708,-3.24660037288306,-3.01148063052213,-3.28758971741625,0,0,0,0,160.4,"Q3"
"6616",117,8.23642052730002,46,-3.06360969595708,-3.24660037288306,-3.09762658123533,-3.57666746350701,0,1,1,0,160.4,"Q3"
"6617",117,7.94307271730001,50,-3.06360969595708,-3.42171901738295,-3.1328414875264,-3.47074844462327,0,1,1,0,160.8,"Q3"
"6618",117,8.74385056200001,52,-3.06360969595708,-3.52230625428812,-3.1328414875264,-3.47074844462327,0,0,1,0,150.9,"Q3"
"6619",117,9.59696239229999,53,-3.37498153953126,-3.52230625428812,-3.01148063052213,-3.47074844462327,0,0,1,1,150.9,"Q3"
"6620",117,8.0300840943,54,-3.06360969595708,-3.57666746350701,-3.01148063052213,-3.29178259567629,0,0,1,0,150.9,"Q3"
"6621",117,8.20193435119999,55,-3.06360969595708,-3.57666746350701,-3.01148063052213,-3.29178259567629,1,0,0,0,150.9,"Q3"
"6622",117,8.71275997499997,56,-3.06360969595708,-3.57666746350701,-3.01148063052213,-3.47074844462327,0,1,1,0,147.2,"Q4"
"6623",117,9.80432998099997,57,-3.47074844462327,-3.24660037288306,-3.02748097186857,-3.47074844462327,0,0,1,1,147.2,"Q4"
"6624",117,8.30201780980003,58,-3.15081068892815,-3.94377170374273,-3.06360969595708,-3.47074844462327,1,1,0,0,147.2,"Q4"
"6625",117,7.89655270159997,59,-3.06360969595708,-3.69514906712753,-3.06360969595708,-3.47074844462327,0,0,1,0,147.2,"Q4"
"6626",117,9.80432998099997,60,-3.47074844462327,-3.69514906712753,-3.06360969595708,-3.47074844462327,1,0,1,1,120.9,"Q4"
"6627",117,7.87245515010004,61,-3.06360969595708,-3.90424086498609,-3.06360969595708,-3.47074844462327,0,1,1,0,120.9,"Q4"
"6628",117,10.106918073,62,-3.47074844462327,-4.16893341921317,-3.06360969595708,-3.2188758248682,0,0,1,1,120.9,"Q4"
"6629",117,8.63621989780004,63,-3.47074844462327,-3.69514906712753,-3.06360969595708,-3.33033126579352,1,0,0,0,120.9,"Q4"
"6630",117,8.83171191779997,64,-3.06360969595708,-3.24660037288306,-3.06360969595708,-3.47074844462327,1,0,1,0,120.9,"Q4"
"6631",117,8.58969988220001,68,-3.47074844462327,-3.37498153953126,-3.28758971741625,-3.63415455442469,0,0,1,0,117.8,"Q4"
"6632",117,8.99516499030001,69,-3.47074844462327,-3.37498153953126,-3.52230625428812,-3.47074844462327,0,1,1,0,114.4,"Q1"
"6633",117,7.94307271730001,70,-3.2587217334154,-4.16893341921317,-3.20722520764823,-3.30022146432215,1,0,1,0,114.4,"Q1"
"6634",117,8.48961642359998,71,-3.2587217334154,-3.37498153953126,-3.20722520764823,-3.63415455442469,0,0,1,0,114.4,"Q1"
"6635",117,10.013955006,72,-3.47074844462327,-3.37498153953126,-3.01148063052213,-3.63415455442469,0,0,1,1,114.4,"Q1"
"6636",117,8.0709060888,73,-3.2587217334154,-3.7601069634023,-3.01148063052213,-3.47074844462327,1,0,0,0,114.4,"Q1"
"6637",117,8.34853782539999,74,-3.27925633585711,-3.7601069634023,-3.24660037288306,-3.47074844462327,0,0,1,0,114.4,"Q1"
"6638",117,7.74240202179999,75,-3.27925633585711,-3.37498153953126,-3.16934188974592,-3.7601069634023,0,0,1,0,114.4,"Q1"
"6639",117,8.5656023306,76,-3.27925633585711,-3.37498153953126,-3.01148063052213,-3.7601069634023,0,0,1,0,114.4,"Q1"
"6640",117,9.88246818529995,77,-3.47074844462327,-3.47074844462327,-3.01148063052213,-3.37498153953126,1,0,1,1,114.4,"Q1"
"6641",117,7.79646924310001,78,-3.2587217334154,-4.07270538711862,-3.01148063052213,-3.37498153953126,1,0,0,0,111.7,"Q1"
"6642",117,8.8032739825,79,-3.2587217334154,-3.37498153953126,-3.01148063052213,-3.57666746350701,0,0,1,0,111.7,"Q1"
"6643",117,10.969025533,80,-3.63415455442469,-3.37498153953126,-3.01148063052213,-3.37498153953126,0,0,1,1,111.7,"Q1"
"6644",117,9.47700307720005,81,-3.63415455442469,-3.69514906712753,-3.63415455442469,-3.37498153953126,1,1,0,0,111.7,"Q1"
"6645",117,8.51559191000002,83,-3.42171901738295,-3.69514906712753,-3.47074844462327,-4.03666545063542,0,1,0,0,111.7,"Q2"
"6646",117,8.25322764560004,84,-3.42171901738295,-4.16893341921317,-3.01148063052213,-3.57666746350701,1,0,0,0,111.7,"Q2"
"6647",117,8.0300840943,85,-3.42171901738295,-3.37498153953126,-3.47074844462327,-3.57666746350701,1,1,0,0,111.7,"Q2"
"6648",117,9.16282938930003,86,-3.42171901738295,-3.37498153953126,-3.47074844462327,-3.7601069634023,0,1,0,0,111,"Q2"
"6649",117,7.96554557310002,88,-3.34351827007548,-3.37498153953126,-3.33033126579352,-3.7601069634023,0,1,1,0,111,"Q2"
"6650",117,7.89655270159997,89,-3.34351827007548,-3.69514906712753,-3.01148063052213,-3.7601069634023,1,0,0,0,111,"Q2"
"6651",117,8.21932609390002,90,-3.34351827007548,-3.69514906712753,-3.01148063052213,-4.03666545063542,0,0,1,0,111,"Q2"
"6652",117,9.72722758709997,92,-3.63415455442469,-3.81529337896959,-3.47074844462327,-3.63415455442469,1,1,1,1,111,"Q2"
"6653",117,8.8032739825,93,-3.34351827007548,-3.90424086498609,-3.06360969595708,-3.90424086498609,0,1,0,0,111,"Q2"
"6654",117,10.238816278,94,-3.63415455442469,-3.52230625428812,-3.03071199245002,-3.34351827007548,0,0,1,1,111,"Q2"
"6655",117,7.76980099600004,96,-3.34351827007548,-3.69514906712753,-3.47074844462327,-3.34351827007548,1,1,0,0,111,"Q3"
"6656",117,7.9875244798,97,-3.34351827007548,-3.69514906712753,-3.47074844462327,-3.47074844462327,0,0,1,0,111,"Q3"
"6657",117,8.11012680190003,98,-3.34351827007548,-3.52230625428812,-3.09701982832289,-3.47074844462327,0,1,1,0,111,"Q3"
"6658",117,7.52617891330001,99,-3.34351827007548,-4.16893341921317,-3.37498153953126,-3.47074844462327,1,0,1,0,107.2,"Q3"
"6659",117,7.84776253750002,100,-3.34351827007548,-4.16893341921317,-3.37498153953126,-3.52230625428812,0,0,0,0,107.2,"Q3"
"6660",117,9.07153796909997,101,-3.34351827007548,-3.7601069634023,-3.28758971741625,-3.37498153953126,1,0,0,0,107.2,"Q3"
"6661",117,10.5491237499999,102,-3.90424086498609,-3.7601069634023,-3.14728217168119,-3.37498153953126,0,0,1,1,107.2,"Q3"
"6662",117,7.84776253750002,103,-3.34351827007548,-3.82957933621707,-3.14728217168119,-3.47074844462327,0,0,1,0,107.2,"Q3"
"6663",117,8.0300840943,104,-3.34351827007548,-3.82957933621707,-3.47074844462327,-3.47074844462327,0,1,1,0,107.4,"Q3"
"6664",117,9.49642116310001,105,-3.47074844462327,-3.82957933621707,-3.14728217168119,-3.47074844462327,0,0,1,1,107.4,"Q3"
"6665",117,8.31776616669999,106,-3.47074844462327,-3.7014582363208,-3.24660037288306,-3.63415455442469,1,1,1,0,107.4,"Q3"
"6666",117,8.86841328469997,107,-3.52230625428812,-3.7014582363208,-3.14728217168119,-3.63415455442469,0,0,1,0,107.4,"Q3"
"6667",117,8.8032739825,108,-3.57666746350701,-3.7014582363208,-3.47074844462327,-3.47074844462327,0,1,0,0,116,"Q4"
"6668",117,8.61323037960001,109,-3.57666746350701,-3.7014582363208,-3.14728217168119,-3.46074836128869,1,0,0,0,116,"Q4"
"6669",117,8.25322764560004,111,-3.34351827007548,-3.7014582363208,-3.20722520764823,-3.47074844462327,0,1,1,0,116,"Q4"
"6670",117,7.76980099600004,113,-3.34351827007548,-3.7014582363208,-3.14728217168119,-3.47074844462327,1,0,0,0,127.3,"Q4"
"6671",117,8.48961642359998,114,-3.34351827007548,-3.7014582363208,-3.14728217168119,-3.48084954060977,0,0,1,0,127.3,"Q4"
"6672",117,8.79361207160002,115,-3.47074844462327,-3.7014582363208,-3.47074844462327,-3.47074844462327,0,1,1,0,127.3,"Q4"
"6673",117,8.61323037960001,116,-3.47074844462327,-3.7014582363208,-3.14728217168119,-3.90424086498609,1,0,0,0,127.3,"Q4"
"6674",117,8.44934252449998,117,-3.47074844462327,-3.7014582363208,-3.14728217168119,-3.69514906712753,0,0,0,0,131.5,"Q4"
"6675",117,7.71423114480001,118,-3.34351827007548,-3.7014582363208,-3.14728217168119,-3.52230625428812,1,0,0,0,131.5,"Q4"
"6676",117,7.96554557310002,119,-3.34351827007548,-3.7014582363208,-3.14728217168119,-3.63415455442469,0,0,1,0,131.5,"Q4"
"6677",117,9.57941808260001,120,-3.47074844462327,-3.7014582363208,-3.28758971741625,-3.63415455442469,1,0,1,1,131.5,"Q4"
"6678",117,8.5777236912,122,-3.47074844462327,-3.7014582363208,-3.33033126579352,-3.7601069634023,0,1,1,0,135.1,"Q1"
"6679",117,8.00903068509998,125,-3.24660037288306,-3.7014582363208,-3.06360969595708,-3.57666746350701,0,0,0,0,135.1,"Q1"
"6680",117,7.96554557310002,126,-3.18055696056606,-3.7014582363208,-3.06360969595708,-3.7601069634023,0,0,1,0,134.7,"Q1"
"6681",117,8.43554920239998,127,-3.47074844462327,-3.7014582363208,-3.47074844462327,-4.16893341921317,0,1,0,0,134.7,"Q1"
"6682",117,8.30201780980003,129,-3.47074844462327,-3.7014582363208,-3.47074844462327,-3.57666746350701,0,1,1,0,134.7,"Q1"
"6683",117,8.42156296040003,130,-3.18055696056606,-3.7014582363208,-3.57666746350701,-3.63415455442469,1,0,0,0,134.7,"Q1"
"6684",117,9.43699774259998,131,-3.47074844462327,-3.7014582363208,-3.57666746350701,-3.69514906712753,0,0,1,1,134.7,"Q1"
"6685",117,8.48961642359998,132,-3.47074844462327,-3.7014582363208,-3.57666746350701,-3.69514906712753,0,1,0,0,134.7,"Q1"
"6686",117,9.45720044990004,134,-3.47074844462327,-3.7014582363208,-3.24259235148552,-3.90424086498609,0,1,1,1,134.3,"Q2"
"6687",117,8.81284343350004,135,-3.47074844462327,-3.7014582363208,-3.24259235148552,-3.63415455442469,0,0,0,0,134.3,"Q2"
"6688",117,7.89655270159997,136,-3.18055696056606,-3.90424086498609,-3.07707791300794,-3.63415455442469,1,0,0,0,134.3,"Q2"
"6689",117,9.76468514970001,137,-3.47074844462327,-3.90424086498609,-3.07707791300794,-3.57666746350701,0,0,1,1,134.3,"Q2"
"6690",117,8.18423477410002,139,-3.18055696056606,-3.52230625428812,-3.09762658123533,-3.57666746350701,0,1,1,0,126.2,"Q2"
"6691",117,8.14786712990004,140,-3.18055696056606,-3.47074844462327,-3.09762658123533,-3.57666746350701,0,0,0,0,126.2,"Q2"
"6692",117,9.94270826569999,141,-3.47074844462327,-3.63415455442469,-3.06360969595708,-3.57666746350701,0,0,1,1,126.2,"Q2"
"6693",117,7.92008319910002,142,-3.18055696056606,-3.63415455442469,-3.09762658123533,-3.57666746350701,0,0,1,0,126.2,"Q2"
"6694",117,7.87245515010004,144,-3.16934188974592,-3.47074844462327,-3.24660037288306,-3.57666746350701,0,0,0,0,118.5,"Q2"
"6695",117,7.92008319910002,145,-3.16934188974592,-3.47074844462327,-3.47074844462327,-3.57666746350701,0,1,1,0,118.5,"Q2"
"6696",117,8.00903068509998,146,-3.16934188974592,-3.47074844462327,-3.06360969595708,-3.57666746350701,0,1,1,0,118.5,"Q2"
"6697",117,9.37923890839995,147,-3.44593783080804,-3.47074844462327,-3.16934188974592,-3.57666746350701,0,0,1,1,115.5,"Q3"
"6698",117,8.26975694750001,149,-3.16934188974592,-3.47074844462327,-3.06360969595708,-3.57666746350701,0,0,0,0,115.5,"Q3"
"6699",117,9.9240741861,150,-3.33033126579352,-3.63415455442469,-3.1328414875264,-3.57666746350701,0,1,1,1,115.5,"Q3"
"6700",117,8.0300840943,151,-3.16934188974592,-3.7601069634023,-3.06360969595708,-3.57666746350701,1,0,0,0,115.5,"Q3"
"6701",117,10.3913311,153,-3.47074844462327,-3.47074844462327,-3.06360969595708,-3.57666746350701,0,0,1,1,114.5,"Q3"
"6702",117,9.93032420650002,154,-3.47074844462327,-3.57666746350701,-3.1328414875264,-3.57666746350701,0,1,1,1,114.5,"Q3"
"6703",117,8.5777236912,155,-3.63415455442469,-3.90424086498609,-3.13643215565713,-3.57666746350701,0,1,1,0,114.5,"Q3"
"6704",117,8.83171191779997,156,-3.63415455442469,-3.47074844462327,-3.24660037288306,-3.65206548099122,0,1,1,0,112.5,"Q3"
"6705",117,9.63952200670001,157,-3.47074844462327,-3.54369744426944,-3.24660037288306,-3.57666746350701,0,0,1,1,112.5,"Q3"
"6706",117,8.5656023306,158,-3.16934188974592,-3.54369744426944,-3.13643215565713,-3.69514906712753,0,0,1,0,112.5,"Q3"
"6707",117,8.12917499690002,159,-3.24660037288306,-3.7601069634023,-3.13643215565713,-3.69514906712753,0,1,0,0,112.5,"Q3"
"6708",117,10.285752267,160,-3.37498153953126,-3.54369744426944,-3.13643215565713,-3.57666746350701,0,0,1,1,106.5,"Q4"
"6709",118,8.5026885052,42,-3.06360969595708,-3.24660037288306,-3.01148063052213,-3.52230625428812,0,0,1,0,160,"Q2"
"6710",118,8.16621626860002,43,-3.06360969595708,-3.24660037288306,-3.01148063052213,-3.47074844462327,0,0,1,0,160.4,"Q3"
"6711",118,10.379473253,44,-3.20722520764823,-3.24660037288306,-3.01148063052213,-3.25062452318278,0,0,1,1,160.4,"Q3"
"6712",118,8.09070871610001,45,-3.06360969595708,-3.24660037288306,-3.01148063052213,-3.28758971741625,0,0,0,0,160.4,"Q3"
"6713",118,8.58969988220001,48,-3.06360969595708,-3.42171901738295,-3.01148063052213,-3.28758971741625,0,0,1,0,160.8,"Q3"
"6714",118,8.23642052730002,50,-3.06360969595708,-3.42171901738295,-3.1328414875264,-3.47074844462327,0,1,1,0,160.8,"Q3"
"6715",118,8.31776616669999,52,-3.06360969595708,-3.52230625428812,-3.1328414875264,-3.47074844462327,0,0,1,0,150.9,"Q3"
"6716",118,10.137768848,53,-3.37498153953126,-3.52230625428812,-3.01148063052213,-3.47074844462327,0,0,1,1,150.9,"Q3"
"6717",118,8.11012680190003,54,-3.06360969595708,-3.57666746350701,-3.01148063052213,-3.29178259567629,0,0,1,0,150.9,"Q3"
"6718",118,8.48961642359998,55,-3.06360969595708,-3.57666746350701,-3.01148063052213,-3.29178259567629,1,0,0,0,150.9,"Q3"
"6719",118,8.14786712990004,56,-3.06360969595708,-3.57666746350701,-3.01148063052213,-3.47074844462327,0,1,1,0,147.2,"Q4"
"6720",118,10.583752107,57,-3.47074844462327,-3.24660037288306,-3.02748097186857,-3.47074844462327,0,0,1,1,147.2,"Q4"
"6721",118,8.25322764560004,58,-3.09516668331504,-3.94377170374273,-3.06360969595708,-3.47074844462327,1,1,0,0,147.2,"Q4"
"6722",118,8.11012680190003,59,-3.06360969595708,-3.69514906712753,-3.06360969595708,-3.47074844462327,0,0,1,0,147.2,"Q4"
"6723",118,10.332669187,60,-3.47074844462327,-3.69514906712753,-3.06360969595708,-3.47074844462327,1,0,1,1,120.9,"Q4"
"6724",118,8.16621626860002,61,-3.06360969595708,-3.90424086498609,-3.06360969595708,-3.47074844462327,0,1,1,0,120.9,"Q4"
"6725",118,10.535610031,62,-3.47074844462327,-4.16893341921317,-3.06360969595708,-3.2188758248682,0,0,1,1,120.9,"Q4"
"6726",118,9.60130079389996,63,-3.47074844462327,-3.69514906712753,-3.06360969595708,-3.33033126579352,1,0,0,0,120.9,"Q4"
"6727",118,8.52833093580003,64,-3.06360969595708,-3.24660037288306,-3.06360969595708,-3.47074844462327,1,0,1,0,120.9,"Q4"
"6728",118,8.46294817659997,69,-3.47074844462327,-3.37498153953126,-3.52230625428812,-3.47074844462327,0,1,1,0,114.4,"Q1"
"6729",118,8.18423477410002,70,-3.20722520764823,-4.16893341921317,-3.20722520764823,-3.30022146432215,1,0,1,0,114.4,"Q1"
"6730",118,8.71275997499997,71,-3.20722520764823,-3.37498153953126,-3.20722520764823,-3.63415455442469,0,0,1,0,114.4,"Q1"
"6731",118,10.645043872,72,-3.47074844462327,-3.37498153953126,-3.01148063052213,-3.63415455442469,0,0,1,1,114.4,"Q1"
"6732",118,8.26975694750001,73,-3.20722520764823,-3.7601069634023,-3.01148063052213,-3.47074844462327,1,0,0,0,114.4,"Q1"
"6733",118,8.16621626860002,74,-3.24660037288306,-3.7601069634023,-3.24660037288306,-3.47074844462327,0,0,1,0,114.4,"Q1"
"6734",118,8.44934252449998,76,-3.24660037288306,-3.37498153953126,-3.01148063052213,-3.7601069634023,0,0,1,0,114.4,"Q1"
"6735",118,10.24565781,77,-3.47074844462327,-3.47074844462327,-3.01148063052213,-3.37498153953126,1,0,1,1,114.4,"Q1"
"6736",118,8.14786712990004,78,-3.20722520764823,-4.07270538711862,-3.01148063052213,-3.37498153953126,1,0,0,0,111.7,"Q1"
"6737",118,9.29468152039999,79,-3.20722520764823,-3.37498153953126,-3.01148063052213,-3.57666746350701,0,0,1,0,111.7,"Q1"
"6738",118,11.3366655,80,-3.63415455442469,-3.37498153953126,-3.01148063052213,-3.37498153953126,0,0,1,1,111.7,"Q1"
"6739",118,10.0024275,81,-3.63415455442469,-3.69514906712753,-3.63415455442469,-3.37498153953126,1,1,0,0,111.7,"Q1"
"6740",118,8.97916464900004,82,-3.20722520764823,-3.69514906712753,-3.70780746399946,-3.34351827007548,0,1,1,1,111.7,"Q2"
"6741",118,9.16282938930003,83,-3.42171901738295,-3.69514906712753,-3.47074844462327,-4.03666545063542,0,1,0,0,111.7,"Q2"
"6742",118,9.22778728560003,84,-3.42171901738295,-4.16893341921317,-3.01148063052213,-3.57666746350701,1,0,0,0,111.7,"Q2"
"6743",118,8.99516499030001,85,-3.42171901738295,-3.37498153953126,-3.47074844462327,-3.57666746350701,1,1,0,0,111.7,"Q2"
"6744",118,9.7610019042,86,-3.42171901738295,-3.37498153953126,-3.47074844462327,-3.7601069634023,0,1,0,0,111,"Q2"
"6745",118,11.681824001,87,-3.82957933621707,-3.37498153953126,-3.20722520764823,-3.7601069634023,0,0,1,1,111,"Q2"
"6746",118,8.93800657649997,88,-3.34351827007548,-3.37498153953126,-3.33033126579352,-3.7601069634023,0,1,1,0,111,"Q2"
"6747",118,8.68067166040002,89,-3.34351827007548,-3.69514906712753,-3.01148063052213,-3.7601069634023,1,0,0,0,111,"Q2"
"6748",118,8.82232217749998,90,-3.34351827007548,-3.69514906712753,-3.01148063052213,-4.03666545063542,0,0,1,0,111,"Q2"
"6749",118,8.55333223800003,91,-3.34351827007548,-3.37498153953126,-3.47074844462327,-3.34351827007548,0,0,1,0,111,"Q2"
"6750",118,9.99952474069997,92,-3.63415455442469,-3.81529337896959,-3.47074844462327,-3.63415455442469,1,1,1,1,111,"Q2"
"6751",118,9.49160187660003,93,-3.34351827007548,-3.90424086498609,-3.06360969595708,-3.90424086498609,0,1,0,0,111,"Q2"
"6752",118,10.679504211,94,-3.63415455442469,-3.52230625428812,-3.03071199245002,-3.34351827007548,0,0,1,1,111,"Q2"
"6753",118,9.3573801146,95,-3.63415455442469,-3.52230625428812,-3.47074844462327,-3.34351827007548,0,0,1,0,111,"Q3"
"6754",118,8.0709060888,96,-3.34351827007548,-3.69514906712753,-3.47074844462327,-3.34351827007548,1,1,0,0,111,"Q3"
"6755",118,8.25322764560004,97,-3.34351827007548,-3.69514906712753,-3.47074844462327,-3.47074844462327,0,0,1,0,111,"Q3"
"6756",118,8.0300840943,98,-3.34351827007548,-3.52230625428812,-3.06181165480701,-3.47074844462327,0,1,1,0,111,"Q3"
"6757",118,8.20193435119999,99,-3.34351827007548,-4.16893341921317,-3.37498153953126,-3.47074844462327,1,0,1,0,107.2,"Q3"
"6758",118,8.14786712990004,100,-3.34351827007548,-4.16893341921317,-3.37498153953126,-3.52230625428812,0,0,0,0,107.2,"Q3"
"6759",118,11.296161521,102,-3.90424086498609,-3.7601069634023,-3.10457105358814,-3.37498153953126,0,0,1,1,107.2,"Q3"
"6760",118,8.05070338149999,103,-3.34351827007548,-3.82957933621707,-3.10457105358814,-3.47074844462327,0,0,1,0,107.2,"Q3"
"6761",118,8.40737832540001,104,-3.34351827007548,-3.82957933621707,-3.47074844462327,-3.47074844462327,0,1,1,0,107.4,"Q3"
"6762",118,10.114720453,105,-3.47074844462327,-3.82957933621707,-3.10457105358814,-3.47074844462327,0,0,1,1,107.4,"Q3"
"6763",118,8.58969988220001,106,-3.47074844462327,-3.7014582363208,-3.24660037288306,-3.63415455442469,1,1,1,0,107.4,"Q3"
"6764",118,8.20193435119999,107,-3.52230625428812,-3.7014582363208,-3.10457105358814,-3.63415455442469,0,0,1,0,107.4,"Q3"
"6765",118,9.70014662849998,108,-3.57666746350701,-3.7014582363208,-3.47074844462327,-3.47074844462327,0,1,0,0,116,"Q4"
"6766",118,9.47700307720005,109,-3.57666746350701,-3.7014582363208,-3.10457105358814,-3.46074836128869,1,0,0,0,116,"Q4"
"6767",118,8.58969988220001,111,-3.34351827007548,-3.7014582363208,-3.20722520764823,-3.47074844462327,0,1,1,0,116,"Q4"
"6768",118,8.28601746839997,113,-3.34351827007548,-3.7014582363208,-3.10457105358814,-3.47074844462327,1,0,0,0,127.3,"Q4"
"6769",118,8.89508153180002,114,-3.34351827007548,-3.7014582363208,-3.10457105358814,-3.48084954060977,0,0,1,0,127.3,"Q4"
"6770",118,9.60992153690002,116,-3.47074844462327,-3.7014582363208,-3.10457105358814,-3.90424086498609,1,0,0,0,127.3,"Q4"
"6771",118,8.85936344920003,117,-3.47074844462327,-3.7014582363208,-3.10457105358814,-3.69514906712753,0,0,0,0,131.5,"Q4"
"6772",118,8.30201780980003,118,-3.34351827007548,-3.7014582363208,-3.10457105358814,-3.52230625428812,1,0,0,0,131.5,"Q4"
"6773",118,8.39298958799997,119,-3.34351827007548,-3.7014582363208,-3.10457105358814,-3.63415455442469,0,0,1,0,131.5,"Q4"
"6774",118,9.82876400630004,120,-3.47074844462327,-3.7014582363208,-3.28758971741625,-3.63415455442469,1,0,1,1,131.5,"Q4"
"6775",118,8.92105701820002,121,-3.47074844462327,-3.7014582363208,-3.28758971741625,-3.57666746350701,0,0,0,0,135.1,"Q1"
"6776",118,8.33327035329998,122,-3.47074844462327,-3.7014582363208,-3.33033126579352,-3.7601069634023,0,1,1,0,135.1,"Q1"
"6777",118,9.3573801146,123,-3.24660037288306,-3.7014582363208,-3.33033126579352,-3.7601069634023,0,0,1,1,135.1,"Q1"
"6778",118,8.26975694750001,125,-3.24660037288306,-3.7014582363208,-2.99886216656292,-3.47074844462327,0,0,0,0,135.1,"Q1"
"6779",118,8.94637482609996,126,-3.1328414875264,-3.7014582363208,-2.99886216656292,-3.7601069634023,0,0,1,0,134.7,"Q1"
"6780",118,9.28284706280001,127,-3.47074844462327,-3.7014582363208,-3.47074844462327,-4.16893341921317,0,1,0,0,134.7,"Q1"
"6781",118,11.428499833,128,-3.47074844462327,-3.7014582363208,-2.99886216656292,-3.28758971741625,0,0,1,1,134.7,"Q1"
"6782",118,10.203888397,131,-3.47074844462327,-3.7014582363208,-3.57666746350701,-3.69514906712753,0,0,1,1,134.7,"Q1"
"6783",118,8.89508153180002,132,-3.47074844462327,-3.7014582363208,-3.57666746350701,-3.69514906712753,0,1,0,0,134.7,"Q1"
"6784",118,8.58969988220001,133,-3.1328414875264,-3.7014582363208,-3.1328414875264,-3.90424086498609,0,0,1,0,134.7,"Q1"
"6785",118,10.300920489,134,-3.47074844462327,-3.7014582363208,-3.24259235148552,-3.90424086498609,0,1,1,1,134.3,"Q2"
"6786",118,8.20193435119999,136,-3.1328414875264,-3.90424086498609,-3.04374149274035,-3.63415455442469,1,0,0,0,134.3,"Q2"
"6787",118,10.307351379,137,-3.42171901738295,-3.90424086498609,-3.04374149274035,-3.47074844462327,0,0,1,1,134.3,"Q2"
"6788",118,8.31776616669999,138,-3.1328414875264,-3.47074844462327,-3.28758971741625,-3.33033126579352,0,1,1,0,134.3,"Q2"
"6789",118,8.78385589659998,139,-3.1328414875264,-3.47074844462327,-3.09762658123533,-3.47074844462327,0,1,1,0,126.2,"Q2"
"6790",118,8.48961642359998,140,-3.1328414875264,-3.42171901738295,-3.09762658123533,-3.47074844462327,0,0,0,0,126.2,"Q2"
"6791",118,10.345091707,141,-3.42171901738295,-3.63415455442469,-3.06360969595708,-3.28758971741625,0,0,1,1,126.2,"Q2"
"6792",118,8.5026885052,142,-3.1328414875264,-3.63415455442469,-3.09762658123533,-3.47074844462327,0,0,1,0,126.2,"Q2"
"6793",118,8.20193435119999,143,-3.09762658123533,-3.63415455442469,-3.24660037288306,-3.28758971741625,0,1,1,0,118.5,"Q2"
"6794",118,8.54090971799997,144,-3.09762658123533,-3.42171901738295,-3.24660037288306,-3.36137588747548,0,0,0,0,118.5,"Q2"
"6795",118,7.92008319910002,145,-3.09762658123533,-3.42171901738295,-3.47074844462327,-3.36137588747548,0,1,1,0,118.5,"Q2"
"6796",118,8.39298958799997,146,-3.09762658123533,-3.47074844462327,-3.06360969595708,-3.47074844462327,0,1,1,0,118.5,"Q2"
"6797",118,10.064244931,147,-3.46152722611721,-3.47074844462327,-3.16934188974592,-3.47074844462327,0,0,1,1,115.5,"Q3"
"6798",118,8.96290412809996,148,-3.37498153953126,-3.90424086498609,-3.16934188974592,-3.52230625428812,0,0,1,1,115.5,"Q3"
"6799",118,8.52833093580003,149,-3.09762658123533,-3.42171901738295,-3.06360969595708,-3.42171901738295,0,0,0,0,115.5,"Q3"
"6800",118,10.7922015170001,150,-3.33033126579352,-3.63415455442469,-3.1328414875264,-3.42171901738295,0,1,1,1,115.5,"Q3"
"6801",118,8.40737832540001,151,-3.09762658123533,-3.7601069634023,-3.06360969595708,-3.42171901738295,1,0,0,0,115.5,"Q3"
"6802",118,10.9951423609999,153,-3.47074844462327,-3.42171901738295,-3.06360969595708,-3.28758971741625,0,0,1,1,114.5,"Q3"
"6803",118,9.80432998099997,155,-3.63415455442469,-3.90424086498609,-3.09762658123533,-3.47074844462327,0,1,1,0,114.5,"Q3"
"6804",118,9.5012173353,156,-3.63415455442469,-3.42171901738295,-3.24660037288306,-3.57666746350701,0,1,1,0,112.5,"Q3"
"6805",118,10.210972252,157,-3.47074844462327,-3.47074844462327,-3.24660037288306,-3.57666746350701,0,0,1,1,112.5,"Q3"
"6806",118,8.74385056200001,158,-3.09762658123533,-3.47074844462327,-3.06360969595708,-3.69514906712753,0,0,1,0,112.5,"Q3"
"6807",118,8.55333223800003,159,-3.16934188974592,-3.7601069634023,-3.1328414875264,-3.69514906712753,0,1,0,0,112.5,"Q3"
"6808",118,10.822015779,160,-3.37498153953126,-3.47074844462327,-3.06360969595708,-3.57666746350701,0,0,1,1,106.5,"Q4"
"6809",119,8.43554920239998,42,-3.19570876558667,-3.33033126579352,-3.01148063052213,-3.52230625428812,0,0,1,0,160,"Q2"
"6810",119,8.60153433980004,43,-3.19570876558667,-3.33033126579352,-3.01148063052213,-3.47074844462327,0,0,1,0,160.4,"Q3"
"6811",119,10.031000873,44,-3.20722520764823,-3.33033126579352,-3.01148063052213,-3.33033126579352,0,0,1,1,160.4,"Q3"
"6812",119,8.26975694750001,45,-3.19570876558667,-3.33033126579352,-3.01148063052213,-3.33033126579352,0,0,0,0,160.4,"Q3"
"6813",119,9.66827142000002,47,-3.28758971741625,-3.42171901738295,-3.09762658123533,-3.33033126579352,1,0,1,1,160.8,"Q3"
"6814",119,8.3635757028,48,-3.19570876558667,-3.42171901738295,-3.01148063052213,-3.33033126579352,0,0,1,0,160.8,"Q3"
"6815",119,8.47637119690002,50,-3.19570876558667,-3.42171901738295,-3.1328414875264,-3.47074844462327,0,1,1,0,160.8,"Q3"
"6816",119,8.63621989780004,52,-3.19570876558667,-3.52230625428812,-3.1328414875264,-3.47074844462327,0,0,1,0,150.9,"Q3"
"6817",119,9.96702557330002,53,-3.37498153953126,-3.52230625428812,-3.01148063052213,-3.47074844462327,0,0,1,1,150.9,"Q3"
"6818",119,8.31776616669999,54,-3.19570876558667,-3.57666746350701,-3.01148063052213,-3.37498153953126,0,0,1,0,150.9,"Q3"
"6819",119,8.63621989780004,55,-3.19570876558667,-3.57666746350701,-3.01148063052213,-3.37498153953126,1,0,0,0,150.9,"Q3"
"6820",119,9.2214781164,56,-3.19570876558667,-3.57666746350701,-3.01148063052213,-3.47074844462327,0,1,1,0,147.2,"Q4"
"6821",119,10.367473109,57,-3.47074844462327,-3.33033126579352,-3.02748097186857,-3.47074844462327,0,0,1,1,147.2,"Q4"
"6822",119,8.97916464900004,58,-3.32051044585582,-4.02785482095327,-3.06360969595708,-3.47074844462327,1,1,0,0,147.2,"Q4"
"6823",119,8.86841328469997,59,-3.19570876558667,-3.69514906712753,-3.06360969595708,-3.47074844462327,0,0,1,0,147.2,"Q4"
"6824",119,10.292281126,60,-3.47074844462327,-3.69514906712753,-3.06360969595708,-3.47074844462327,1,0,1,1,120.9,"Q4"
"6825",119,8.48961642359998,61,-3.19570876558667,-3.90424086498609,-3.06360969595708,-3.47074844462327,0,1,1,0,120.9,"Q4"
"6826",119,10.187161604,62,-3.47074844462327,-4.16893341921317,-3.06360969595708,-3.33033126579352,0,0,1,1,120.9,"Q4"
"6827",119,9.68433602250001,63,-3.47074844462327,-3.69514906712753,-3.06360969595708,-3.33033126579352,1,0,0,0,120.9,"Q4"
"6828",119,9.16282938930003,64,-3.19570876558667,-3.33033126579352,-3.06360969595708,-3.47074844462327,1,0,1,0,120.9,"Q4"
"6829",119,9.16282938930003,68,-3.47074844462327,-3.52230625428812,-3.28758971741625,-3.63415455442469,0,0,1,0,117.8,"Q4"
"6830",119,9.28284706280001,69,-3.47074844462327,-3.52230625428812,-3.52230625428812,-3.47074844462327,0,1,1,0,114.4,"Q1"
"6831",119,8.81284343350004,70,-3.3841559158073,-4.16893341921317,-3.20722520764823,-3.3841559158073,1,0,1,0,114.4,"Q1"
"6832",119,8.73359406190002,71,-3.3841559158073,-3.52230625428812,-3.20722520764823,-3.63415455442469,0,0,1,0,114.4,"Q1"
"6833",119,10.160297961,72,-3.47074844462327,-3.52230625428812,-3.06360969595708,-3.63415455442469,0,0,1,1,114.4,"Q1"
"6834",119,8.62479120200004,73,-3.3841559158073,-3.7601069634023,-3.06360969595708,-3.47074844462327,1,0,0,0,114.4,"Q1"
"6835",119,8.81284343350004,74,-3.40746699467575,-3.7601069634023,-3.24660037288306,-3.47074844462327,0,0,1,0,114.4,"Q1"
"6836",119,8.73359406190002,75,-3.40746699467575,-3.52230625428812,-3.16934188974592,-3.7601069634023,0,0,1,0,114.4,"Q1"
"6837",119,9.04923221160001,76,-3.40746699467575,-3.52230625428812,-3.06360969595708,-3.7601069634023,0,0,1,0,114.4,"Q1"
"6838",119,9.44715011409995,77,-3.47074844462327,-3.52230625428812,-3.06360969595708,-3.3841559158073,1,0,1,1,114.4,"Q1"
"6839",119,8.60153433980004,78,-3.3841559158073,-4.22075848707776,-3.06360969595708,-3.3841559158073,1,0,0,0,111.7,"Q1"
"6840",119,9.26482855730004,79,-3.3841559158073,-3.52230625428812,-3.06360969595708,-3.57666746350701,0,0,1,0,111.7,"Q1"
"6841",119,10.78692446,80,-3.63415455442469,-3.52230625428812,-3.06360969595708,-3.47074844462327,0,0,1,1,111.7,"Q1"
"6842",119,9.3350328159,81,-3.63415455442469,-3.69514906712753,-3.7601069634023,-3.47074844462327,1,1,0,0,111.7,"Q1"
"6843",119,8.84101431049997,82,-3.3841559158073,-3.69514906712753,-3.70780746399946,-3.47074844462327,0,1,1,1,111.7,"Q2"
"6844",119,8.68067166040002,83,-3.42171901738295,-3.69514906712753,-3.47074844462327,-4.16893341921317,0,1,0,0,111.7,"Q2"
"6845",119,8.69148257649997,84,-3.42171901738295,-4.16893341921317,-3.06360969595708,-3.57666746350701,1,0,0,0,111.7,"Q2"
"6846",119,8.46294817659997,85,-3.42171901738295,-3.52230625428812,-3.47074844462327,-3.57666746350701,1,1,0,0,111.7,"Q2"
"6847",119,9.52485909839998,86,-3.42171901738295,-3.52230625428812,-3.47074844462327,-3.7601069634023,0,1,0,0,111,"Q2"
"6848",119,11.007949366,87,-3.82957933621707,-3.37498153953126,-3.20722520764823,-3.7601069634023,0,0,1,1,111,"Q2"
"6849",119,8.5777236912,88,-3.34351827007548,-3.37498153953126,-3.33033126579352,-3.7601069634023,0,1,1,0,111,"Q2"
"6850",119,8.72323127479999,89,-3.34351827007548,-3.69514906712753,-3.01148063052213,-3.7601069634023,1,0,0,0,111,"Q2"
"6851",119,8.88627090209996,90,-3.34351827007548,-3.69514906712753,-3.01148063052213,-4.03666545063542,0,0,1,0,111,"Q2"
"6852",119,8.74385056200001,91,-3.34351827007548,-3.42171901738295,-3.47074844462327,-3.34351827007548,0,0,1,0,111,"Q2"
"6853",119,9.18276360419998,92,-3.63415455442469,-3.81529337896959,-3.47074844462327,-3.63415455442469,1,1,1,1,111,"Q2"
"6854",119,9.13561682580005,93,-3.34351827007548,-3.90424086498609,-3.06360969595708,-3.90424086498609,0,1,0,0,111,"Q2"
"6855",119,10.355327211,94,-3.63415455442469,-3.52230625428812,-3.03071199245002,-3.34351827007548,0,0,1,1,111,"Q2"
"6856",119,8.0300840943,96,-3.34351827007548,-3.69514906712753,-3.47074844462327,-3.34351827007548,1,1,0,0,111,"Q3"
"6857",119,8.12917499690002,98,-3.34351827007548,-3.52230625428812,-3.08643945562551,-3.47074844462327,0,1,1,0,111,"Q3"
"6858",119,7.9875244798,99,-3.34351827007548,-4.16893341921317,-3.37498153953126,-3.47074844462327,1,0,1,0,107.2,"Q3"
"6859",119,8.48961642359998,100,-3.34351827007548,-4.16893341921317,-3.37498153953126,-3.52230625428812,0,0,0,0,107.2,"Q3"
"6860",119,9.50599061410004,101,-3.34351827007548,-3.7601069634023,-3.28758971741625,-3.37498153953126,1,0,0,0,107.2,"Q3"
"6861",119,10.780288735,102,-3.90424086498609,-3.7601069634023,-3.14728217168119,-3.37498153953126,0,0,1,1,107.2,"Q3"
"6862",119,8.25322764560004,103,-3.34351827007548,-3.82957933621707,-3.14728217168119,-3.47074844462327,0,0,1,0,107.2,"Q3"
"6863",119,8.64751945309997,104,-3.34351827007548,-3.82957933621707,-3.47074844462327,-3.47074844462327,0,1,1,0,107.4,"Q3"
"6864",119,9.70014662849998,105,-3.47074844462327,-3.82957933621707,-3.14728217168119,-3.47074844462327,0,0,1,1,107.4,"Q3"
"6865",119,8.70217786560003,106,-3.47074844462327,-3.7014582363208,-3.24660037288306,-3.63415455442469,1,1,1,0,107.4,"Q3"
"6866",119,9.20230820029997,107,-3.52230625428812,-3.7014582363208,-3.14728217168119,-3.63415455442469,0,0,1,0,107.4,"Q3"
"6867",119,9.24647941859996,108,-3.57666746350701,-3.7014582363208,-3.47074844462327,-3.47074844462327,0,1,0,0,116,"Q4"
"6868",119,9.24647941859996,109,-3.57666746350701,-3.7014582363208,-3.14728217168119,-3.46074836128869,1,0,0,0,116,"Q4"
"6869",119,11.426408511,110,-3.63415455442469,-3.7014582363208,-3.14728217168119,-3.37498153953126,0,0,1,1,116,"Q4"
"6870",119,8.46294817659997,111,-3.34351827007548,-3.7014582363208,-3.20722520764823,-3.47074844462327,0,1,1,0,116,"Q4"
"6871",119,9.9907655606,112,-3.7601069634023,-3.7014582363208,-3.14728217168119,-3.47074844462327,0,0,0,0,116,"Q4"
"6872",119,8.26975694750001,113,-3.34351827007548,-3.7014582363208,-3.14728217168119,-3.47074844462327,1,0,0,0,127.3,"Q4"
"6873",119,8.62479120200004,114,-3.34351827007548,-3.7014582363208,-3.14728217168119,-3.48084954060977,0,0,1,0,127.3,"Q4"
"6874",119,9.16282938930003,115,-3.47074844462327,-3.7014582363208,-3.47074844462327,-3.47074844462327,0,1,1,0,127.3,"Q4"
"6875",119,8.86841328469997,116,-3.47074844462327,-3.7014582363208,-3.14728217168119,-3.90424086498609,1,0,0,0,127.3,"Q4"
"6876",119,8.7540029335,117,-3.47074844462327,-3.7014582363208,-3.14728217168119,-3.69514906712753,0,0,0,0,131.5,"Q4"
"6877",119,8.60153433980004,118,-3.34351827007548,-3.7014582363208,-3.14728217168119,-3.52230625428812,1,0,0,0,131.5,"Q4"
"6878",119,8.30201780980003,119,-3.34351827007548,-3.7014582363208,-3.14728217168119,-3.63415455442469,0,0,1,0,131.5,"Q4"
"6879",119,9.42157327230005,120,-3.47074844462327,-3.7014582363208,-3.28758971741625,-3.63415455442469,1,0,1,1,131.5,"Q4"
"6880",119,9.36836923619997,121,-3.47074844462327,-3.7014582363208,-3.28758971741625,-3.57666746350701,0,0,0,0,135.1,"Q1"
"6881",119,8.30201780980003,122,-3.47074844462327,-3.7014582363208,-3.33033126579352,-3.7601069634023,0,1,1,0,135.1,"Q1"
"6882",119,8.26975694750001,125,-3.24660037288306,-3.7014582363208,-3.06360969595708,-3.57666746350701,0,0,0,0,135.1,"Q1"
"6883",119,8.11012680190003,126,-3.18055696056606,-3.7014582363208,-3.06360969595708,-3.7601069634023,0,0,1,0,134.7,"Q1"
"6884",119,8.5026885052,127,-3.47074844462327,-3.7014582363208,-3.47074844462327,-4.16893341921317,0,1,0,0,134.7,"Q1"
"6885",119,10.830916029,128,-3.47074844462327,-3.7014582363208,-3.06360969595708,-3.57666746350701,0,0,1,1,134.7,"Q1"
"6886",119,8.79361207160002,132,-3.47074844462327,-3.7014582363208,-3.57666746350701,-3.69514906712753,0,1,0,0,134.7,"Q1"
"6887",119,8.18423477410002,133,-3.18055696056606,-3.7014582363208,-3.1328414875264,-3.90424086498609,0,0,1,0,134.7,"Q1"
"6888",119,8.9871968207,134,-3.47074844462327,-3.7014582363208,-3.24259235148552,-3.90424086498609,0,1,1,1,134.3,"Q2"
"6889",119,9.06415786180001,135,-3.47074844462327,-3.7014582363208,-3.24259235148552,-3.63415455442469,0,0,0,0,134.3,"Q2"
"6890",119,8.12917499690002,136,-3.18055696056606,-3.90424086498609,-3.07707791300794,-3.63415455442469,1,0,0,0,134.3,"Q2"
"6891",119,9.52952111149995,137,-3.47074844462327,-3.90424086498609,-3.07707791300794,-3.57666746350701,0,0,1,1,134.3,"Q2"
"6892",119,8.0300840943,138,-3.18055696056606,-3.52230625428812,-3.35240721749272,-3.57666746350701,0,1,1,0,134.3,"Q2"
"6893",119,8.39298958799997,139,-3.18055696056606,-3.52230625428812,-3.09762658123533,-3.57666746350701,0,1,1,0,126.2,"Q2"
"6894",119,8.30201780980003,140,-3.18055696056606,-3.47074844462327,-3.09762658123533,-3.57666746350701,0,0,0,0,126.2,"Q2"
"6895",119,9.56156046519999,141,-3.47074844462327,-3.63415455442469,-3.06360969595708,-3.57666746350701,0,0,1,1,126.2,"Q2"
"6896",119,8.16621626860002,143,-3.16934188974592,-3.63415455442469,-3.24660037288306,-3.57666746350701,0,1,1,0,118.5,"Q2"
"6897",119,8.09070871610001,144,-3.16934188974592,-3.47074844462327,-3.24660037288306,-3.57666746350701,0,0,0,0,118.5,"Q2"
"6898",119,7.74240202179999,145,-3.16934188974592,-3.47074844462327,-3.47074844462327,-3.57666746350701,0,1,1,0,118.5,"Q2"
"6899",119,7.87245515010004,146,-3.16934188974592,-3.47074844462327,-3.06360969595708,-3.57666746350701,0,1,1,0,118.5,"Q2"
"6900",119,9.49642116310001,147,-3.44809715225198,-3.47074844462327,-3.16934188974592,-3.57666746350701,0,0,1,1,115.5,"Q3"
"6901",119,8.77400360019999,149,-3.16934188974592,-3.47074844462327,-3.06360969595708,-3.57666746350701,0,0,0,0,115.5,"Q3"
"6902",119,10.013955006,150,-3.33033126579352,-3.63415455442469,-3.1328414875264,-3.57666746350701,0,1,1,1,115.5,"Q3"
"6903",119,8.25322764560004,151,-3.16934188974592,-3.7601069634023,-3.06360969595708,-3.57666746350701,1,0,0,0,115.5,"Q3"
"6904",119,10.194364516,153,-3.47074844462327,-3.47074844462327,-3.06360969595708,-3.57666746350701,0,0,1,1,114.5,"Q3"
"6905",119,9.70014662849998,154,-3.47074844462327,-3.57666746350701,-3.1328414875264,-3.57666746350701,0,1,1,1,114.5,"Q3"
"6906",119,9.32366905730002,155,-3.63415455442469,-3.90424086498609,-3.09762658123533,-3.57666746350701,0,1,1,0,114.5,"Q3"
"6907",119,9.15609535709998,156,-3.63415455442469,-3.47074844462327,-3.24660037288306,-3.50655789731998,0,1,1,0,112.5,"Q3"
"6908",119,9.83563688559998,157,-3.47074844462327,-3.40276110363834,-3.24660037288306,-3.50655789731998,0,0,1,1,112.5,"Q3"
"6909",119,8.58969988220001,158,-3.16934188974592,-3.40276110363834,-3.06360969595708,-3.69514906712753,0,0,1,0,112.5,"Q3"
"6910",119,8.43554920239998,159,-3.24660037288306,-3.7601069634023,-3.1328414875264,-3.69514906712753,0,1,0,0,112.5,"Q3"
"6911",119,10.351245573,160,-3.37498153953126,-3.40276110363834,-2.99573227355399,-3.50655789731998,0,0,1,1,106.5,"Q4"
"6912",121,10.46515837,41,-3.47074844462327,-3.33033126579352,-3.16934188974592,-3.37498153953126,0,0,1,1,160,"Q2"
"6913",121,8.62479120200004,42,-3.19570876558667,-3.33033126579352,-3.01148063052213,-3.52230625428812,0,0,1,0,160,"Q2"
"6914",121,8.89508153180002,43,-3.19570876558667,-3.33033126579352,-3.01148063052213,-3.47074844462327,0,0,1,0,160.4,"Q3"
"6915",121,10.053285918,44,-3.20722520764823,-3.33033126579352,-3.02180199697637,-3.33033126579352,0,0,1,1,160.4,"Q3"
"6916",121,8.94637482609996,45,-3.19570876558667,-3.33033126579352,-3.02117133401727,-3.33033126579352,0,0,0,0,160.4,"Q3"
"6917",121,10.016816238,47,-3.28758971741625,-3.42171901738295,-3.09762658123533,-3.33033126579352,1,0,1,1,160.8,"Q3"
"6918",121,8.81284343350004,48,-3.19570876558667,-3.42171901738295,-3.02172148841991,-3.33033126579352,0,0,1,0,160.8,"Q3"
"6919",121,10.477851197,49,-3.47074844462327,-3.42171901738295,-3.02192038013827,-3.33033126579352,0,0,1,1,160.8,"Q3"
"6920",121,8.69148257649997,50,-3.19570876558667,-3.42171901738295,-3.1328414875264,-3.47074844462327,0,1,1,0,160.8,"Q3"
"6921",121,8.92956770779998,52,-3.19570876558667,-3.52230625428812,-3.1328414875264,-3.47074844462327,0,0,1,0,150.9,"Q3"
"6922",121,10.036618865,53,-3.37498153953126,-3.52230625428812,-3.0227426947386,-3.47074844462327,0,0,1,1,150.9,"Q3"
"6923",121,8.92105701820002,54,-3.19570876558667,-3.57666746350701,-3.02159915327622,-3.37498153953126,0,0,1,0,150.9,"Q3"
"6924",121,8.92956770779998,55,-3.19570876558667,-3.57666746350701,-3.02539319356938,-3.37498153953126,1,0,0,0,150.9,"Q3"
"6925",121,9.81487489420003,56,-3.19570876558667,-3.57666746350701,-3.0209576304274,-3.47074844462327,0,1,1,0,147.2,"Q4"
"6926",121,10.502763517,57,-3.47074844462327,-3.33033126579352,-3.04702556794154,-3.47074844462327,0,0,1,1,147.2,"Q4"
"6927",121,9.22778728560003,58,-3.24998338166116,-4.02785482095327,-3.06360969595708,-3.47074844462327,1,1,0,0,147.2,"Q4"
"6928",121,10.936529677,62,-3.47074844462327,-4.16893341921317,-3.06360969595708,-3.33033126579352,0,0,1,1,120.9,"Q4"
"6929",121,9.8954553808,63,-3.47074844462327,-3.69514906712753,-3.06360969595708,-3.33033126579352,1,0,0,0,120.9,"Q4"
"6930",121,9.60992153690002,64,-3.19570876558667,-3.33033126579352,-3.06360969595708,-3.47074844462327,1,0,1,0,120.9,"Q4"
"6931",121,9.18276360419998,69,-3.47074844462327,-3.52230625428812,-3.52230625428812,-3.47074844462327,0,1,1,0,114.4,"Q1"
"6932",121,9.04923221160001,70,-3.3841559158073,-4.16893341921317,-3.20722520764823,-3.3841559158073,1,0,1,0,114.4,"Q1"
"6933",121,8.99516499030001,71,-3.3841559158073,-3.52230625428812,-3.20722520764823,-3.63415455442469,0,0,1,0,114.4,"Q1"
"6934",121,10.678030371,72,-3.47074844462327,-3.52230625428812,-3.06360969595708,-3.63415455442469,0,0,1,1,114.4,"Q1"
"6935",121,9.31793838260002,73,-3.3841559158073,-3.7601069634023,-3.06360969595708,-3.47074844462327,1,0,0,0,114.4,"Q1"
"6936",121,9.24647941859996,74,-3.40746699467575,-3.7601069634023,-3.24660037288306,-3.47074844462327,0,0,1,0,114.4,"Q1"
"6937",121,8.72323127479999,75,-3.40746699467575,-3.52230625428812,-3.16934188974592,-3.7601069634023,0,0,1,0,114.4,"Q1"
"6938",121,9.22778728560003,76,-3.40746699467575,-3.52230625428812,-3.06360969595708,-3.7601069634023,0,0,1,0,114.4,"Q1"
"6939",121,9.64782080949995,77,-3.47074844462327,-3.52230625428812,-3.06360969595708,-3.3841559158073,1,0,1,1,114.4,"Q1"
"6940",121,8.61323037960001,78,-3.3841559158073,-4.22075848707776,-3.06360969595708,-3.3841559158073,1,0,0,0,111.7,"Q1"
"6941",121,9.85597656990001,79,-3.3841559158073,-3.52230625428812,-3.06360969595708,-3.57666746350701,0,0,1,0,111.7,"Q1"
"6942",121,11.332841403,80,-3.63415455442469,-3.52230625428812,-3.06360969595708,-3.47074844462327,0,0,1,1,111.7,"Q1"
"6943",121,9.98488319069996,81,-3.63415455442469,-3.69514906712753,-3.7601069634023,-3.47074844462327,1,1,0,0,111.7,"Q1"
"6944",121,8.9710674387,83,-3.47074844462327,-3.69514906712753,-3.47074844462327,-4.16893341921317,0,1,0,0,111.7,"Q2"
"6945",121,8.95467362900003,84,-3.47074844462327,-4.16893341921317,-3.06360969595708,-3.57666746350701,1,0,0,0,111.7,"Q2"
"6946",121,8.9710674387,85,-3.47074844462327,-3.52230625428812,-3.47074844462327,-3.57666746350701,1,1,0,0,111.7,"Q2"
"6947",121,10.008207863,86,-3.47074844462327,-3.52230625428812,-3.47074844462327,-3.7601069634023,0,1,0,0,111,"Q2"
"6948",121,9.24647941859996,88,-3.47074844462327,-3.52230625428812,-3.33033126579352,-3.7601069634023,0,1,1,0,111,"Q2"
"6949",121,9.24028744829999,89,-3.47074844462327,-3.69514906712753,-3.06360969595708,-3.7601069634023,1,0,0,0,111,"Q2"
"6950",121,9.12172771360001,90,-3.47074844462327,-3.69514906712753,-3.06360969595708,-4.03666545063542,0,0,1,0,111,"Q2"
"6951",121,9.00307016980004,91,-3.34351827007548,-3.63415455442469,-3.47074844462327,-3.34351827007548,0,0,1,0,111,"Q2"
"6952",121,10.537309267,92,-3.63415455442469,-3.92777136239629,-3.47074844462327,-3.63415455442469,1,1,1,1,111,"Q2"
"6953",121,9.77565418099996,93,-3.55223406401619,-4.09122443488586,-3.06360969595708,-3.90424086498609,0,1,0,0,111,"Q2"
"6954",121,10.887511696,94,-3.63415455442469,-3.63415455442469,-3.27140273511016,-3.34351827007548,0,0,1,1,111,"Q2"
"6955",121,9.38462975710001,95,-3.57773682076405,-3.670303068541,-3.47074844462327,-3.34351827007548,0,0,1,0,111,"Q3"
"6956",121,8.55333223800003,96,-3.34351827007548,-3.69514906712753,-3.47074844462327,-3.34351827007548,1,1,0,0,111,"Q3"
"6957",121,8.46294817659997,97,-3.34351827007548,-3.6826489043633,-3.41688615335791,-3.42081850201172,0,0,1,0,111,"Q3"
"6958",121,8.30201780980003,98,-3.34351827007548,-4.00187933455001,-3.16873764824737,-3.47074844462327,0,1,1,0,111,"Q3"
"6959",121,8.5777236912,99,-3.34351827007548,-4.16893341921317,-3.37498153953126,-3.47074844462327,1,0,1,0,107.2,"Q3"
"6960",121,8.60153433980004,100,-3.34351827007548,-4.09122443488586,-3.30741358163752,-3.52230625428812,0,0,0,0,107.2,"Q3"
"6961",121,9.76835487850003,101,-3.77284786562273,-3.7601069634023,-3.25067330372737,-3.37498153953126,1,0,0,0,107.2,"Q3"
"6962",121,11.422913226,102,-3.90424086498609,-3.80120863908786,-3.14728217168119,-3.40276110363834,0,0,1,1,107.2,"Q3"
"6963",121,8.7540029335,103,-3.34351827007548,-3.82957933621707,-3.14728217168119,-3.47074844462327,0,0,1,0,107.2,"Q3"
"6964",121,8.85936344920003,104,-3.41694573863029,-3.82957933621707,-3.47074844462327,-3.47074844462327,0,1,1,0,107.4,"Q3"
"6965",121,10.234229114,105,-3.47074844462327,-3.77362068256903,-3.14728217168119,-3.52722721007953,0,0,1,1,107.4,"Q3"
"6966",121,9.70406052779999,107,-3.54400826619119,-3.69514906712753,-3.14728217168119,-3.59095413313768,0,0,1,0,107.4,"Q3"
"6967",121,10.179906433,108,-3.57666746350701,-3.72062815242852,-3.47074844462327,-3.46074836128869,0,1,0,0,116,"Q4"
"6968",121,9.24028744829999,109,-3.4974298780697,-3.7601069634023,-3.14728217168119,-3.44104329020936,1,0,0,0,116,"Q4"
"6969",121,9.03408040660004,111,-3.41904605780484,-3.52230625428812,-3.20722520764823,-3.47074844462327,0,1,1,0,116,"Q4"
"6970",121,10.167696269,112,-3.76102547154474,-3.58226971905568,-3.14728217168119,-3.47074844462327,0,0,0,0,116,"Q4"
"6971",121,8.72323127479999,113,-3.35726133970451,-3.63415455442469,-3.14728217168119,-3.48084954060977,1,0,0,0,127.3,"Q4"
"6972",121,8.9710674387,114,-3.41722445784984,-3.61076167484998,-3.14728217168119,-3.48084954060977,0,0,1,0,127.3,"Q4"
"6973",121,9.16282938930003,115,-3.47074844462327,-3.52230625428812,-3.47074844462327,-3.88885594614661,0,1,1,0,127.3,"Q4"
"6974",121,8.99516499030001,116,-3.47074844462327,-3.74677343253284,-3.15076135739845,-3.85877849090933,1,0,0,0,127.3,"Q4"
"6975",121,9.06415786180001,117,-3.4374178575517,-3.69514906712753,-3.14728217168119,-3.6826489043633,0,0,0,0,131.5,"Q4"
"6976",121,8.5777236912,118,-3.34351827007548,-3.69514906712753,-3.14728217168119,-3.54911751173878,1,0,0,0,131.5,"Q4"
"6977",121,8.81284343350004,119,-3.38844776849773,-3.6826489043633,-3.1604857660644,-3.63415455442469,0,0,1,0,131.5,"Q4"
"6978",121,9.86931010069997,120,-3.47074844462327,-3.63415455442469,-3.28758971741625,-3.59549250799301,1,0,1,1,131.5,"Q4"
"6979",121,9.70014662849998,121,-3.47074844462327,-3.63415455442469,-3.30600461147734,-3.65810779544718,0,0,0,0,135.1,"Q1"
"6980",121,8.76405326930003,122,-3.39980965200452,-3.61655879253431,-3.33033126579352,-3.7601069634023,0,1,1,0,135.1,"Q1"
"6981",121,9.76835487850003,123,-3.24660037288306,-3.58790353677393,-3.26203934246939,-3.7286575853158,0,0,1,1,135.1,"Q1"
"6982",121,9.54795481319998,124,-3.24660037288306,-3.74017274850149,-3.06360969595708,-3.57666746350701,0,0,1,1,135.1,"Q1"
"6983",121,9.28284706280001,125,-3.23141210164932,-3.90424086498609,-3.06360969595708,-3.57666746350701,0,0,0,0,135.1,"Q1"
"6984",121,8.96290412809996,126,-3.30864808231051,-3.85877849090933,-3.06360969595708,-3.7601069634023,0,0,1,0,134.7,"Q1"
"6985",121,9.02641753380003,127,-3.47074844462327,-3.56004658227097,-3.47074844462327,-4.16893341921317,0,1,0,0,134.7,"Q1"
"6986",121,11.564378747,128,-3.47074844462327,-3.63415455442469,-3.06682239415981,-3.57666746350701,0,0,1,1,134.7,"Q1"
"6987",121,8.92105701820002,130,-3.31770912533014,-3.82957933621707,-3.57666746350701,-3.670303068541,1,0,0,0,134.7,"Q1"
"6988",121,9.89867599549999,131,-3.47074844462327,-3.80120863908786,-3.57666746350701,-3.69514906712753,0,0,1,1,134.7,"Q1"
"6989",121,9.38999170020003,132,-3.39740238079588,-3.69514906712753,-3.51318834356023,-3.72710066693413,0,1,0,0,134.7,"Q1"
"6990",121,8.97916464900004,133,-3.29348675348332,-3.67645693411538,-3.13570255713067,-3.90424086498609,0,0,1,0,134.7,"Q1"
"6991",121,10.224991173,134,-3.47074844462327,-3.52230625428812,-3.24259235148552,-3.8082262117465,0,1,1,1,134.3,"Q2"
"6992",121,9.3573801146,135,-3.39835289305844,-3.71419726209823,-3.19988752414396,-3.63415455442469,0,0,0,0,134.3,"Q2"
"6993",121,8.93800657649997,136,-3.18055696056606,-3.90424086498609,-3.07707791300794,-3.6223897128451,1,0,0,0,134.3,"Q2"
"6994",121,10.466981525,137,-3.47074844462327,-3.85139838361171,-3.20578436569639,-3.57666746350701,0,0,1,1,134.3,"Q2"
"6995",121,8.51559191000002,138,-3.18055696056606,-3.52230625428812,-3.35240721749272,-3.57666746350701,0,1,1,0,134.3,"Q2"
"6996",121,8.63621989780004,139,-3.18055696056606,-3.51177984130113,-3.09762658123533,-3.57666746350701,0,1,1,0,126.2,"Q2"
"6997",121,8.7540029335,140,-3.18055696056606,-3.47074844462327,-3.09417234636724,-3.57666746350701,0,0,0,0,126.2,"Q2"
"6998",121,9.93653540660005,141,-3.47074844462327,-3.63415455442469,-3.06360969595708,-3.57666746350701,0,0,1,1,126.2,"Q2"
"6999",121,8.72323127479999,142,-3.17754391637617,-3.63415455442469,-3.09762658123533,-3.57666746350701,0,0,1,0,126.2,"Q2"
"7000",121,8.31776616669999,143,-3.16934188974592,-3.6223897128451,-3.24660037288306,-3.57666746350701,0,1,1,0,118.5,"Q2"
"7001",121,9.01091334729999,144,-3.16934188974592,-3.47074844462327,-3.32729029911397,-3.57666746350701,0,0,0,0,118.5,"Q2"
"7002",121,8.8032739825,145,-3.16934188974592,-3.47074844462327,-3.47074844462327,-3.57666746350701,0,1,1,0,118.5,"Q2"
"7003",121,8.87738195470003,146,-3.27735063683892,-3.47074844462327,-3.10497234273498,-3.57666746350701,0,1,1,0,118.5,"Q2"
"7004",121,9.62271488840001,147,-3.46997124320496,-3.54911751173878,-3.16934188974592,-3.57666746350701,0,0,1,1,115.5,"Q3"
"7005",121,8.74385056200001,149,-3.16934188974592,-3.51702919718728,-3.1011236007976,-3.57666746350701,0,0,0,0,115.5,"Q3"
"7006",121,10.474241085,150,-3.33033126579352,-3.63415455442469,-3.1328414875264,-3.57666746350701,0,1,1,1,115.5,"Q3"
"7007",121,9.38999170020003,151,-3.1745406145241,-3.7601069634023,-3.0823507611893,-3.59926729542425,1,0,0,0,115.5,"Q3"
"7008",121,11.046435655,153,-3.47074844462327,-3.49619511028444,-3.06360969595708,-3.57666746350701,0,0,1,1,114.5,"Q3"
"7009",121,10.901763719,154,-3.50214697309869,-3.85877849090933,-3.1328414875264,-3.57666746350701,0,1,1,1,114.5,"Q3"
"7010",121,9.60130079389996,155,-3.63415455442469,-3.90424086498609,-3.15163200775212,-3.57666746350701,0,1,1,0,114.5,"Q3"
"7011",121,9.5012173353,156,-3.58886573875086,-3.47074844462327,-3.24660037288306,-3.57666746350701,0,1,1,0,112.5,"Q3"
"7012",121,10.3573618,157,-3.47074844462327,-3.47074844462327,-3.20337163833224,-3.57666746350701,0,0,1,1,112.5,"Q3"
"7013",121,8.61323037960001,158,-3.20412986294265,-3.65206548099122,-3.06360969595708,-3.69514906712753,0,0,1,0,112.5,"Q3"
"7014",121,8.78385589659998,159,-3.25541687592503,-3.7601069634023,-3.1328414875264,-3.66418684152356,0,1,0,0,112.5,"Q3"
"7015",121,10.843494811,160,-3.37498153953126,-3.55456711650634,-3.09554455803988,-3.57666746350701,0,0,1,1,106.5,"Q4"
"7016",122,8.70217786560003,42,-3.19570876558667,-3.33033126579352,-3.01148063052213,-3.52230625428812,0,0,1,0,160,"Q2"
"7017",122,9.01869548770001,43,-3.19570876558667,-3.33033126579352,-3.01148063052213,-3.47074844462327,0,0,1,0,160.4,"Q3"
"7018",122,10.191969305,44,-3.20722520764823,-3.33033126579352,-3.03071199245002,-3.37498153953126,0,0,1,1,160.4,"Q3"
"7019",122,9.01091334729999,45,-3.19570876558667,-3.33033126579352,-3.03071199245002,-3.37498153953126,0,0,0,0,160.4,"Q3"
"7020",122,10.112126418,47,-3.28758971741625,-3.42171901738295,-3.09762658123533,-3.37498153953126,1,0,1,1,160.8,"Q3"
"7021",122,8.63621989780004,48,-3.19570876558667,-3.42171901738295,-3.03071199245002,-3.37498153953126,0,0,1,0,160.8,"Q3"
"7022",122,8.73359406190002,50,-3.19570876558667,-3.42171901738295,-3.1328414875264,-3.47074844462327,0,1,1,0,160.8,"Q3"
"7023",122,8.82232217749998,52,-3.19570876558667,-3.52230625428812,-3.1328414875264,-3.47074844462327,0,0,1,0,150.9,"Q3"
"7024",122,10.408858326,53,-3.37498153953126,-3.52230625428812,-3.03071199245002,-3.47074844462327,0,0,1,1,150.9,"Q3"
"7025",122,8.78385589659998,54,-3.19570876558667,-3.57666746350701,-3.03071199245002,-3.37498153953126,0,0,1,0,150.9,"Q3"
"7026",122,9.14931567009999,55,-3.19570876558667,-3.57666746350701,-3.03071199245002,-3.37498153953126,1,0,0,0,150.9,"Q3"
"7027",122,9.58822871229999,56,-3.19570876558667,-3.57666746350701,-3.03071199245002,-3.47074844462327,0,1,1,0,147.2,"Q4"
"7028",122,10.683912741,57,-3.47074844462327,-3.33033126579352,-3.04702556794154,-3.47074844462327,0,0,1,1,147.2,"Q4"
"7029",122,8.76405326930003,58,-3.22657148565129,-4.02785482095327,-3.06360969595708,-3.47074844462327,1,1,0,0,147.2,"Q4"
"7030",122,9.20873909060002,59,-3.19570876558667,-3.69514906712753,-3.06360969595708,-3.47074844462327,0,0,1,0,147.2,"Q4"
"7031",122,10.629682587,60,-3.47074844462327,-3.69514906712753,-3.06360969595708,-3.47074844462327,1,0,1,1,120.9,"Q4"
"7032",122,8.89508153180002,61,-3.19570876558667,-3.90424086498609,-3.06360969595708,-3.47074844462327,0,1,1,0,120.9,"Q4"
"7033",122,10.408858326,62,-3.47074844462327,-4.16893341921317,-3.06360969595708,-3.43133447608239,0,0,1,1,120.9,"Q4"
"7034",122,9.57052913519997,63,-3.47074844462327,-3.69514906712753,-3.06360969595708,-3.47578623865323,1,0,0,0,120.9,"Q4"
"7035",122,9.47208906240003,64,-3.19570876558667,-3.33033126579352,-3.06360969595708,-3.47578623865323,1,0,1,0,120.9,"Q4"
"7036",122,9.41115651140004,66,-3.47074844462327,-3.82957933621707,-3.16934188974592,-3.52230625428812,1,0,0,0,117.8,"Q4"
"7037",122,9.45720044990004,67,-3.47074844462327,-3.57666746350701,-3.28758971741625,-3.52230625428812,0,0,1,0,117.8,"Q4"
"7038",122,9.3350328159,69,-3.47074844462327,-3.57666746350701,-3.52230625428812,-3.52230625428812,0,1,1,0,114.4,"Q1"
"7039",122,9.04168500589999,70,-3.47578623865323,-4.16893341921317,-3.20722520764823,-3.52230625428812,1,0,1,0,114.4,"Q1"
"7040",122,9.24647941859996,71,-3.47578623865323,-3.57666746350701,-3.20722520764823,-3.63415455442469,0,0,1,0,114.4,"Q1"
"7041",122,9.38462975710001,73,-3.47578623865323,-3.7601069634023,-3.1545814741628,-3.52230625428812,1,0,0,0,114.4,"Q1"
"7042",122,9.66421461929997,74,-3.52230625428812,-3.7601069634023,-3.24660037288306,-3.52230625428812,0,0,1,0,114.4,"Q1"
"7043",122,9.25874951120003,75,-3.52230625428812,-3.57666746350701,-3.16934188974592,-3.7601069634023,0,0,1,0,114.4,"Q1"
"7044",122,9.5012173353,76,-3.52230625428812,-3.57666746350701,-3.1545814741628,-3.7601069634023,0,0,1,0,114.4,"Q1"
"7045",122,9.17616292019996,78,-3.47578623865323,-4.27541689961562,-3.1545814741628,-3.52230625428812,1,0,0,0,111.7,"Q1"
"7046",122,9.6601412939,79,-3.47578623865323,-3.57666746350701,-3.1545814741628,-3.57666746350701,0,0,1,0,111.7,"Q1"
"7047",122,11.341235195,80,-3.63415455442469,-3.57666746350701,-3.1545814741628,-3.56004658227097,0,0,1,1,111.7,"Q1"
"7048",122,9.98782870100001,81,-3.63415455442469,-3.69514906712753,-3.85139838361171,-3.56004658227097,1,1,0,0,111.7,"Q1"
"7049",122,9.37923890839995,83,-3.54369744426944,-3.69514906712753,-3.47074844462327,-4.25319376283091,0,1,0,0,111.7,"Q2"
"7050",122,9.31793838260002,84,-3.54369744426944,-4.16893341921317,-3.1545814741628,-3.57666746350701,1,0,0,0,111.7,"Q2"
"7051",122,9.114710141,85,-3.54369744426944,-3.57666746350701,-3.47074844462327,-3.57666746350701,1,1,0,0,111.7,"Q2"
"7052",122,10.058780437,86,-3.54369744426944,-3.57666746350701,-3.47074844462327,-3.7601069634023,0,1,0,0,111,"Q2"
"7053",122,11.4721034699999,87,-3.82957933621707,-3.57666746350701,-3.20722520764823,-3.7601069634023,0,0,1,1,111,"Q2"
"7054",122,9.24028744829999,88,-3.54369744426944,-3.57666746350701,-3.33033126579352,-3.7601069634023,0,1,1,0,111,"Q2"
"7055",122,9.21512888869999,89,-3.54369744426944,-3.69514906712753,-3.1545814741628,-3.7601069634023,1,0,0,0,111,"Q2"
"7056",122,9.25874951120003,90,-3.54369744426944,-3.69514906712753,-3.1545814741628,-4.25319376283091,0,0,1,0,111,"Q2"
"7057",122,9.07153796909997,91,-3.54369744426944,-3.69514906712753,-3.47074844462327,-3.56004658227097,0,0,1,0,111,"Q2"
"7058",122,10.5080220749999,92,-3.83679958419056,-3.98492977623623,-3.47074844462327,-3.85139838361171,1,1,1,1,111,"Q2"
"7059",122,9.46218799139997,93,-3.58828171810599,-4.15888308335967,-3.1545814741628,-4.13908045606349,0,1,0,0,111,"Q2"
"7060",122,10.882715524,94,-3.63415455442469,-3.69514906712753,-3.3183998725562,-3.56004658227097,0,0,1,1,111,"Q2"
"7061",122,9.70795916829995,95,-3.61826063053714,-3.69514906712753,-3.47074844462327,-3.56004658227097,0,0,1,0,111,"Q3"
"7062",122,8.91247327449998,96,-3.54369744426944,-3.69514906712753,-3.47074844462327,-3.56004658227097,1,1,0,0,111,"Q3"
"7063",122,9.16282938930003,97,-3.54369744426944,-3.69514906712753,-3.41434610954834,-3.56004658227097,0,0,1,0,111,"Q3"
"7064",122,9.28284706280001,98,-3.54369744426944,-3.91986618288917,-3.23443316516055,-3.56004658227097,0,1,1,0,111,"Q3"
"7065",122,9.07886400919999,99,-3.54369744426944,-4.16893341921317,-3.37498153953126,-3.56004658227097,1,0,1,0,107.2,"Q3"
"7066",122,8.9710674387,100,-3.54369744426944,-3.93573953204546,-3.32868402795118,-3.56004658227097,0,0,0,0,107.2,"Q3"
"7067",122,9.7792839491,101,-3.75340072953355,-3.7601069634023,-3.28132885814808,-3.56004658227097,1,0,0,0,107.2,"Q3"
"7068",122,11.474101473,102,-3.90424086498609,-3.78044664763943,-3.22671900232923,-3.56004658227097,0,0,1,1,107.2,"Q3"
"7069",122,9.42157327230005,103,-3.54369744426944,-3.82957933621707,-3.22671900232923,-3.56004658227097,0,0,1,0,107.2,"Q3"
"7070",122,9.52485909839998,104,-3.54369744426944,-3.82957933621707,-3.47074844462327,-3.56004658227097,0,1,1,0,107.4,"Q3"
"7071",122,9.02641753380003,106,-3.54369744426944,-3.69514906712753,-3.22671900232923,-3.63415455442469,1,1,1,0,107.4,"Q3"
"7072",122,9.25874951120003,107,-3.55742925968074,-3.69514906712753,-3.22671900232923,-3.61069892352409,0,0,1,0,107.4,"Q3"
"7073",122,9.3406666337,108,-3.57666746350701,-3.72062815242852,-3.47074844462327,-3.56004658227097,0,1,0,0,116,"Q4"
"7074",122,9.38462975710001,109,-3.5662955451142,-3.7601069634023,-3.22671900232923,-3.56004658227097,1,0,0,0,116,"Q4"
"7075",122,11.472769915,110,-3.63415455442469,-3.74677343253284,-3.22671900232923,-3.58790353677393,0,0,1,1,116,"Q4"
"7076",122,9.53416149100001,111,-3.54369744426944,-3.69514906712753,-3.22671900232923,-3.67645693411538,0,1,1,0,116,"Q4"
"7077",122,10.250192965,112,-3.7601069634023,-3.69514906712753,-3.22671900232923,-3.6282548322975,0,0,0,0,116,"Q4"
"7078",122,9.31217467790004,113,-3.54369744426944,-3.69514906712753,-3.22671900232923,-3.56004658227097,1,0,0,0,127.3,"Q4"
"7079",122,9.3350328159,114,-3.54369744426944,-3.69514906712753,-3.22671900232923,-3.56004658227097,0,0,1,0,127.3,"Q4"
"7080",122,9.38462975710001,115,-3.54369744426944,-3.69514906712753,-3.47074844462327,-3.88885594614661,0,1,1,0,127.3,"Q4"
"7081",122,9.23405689859997,116,-3.54369744426944,-3.75341797525151,-3.31146468806566,-3.86621346939685,1,0,0,0,127.3,"Q4"
"7082",122,9.25263328419997,117,-3.54369744426944,-3.69514906712753,-3.22671900232923,-3.67645693411538,0,0,0,0,131.5,"Q4"
"7083",122,9.29468152039999,118,-3.54369744426944,-3.69514906712753,-3.22671900232923,-3.59093427261419,1,0,0,0,131.5,"Q4"
"7084",122,9.3462688892,119,-3.54369744426944,-3.69514906712753,-3.22671900232923,-3.63415455442469,0,0,1,0,131.5,"Q4"
"7085",122,10.311615778,120,-3.54369744426944,-3.69514906712753,-3.28758971741625,-3.58623494185643,1,0,1,1,131.5,"Q4"
"7086",122,9.78650419709995,121,-3.54369744426944,-3.69514906712753,-3.30213682966718,-3.67645693411538,0,0,0,0,135.1,"Q1"
"7087",122,9.06415786180001,122,-3.46215232190271,-3.69514906712753,-3.33033126579352,-3.7601069634023,0,1,1,0,135.1,"Q1"
"7088",122,8.82232217749998,125,-3.27085316368712,-3.90424086498609,-3.20722520764823,-3.63102125296003,0,0,0,0,135.1,"Q1"
"7089",122,8.83171191779997,126,-3.39705715723182,-3.85877849090933,-3.20722520764823,-3.7601069634023,0,0,1,0,134.7,"Q1"
"7090",122,9.18932100480001,127,-3.47074844462327,-3.69514906712753,-3.47074844462327,-4.16893341921317,0,1,0,0,134.7,"Q1"
"7091",122,11.482053801,128,-3.47074844462327,-3.69514906712753,-3.20722520764823,-3.57666746350701,0,0,1,1,134.7,"Q1"
"7092",122,9.12172771360001,129,-3.43822570625651,-3.74677343253284,-3.47074844462327,-3.60499797013323,0,1,1,0,134.7,"Q1"
"7093",122,8.86841328469997,130,-3.39560941745583,-3.82957933621707,-3.57666746350701,-3.65810779544718,1,0,0,0,134.7,"Q1"
"7094",122,10.064244931,131,-3.47074844462327,-3.80120863908786,-3.57666746350701,-3.69514906712753,0,0,1,1,134.7,"Q1"
"7095",122,9.16282938930003,132,-3.44539184092923,-3.69514906712753,-3.46615442236682,-3.7601069634023,0,1,0,0,134.7,"Q1"
"7096",122,9.23405689859997,133,-3.40359623160337,-3.69514906712753,-3.22691274204043,-3.86621346939685,0,0,1,0,134.7,"Q1"
"7097",122,9.83563688559998,134,-3.47074844462327,-3.69514906712753,-3.24259235148552,-3.84407234351964,0,1,1,1,134.3,"Q2"
"7098",122,9.36836923619997,135,-3.44330109410701,-3.8082262117465,-3.24055849413629,-3.63415455442469,0,0,0,0,134.3,"Q2"
"7099",122,9.20873909060002,136,-3.34795286714334,-3.90424086498609,-3.28758971741625,-3.6223897128451,1,0,0,0,134.3,"Q2"
"7100",122,10.599829624,137,-3.6400892899445,-3.85877849090933,-3.35457000319995,-3.57666746350701,0,0,1,1,134.3,"Q2"
"7101",122,8.74385056200001,138,-3.34795286714334,-3.69514906712753,-3.49619511028444,-3.57666746350701,0,1,1,0,134.3,"Q2"
"7102",122,8.93800657649997,139,-3.34795286714334,-3.6826489043633,-3.28758971741625,-3.57666746350701,0,1,1,0,126.2,"Q2"
"7103",122,9.01091334729999,140,-3.34795286714334,-3.63415455442469,-3.28758971741625,-3.57666746350701,0,0,0,0,126.2,"Q2"
"7104",122,10.6343158,141,-3.6400892899445,-3.63415455442469,-3.28758971741625,-3.57666746350701,0,0,1,1,126.2,"Q2"
"7105",122,8.9710674387,142,-3.34351827007548,-3.63415455442469,-3.28758971741625,-3.57666746350701,0,0,1,0,126.2,"Q2"
"7106",122,9.10052550600004,143,-3.33033126579352,-3.63415455442469,-3.28758971741625,-3.57666746350701,0,1,1,0,118.5,"Q2"
"7107",122,9.00307016980004,144,-3.33033126579352,-3.63415455442469,-3.32246768330051,-3.57666746350701,0,0,0,0,118.5,"Q2"
"7108",122,8.83171191779997,145,-3.33033126579352,-3.63415455442469,-3.47074844462327,-3.57666746350701,0,1,1,0,118.5,"Q2"
"7109",122,8.92956770779998,146,-3.35590233831774,-3.63415455442469,-3.28758971741625,-3.57666746350701,0,1,1,0,118.5,"Q2"
"7110",122,10.053285918,147,-3.46864721816871,-3.65810779544718,-3.28758971741625,-3.57666746350701,0,0,1,1,115.5,"Q3"
"7111",122,9.20230820029997,149,-3.33033126579352,-3.63415455442469,-3.28758971741625,-3.57666746350701,0,0,0,0,115.5,"Q3"
"7112",122,10.606188946,150,-3.33033126579352,-3.63415455442469,-3.28758971741625,-3.57666746350701,0,1,1,1,115.5,"Q3"
"7113",122,8.97916464900004,151,-3.33675643809762,-3.7601069634023,-3.28758971741625,-3.58226971905568,1,0,0,0,115.5,"Q3"
"7114",122,10.855917331,153,-3.47074844462327,-3.67645693411538,-3.28758971741625,-3.57666746350701,0,0,1,1,114.5,"Q3"
"7115",122,10.448598654,154,-3.4916812750459,-3.88885594614661,-3.27992809405024,-3.57666746350701,0,1,1,1,114.5,"Q3"
"7116",122,9.47208906240003,156,-3.58106346440153,-3.6400892899445,-3.2587217334154,-3.6400892899445,0,1,1,0,112.5,"Q3"
"7117",122,8.94637482609996,158,-3.33033126579352,-3.7014582363208,-3.2587217334154,-3.69514906712753,0,0,1,0,112.5,"Q3"
"7118",122,9.10052550600004,159,-3.37074835248925,-3.7601069634023,-3.2587217334154,-3.670303068541,0,1,0,0,112.5,"Q3"
"7119",123,8.40737832540001,42,-3.00515149547048,-3.16934188974592,-2.99886216656292,-3.52230625428812,0,0,1,0,160,"Q2"
"7120",123,8.55333223800003,43,-3.00515149547048,-3.16934188974592,-2.99886216656292,-3.47074844462327,0,0,1,0,160.4,"Q3"
"7121",123,10.736744441,44,-3.20722520764823,-3.16934188974592,-2.99886216656292,-3.18432344336154,0,0,1,1,160.4,"Q3"
"7122",123,8.26975694750001,45,-3.00515149547048,-3.16934188974592,-2.99886216656292,-3.57666746350701,0,0,0,0,160.4,"Q3"
"7123",123,9.10764297370002,46,-3.00515149547048,-3.16934188974592,-3.09762658123533,-3.57666746350701,0,1,1,0,160.4,"Q3"
"7124",123,8.34853782539999,48,-3.00515149547048,-3.42171901738295,-2.99886216656292,-3.28758971741625,0,0,1,0,160.8,"Q3"
"7125",123,8.16621626860002,50,-3.00515149547048,-3.42171901738295,-3.1328414875264,-3.47074844462327,0,1,1,0,160.8,"Q3"
"7126",123,8.55333223800003,51,-3.00515149547048,-3.52230625428812,-3.1328414875264,-3.33033126579352,1,0,1,0,160.8,"Q3"
"7127",123,8.48961642359998,52,-3.00515149547048,-3.52230625428812,-3.1328414875264,-3.47074844462327,0,0,1,0,150.9,"Q3"
"7128",123,10.645043872,53,-3.37498153953126,-3.52230625428812,-2.99886216656292,-3.47074844462327,0,0,1,1,150.9,"Q3"
"7129",123,8.11012680190003,54,-3.00515149547048,-3.57666746350701,-2.99886216656292,-3.47074844462327,0,0,1,0,150.9,"Q3"
"7130",123,8.3635757028,55,-3.00515149547048,-3.57666746350701,-2.99886216656292,-3.47074844462327,1,0,0,0,150.9,"Q3"
"7131",123,9.25874951120003,56,-3.00515149547048,-3.57666746350701,-3.06360969595708,-3.47074844462327,0,1,1,0,147.2,"Q4"
"7132",123,11.2464567889999,57,-3.47074844462327,-3.16934188974592,-3.06360969595708,-3.47074844462327,0,0,1,1,147.2,"Q4"
"7133",123,8.58969988220001,58,-3.06459901942368,-3.94377170374273,-3.06360969595708,-3.47074844462327,1,1,0,0,147.2,"Q4"
"7134",123,8.34853782539999,59,-3.00515149547048,-3.69514906712753,-3.06360969595708,-3.47074844462327,0,0,1,0,147.2,"Q4"
"7135",123,10.835966545,60,-3.47074844462327,-3.69514906712753,-3.06360969595708,-3.47074844462327,1,0,1,1,120.9,"Q4"
"7136",123,9.16951837750003,63,-3.47074844462327,-3.69514906712753,-3.06360969595708,-3.33033126579352,1,0,0,0,120.9,"Q4"
"7137",123,9.37923890839995,64,-3.00515149547048,-3.24660037288306,-3.06360969595708,-3.47074844462327,1,0,1,0,120.9,"Q4"
"7138",123,9.09335701649998,68,-3.47074844462327,-3.16934188974592,-3.28758971741625,-3.63415455442469,0,0,1,0,117.8,"Q4"
"7139",123,9.13561682580005,69,-3.47074844462327,-3.16934188974592,-3.52230625428812,-3.47074844462327,0,1,1,0,114.4,"Q1"
"7140",123,8.64751945309997,70,-3.20722520764823,-4.16893341921317,-3.20722520764823,-3.24660037288306,1,0,1,0,114.4,"Q1"
"7141",123,8.81284343350004,71,-3.20722520764823,-3.16934188974592,-3.20722520764823,-3.63415455442469,0,0,1,0,114.4,"Q1"
"7142",123,11.087420902,72,-3.47074844462327,-3.16934188974592,-2.99886216656292,-3.63415455442469,0,0,1,1,114.4,"Q1"
"7143",123,8.8032739825,73,-3.20722520764823,-3.7601069634023,-2.99886216656292,-3.47074844462327,1,0,0,0,114.4,"Q1"
"7144",123,8.76405326930003,74,-3.24660037288306,-3.7601069634023,-3.24660037288306,-3.47074844462327,0,0,1,0,114.4,"Q1"
"7145",123,8.62479120200004,75,-3.24660037288306,-3.16934188974592,-3.16934188974592,-3.7601069634023,0,0,1,0,114.4,"Q1"
"7146",123,9.21512888869999,76,-3.24660037288306,-3.16934188974592,-2.99886216656292,-3.7601069634023,0,0,1,0,114.4,"Q1"
"7147",123,11.019546755,77,-3.47074844462327,-3.47074844462327,-2.99886216656292,-3.37498153953126,1,0,1,1,114.4,"Q1"
"7148",123,8.70217786560003,78,-3.20722520764823,-4.07270538711862,-2.99886216656292,-3.37498153953126,1,0,0,0,111.7,"Q1"
"7149",123,9.97002407629995,79,-3.20722520764823,-3.16934188974592,-2.99886216656292,-3.57666746350701,0,0,1,0,111.7,"Q1"
"7150",123,9.97599424330003,81,-3.63415455442469,-3.69514906712753,-3.63415455442469,-3.37498153953126,1,1,0,0,111.7,"Q1"
"7151",123,9.28284706280001,83,-3.42171901738295,-3.69514906712753,-3.47074844462327,-4.03666545063542,0,1,0,0,111.7,"Q2"
"7152",123,9.07153796909997,84,-3.42171901738295,-4.16893341921317,-2.99886216656292,-3.57666746350701,1,0,0,0,111.7,"Q2"
"7153",123,9.04168500589999,85,-3.42171901738295,-3.16934188974592,-3.47074844462327,-3.57666746350701,1,1,0,0,111.7,"Q2"
"7154",123,10.315862069,86,-3.42171901738295,-3.16934188974592,-3.47074844462327,-3.7601069634023,0,1,0,0,111,"Q2"
"7155",123,8.47637119690002,88,-3.28758971741625,-3.16934188974592,-3.33033126579352,-3.7601069634023,0,1,1,0,111,"Q2"
"7156",123,8.6697425899,89,-3.28758971741625,-3.69514906712753,-2.99886216656292,-3.7601069634023,1,0,0,0,111,"Q2"
"7157",123,8.68067166040002,90,-3.28758971741625,-3.69514906712753,-2.99886216656292,-4.03666545063542,0,0,1,0,111,"Q2"
"7158",123,8.43554920239998,91,-3.28758971741625,-3.16934188974592,-3.47074844462327,-3.28758971741625,0,0,1,0,111,"Q2"
"7159",123,9.71956471440003,92,-3.57666746350701,-3.7601069634023,-3.47074844462327,-3.57666746350701,1,1,1,1,111,"Q2"
"7160",123,9.51546935800002,93,-3.28758971741625,-3.90424086498609,-3.06360969595708,-3.90424086498609,0,1,0,0,111,"Q2"
"7161",123,9.69227257209996,95,-3.63415455442469,-3.47074844462327,-3.47074844462327,-3.28758971741625,0,0,1,0,111,"Q3"
"7162",123,8.54090971799997,96,-3.28758971741625,-3.69514906712753,-3.47074844462327,-3.28758971741625,1,1,0,0,111,"Q3"
"7163",123,8.48961642359998,97,-3.28758971741625,-3.69514906712753,-3.47074844462327,-3.47074844462327,0,0,1,0,111,"Q3"
"7164",123,8.0300840943,99,-3.28758971741625,-4.16893341921317,-3.37498153953126,-3.47074844462327,1,0,1,0,107.2,"Q3"
"7165",123,8.3635757028,100,-3.28758971741625,-4.16893341921317,-3.37498153953126,-3.52230625428812,0,0,0,0,107.2,"Q3"
"7166",123,9.88246818529995,101,-3.28758971741625,-3.7601069634023,-3.28758971741625,-3.37498153953126,1,0,0,0,107.2,"Q3"
"7167",123,8.51559191000002,103,-3.28758971741625,-3.82957933621707,-3.10457105358814,-3.47074844462327,0,0,1,0,107.2,"Q3"
"7168",123,9.114710141,104,-3.28758971741625,-3.82957933621707,-3.47074844462327,-3.47074844462327,0,1,1,0,107.4,"Q3"
"7169",123,10.930818639,105,-3.47074844462327,-3.82957933621707,-3.10457105358814,-3.47074844462327,0,0,1,1,107.4,"Q3"
"7170",123,9.04923221160001,106,-3.4938571115142,-3.69514906712753,-3.16204421094931,-3.63415455442469,1,1,1,0,107.4,"Q3"
"7171",123,9.51074121679997,108,-3.57666746350701,-3.72710066693413,-3.47074844462327,-3.46074836128869,0,1,0,0,116,"Q4"
"7172",123,9.31217467790004,109,-3.50063832925247,-3.7601069634023,-3.10457105358814,-3.42171901738295,1,0,0,0,116,"Q4"
"7173",123,12.138906676,110,-3.63415455442469,-3.65206548099122,-3.10457105358814,-3.41694573863029,0,0,1,1,116,"Q4"
"7174",123,9.04923221160001,111,-3.38685616428197,-3.47074844462327,-3.20722520764823,-3.47074844462327,0,1,1,0,116,"Q4"
"7175",123,8.37839078850004,113,-3.29609423712143,-3.63415455442469,-3.10457105358814,-3.48084954060977,1,0,0,0,127.3,"Q4"
"7176",123,9.10764297370002,114,-3.38851506726494,-3.60499797013323,-3.10457105358814,-3.47371913375912,0,0,1,0,127.3,"Q4"
"7177",123,9.32366905730002,115,-3.47074844462327,-3.47074844462327,-3.47074844462327,-3.7601069634023,0,1,1,0,127.3,"Q4"
"7178",123,9.2887817983,116,-3.47074844462327,-3.75341797525151,-3.29852987891068,-3.76684099558365,1,0,0,0,127.3,"Q4"
"7179",123,8.96290412809996,117,-3.43010418855887,-3.69514906712753,-3.10457105358814,-3.75341797525151,0,0,0,0,131.5,"Q4"
"7180",123,8.55333223800003,118,-3.28758971741625,-3.69514906712753,-3.10457105358814,-3.64921064906113,1,0,0,0,131.5,"Q4"
"7181",123,8.46294817659997,119,-3.36032386302929,-3.6826489043633,-3.15988760239962,-3.63415455442469,0,0,1,0,131.5,"Q4"
"7182",123,10.78692446,120,-3.47074844462327,-3.63415455442469,-3.28758971741625,-3.61108499370149,1,0,1,1,131.5,"Q4"
"7183",123,9.0567228833,122,-3.42060100527089,-3.58790353677393,-3.33033126579352,-3.7601069634023,0,1,1,0,135.1,"Q1"
"7184",123,10.218006279,123,-3.24660037288306,-3.54911751173878,-3.2346734173341,-3.67521736294817,0,0,1,1,135.1,"Q1"
"7185",123,9.44208681210002,124,-3.24660037288306,-3.78044664763943,-2.99886216656292,-3.47074844462327,0,0,1,1,135.1,"Q1"
"7186",123,8.94637482609996,125,-3.36760143868005,-3.90424086498609,-2.99886216656292,-3.57666746350701,0,0,0,0,135.1,"Q1"
"7187",123,9.15609535709998,126,-3.46681005709695,-3.87370414112601,-2.99886216656292,-3.7601069634023,0,0,1,0,134.7,"Q1"
"7188",123,9.12172771360001,127,-3.47074844462327,-3.56004658227097,-3.47074844462327,-4.16893341921317,0,1,0,0,134.7,"Q1"
"7189",123,8.79361207160002,129,-3.37504065799105,-3.72710066693413,-3.47074844462327,-3.57109641845755,0,1,1,0,134.7,"Q1"
"7190",123,9.06415786180001,130,-3.27609952995722,-3.82957933621707,-3.57666746350701,-3.64605945693101,1,0,0,0,134.7,"Q1"
"7191",123,10.615652739,131,-3.47074844462327,-3.76684099558365,-3.57666746350701,-3.70780746399946,0,0,1,1,134.7,"Q1"
"7192",123,9.57498348560002,132,-3.38962831019165,-3.69514906712753,-3.52562545664483,-3.84407234351964,0,1,0,0,134.7,"Q1"
"7193",123,8.61323037960001,133,-3.27163356208153,-3.65810779544718,-3.11067312105639,-3.90424086498609,0,0,1,0,134.7,"Q1"
"7194",123,10.528784066,134,-3.52135853843333,-3.47074844462327,-3.24259235148552,-3.79423996977176,0,1,1,1,134.3,"Q2"
"7195",123,9.58822871229999,135,-3.49738082575077,-3.72710066693413,-3.20029516445778,-3.63415455442469,0,0,0,0,134.3,"Q2"
"7196",123,8.90381521169997,136,-3.1328414875264,-3.90424086498609,-3.04374149274035,-3.60499797013323,1,0,0,0,134.3,"Q2"
"7197",123,10.816894129,137,-3.42171901738295,-3.81529337896959,-3.15593592537683,-3.43987541361352,0,0,1,1,134.3,"Q2"
"7198",123,8.34853782539999,138,-3.1328414875264,-3.47074844462327,-3.28758971741625,-3.33033126579352,0,1,1,0,134.3,"Q2"
"7199",123,8.8032739825,139,-3.1328414875264,-3.45578557194656,-3.09762658123533,-3.47074844462327,0,1,1,0,126.2,"Q2"
"7200",123,8.84101431049997,140,-3.13755121379941,-3.42171901738295,-3.09073000217627,-3.47074844462327,0,0,0,0,126.2,"Q2"
"7201",123,10.728364504,141,-3.42171901738295,-3.63415455442469,-3.06360969595708,-3.55456711650634,0,0,1,1,126.2,"Q2"
"7202",123,8.5026885052,142,-3.12029612758415,-3.63415455442469,-3.09762658123533,-3.47074844462327,0,0,1,0,126.2,"Q2"
"7203",123,8.26975694750001,143,-3.09762658123533,-3.61655879253431,-3.24660037288306,-3.33033126579352,0,1,1,0,118.5,"Q2"
"7204",123,8.62479120200004,144,-3.09762658123533,-3.42171901738295,-3.36437244185259,-3.36137588747548,0,0,0,0,118.5,"Q2"
"7205",123,8.65869275369998,145,-3.20256107462009,-3.45084729030598,-3.47074844462327,-3.42446395333238,0,1,1,0,118.5,"Q2"
"7206",123,9.66421461929997,146,-3.43343884446199,-3.69514906712753,-3.09448299102609,-3.47074844462327,0,1,1,0,118.5,"Q2"
"7207",123,10.514990744,147,-3.4693650497945,-3.52761130651781,-3.16934188974592,-3.3934152412201,0,0,1,1,115.5,"Q3"
"7208",123,8.8032739825,149,-3.09992325116591,-3.59356927430961,-3.09613555882903,-3.42171901738295,0,0,0,0,115.5,"Q3"
"7209",123,11.091330975,150,-3.33033126579352,-3.63415455442469,-3.1328414875264,-3.42171901738295,0,1,1,1,115.5,"Q3"
"7210",123,8.25322764560004,151,-3.10433561036631,-3.7601069634023,-3.0736938150237,-3.40276110363834,1,0,0,0,115.5,"Q3"
"7211",123,11.450539293,153,-3.47074844462327,-3.48084954060977,-3.06360969595708,-3.35785599802956,0,0,1,1,114.5,"Q3"
"7212",123,10.345091707,154,-3.50076676832411,-3.86621346939685,-3.1328414875264,-3.47074844462327,0,1,1,1,114.5,"Q3"
"7213",123,9.69621735039997,155,-3.63415455442469,-3.86621346939685,-3.16425091834378,-3.47074844462327,0,1,1,0,114.5,"Q3"
"7214",123,9.46715078080002,156,-3.57669004253286,-3.42171901738295,-3.24660037288306,-3.47074844462327,0,1,1,0,112.5,"Q3"
"7215",123,11.085460117,157,-3.47074844462327,-3.42171901738295,-3.20722520764823,-3.33910325186636,0,0,1,1,112.5,"Q3"
"7216",123,8.6697425899,158,-3.12593249612003,-3.59926729542425,-3.06360969595708,-3.69514906712753,0,0,1,0,112.5,"Q3"
"7217",123,11.104897074,160,-3.37498153953126,-3.58790353677393,-3.08014463092304,-3.39807725432591,0,0,1,1,106.5,"Q4"
"7218",124,8.26975694750001,40,-3.00515149547048,-3.69514906712753,-3.16934188974592,-3.54369744426944,1,1,1,0,160,"Q2"
"7219",124,8.52833093580003,42,-3.00515149547048,-3.16934188974592,-2.99886216656292,-3.52230625428812,0,0,1,0,160,"Q2"
"7220",124,8.5656023306,43,-3.00515149547048,-3.16934188974592,-2.99886216656292,-3.47074844462327,0,0,1,0,160.4,"Q3"
"7221",124,10.772267302,44,-3.20722520764823,-3.16934188974592,-2.99886216656292,-3.18432344336154,0,0,1,1,160.4,"Q3"
"7222",124,7.9875244798,45,-3.00515149547048,-3.16934188974592,-2.99886216656292,-3.57666746350701,0,0,0,0,160.4,"Q3"
"7223",124,8.9871968207,46,-3.00515149547048,-3.16934188974592,-3.09762658123533,-3.57666746350701,0,1,1,0,160.4,"Q3"
"7224",124,8.20193435119999,48,-3.00515149547048,-3.42171901738295,-2.99886216656292,-3.28758971741625,0,0,1,0,160.8,"Q3"
"7225",124,7.5928702878,50,-3.00515149547048,-3.42171901738295,-3.1328414875264,-3.47074844462327,0,1,1,0,160.8,"Q3"
"7226",124,8.23642052730002,51,-3.00515149547048,-3.52230625428812,-3.1328414875264,-3.33033126579352,1,0,1,0,160.8,"Q3"
"7227",124,8.09070871610001,52,-3.00515149547048,-3.52230625428812,-3.1328414875264,-3.47074844462327,0,0,1,0,150.9,"Q3"
"7228",124,10.530494931,53,-3.37498153953126,-3.52230625428812,-2.99886216656292,-3.47074844462327,0,0,1,1,150.9,"Q3"
"7229",124,8.0300840943,54,-3.00515149547048,-3.57666746350701,-2.99886216656292,-3.47074844462327,0,0,1,0,150.9,"Q3"
"7230",124,7.96554557310002,55,-3.00515149547048,-3.57666746350701,-2.99886216656292,-3.47074844462327,1,0,0,0,150.9,"Q3"
"7231",124,9.3350328159,56,-3.00515149547048,-3.57666746350701,-3.06360969595708,-3.47074844462327,0,1,1,0,147.2,"Q4"
"7232",124,11.036179155,57,-3.47074844462327,-3.16934188974592,-3.06360969595708,-3.47074844462327,0,0,1,1,147.2,"Q4"
"7233",124,8.95467362900003,58,-3.15505505265702,-3.94377170374273,-3.06360969595708,-3.47074844462327,1,1,0,0,147.2,"Q4"
"7234",124,8.16621626860002,59,-3.00515149547048,-3.69514906712753,-3.06360969595708,-3.47074844462327,0,0,1,0,147.2,"Q4"
"7235",124,10.71139097,60,-3.47074844462327,-3.69514906712753,-3.06360969595708,-3.47074844462327,1,0,1,1,120.9,"Q4"
"7236",124,8.40737832540001,61,-3.00515149547048,-3.90424086498609,-3.06360969595708,-3.47074844462327,0,1,1,0,120.9,"Q4"
"7237",124,11.08644099,62,-3.47074844462327,-4.16893341921317,-3.06360969595708,-3.16934188974592,0,0,1,1,120.9,"Q4"
"7238",124,9.54795481319998,63,-3.47074844462327,-3.69514906712753,-3.06360969595708,-3.33033126579352,1,0,0,0,120.9,"Q4"
"7239",124,10.892284975,65,-3.47074844462327,-3.16934188974592,-3.16934188974592,-3.47074844462327,0,0,1,1,117.8,"Q4"
"7240",124,9.78650419709995,69,-3.47074844462327,-3.16934188974592,-3.52230625428812,-3.47074844462327,0,1,1,0,114.4,"Q1"
"7241",124,8.51559191000002,70,-3.20722520764823,-4.16893341921317,-3.20722520764823,-3.24660037288306,1,0,1,0,114.4,"Q1"
"7242",124,9.15609535709998,71,-3.20722520764823,-3.16934188974592,-3.20722520764823,-3.63415455442469,0,0,1,0,114.4,"Q1"
"7243",124,10.909984552,72,-3.47074844462327,-3.16934188974592,-2.99886216656292,-3.63415455442469,0,0,1,1,114.4,"Q1"
"7244",124,8.95467362900003,73,-3.20722520764823,-3.7601069634023,-2.99886216656292,-3.47074844462327,1,0,0,0,114.4,"Q1"
"7245",124,8.92956770779998,74,-3.24660037288306,-3.7601069634023,-3.24660037288306,-3.47074844462327,0,0,1,0,114.4,"Q1"
"7246",124,9.12869638290002,75,-3.24660037288306,-3.16934188974592,-3.16934188974592,-3.7601069634023,0,0,1,0,114.4,"Q1"
"7247",124,9.41637845540003,76,-3.24660037288306,-3.16934188974592,-2.99886216656292,-3.7601069634023,0,0,1,0,114.4,"Q1"
"7248",124,10.404989849,77,-3.47074844462327,-3.47074844462327,-2.99886216656292,-3.37498153953126,1,0,1,1,114.4,"Q1"
"7249",124,8.69148257649997,78,-3.20722520764823,-4.07270538711862,-2.99886216656292,-3.37498153953126,1,0,0,0,111.7,"Q1"
"7250",124,9.83905569240002,79,-3.20722520764823,-3.16934188974592,-2.99886216656292,-3.57666746350701,0,0,1,0,111.7,"Q1"
"7251",124,9.96702557330002,81,-3.63415455442469,-3.69514906712753,-3.63415455442469,-3.37498153953126,1,1,0,0,111.7,"Q1"
"7252",124,9.01869548770001,83,-3.42171901738295,-3.69514906712753,-3.47074844462327,-4.03666545063542,0,1,0,0,111.7,"Q2"
"7253",124,8.95467362900003,84,-3.42171901738295,-4.16893341921317,-2.99886216656292,-3.57666746350701,1,0,0,0,111.7,"Q2"
"7254",124,8.79361207160002,85,-3.42171901738295,-3.16934188974592,-3.47074844462327,-3.57666746350701,1,1,0,0,111.7,"Q2"
"7255",124,10.114720453,86,-3.42171901738295,-3.16934188974592,-3.47074844462327,-3.7601069634023,0,1,0,0,111,"Q2"
"7256",124,11.89212873,87,-3.82957933621707,-3.16934188974592,-3.20722520764823,-3.7601069634023,0,0,1,1,111,"Q2"
"7257",124,8.31776616669999,88,-3.28758971741625,-3.16934188974592,-3.33033126579352,-3.7601069634023,0,1,1,0,111,"Q2"
"7258",124,8.34853782539999,89,-3.28758971741625,-3.69514906712753,-2.99886216656292,-3.7601069634023,1,0,0,0,111,"Q2"
"7259",124,8.52833093580003,90,-3.28758971741625,-3.69514906712753,-2.99886216656292,-4.03666545063542,0,0,1,0,111,"Q2"
"7260",124,8.34853782539999,91,-3.28758971741625,-3.16934188974592,-3.47074844462327,-3.28758971741625,0,0,1,0,111,"Q2"
"7261",124,9.96100145870002,92,-3.57666746350701,-3.7601069634023,-3.47074844462327,-3.57666746350701,1,1,1,1,111,"Q2"
"7262",124,9.46715078080002,93,-3.28758971741625,-3.90424086498609,-3.06360969595708,-3.90424086498609,0,1,0,0,111,"Q2"
"7263",124,11.237224663,94,-3.63415455442469,-3.47074844462327,-3.03071199245002,-3.28758971741625,0,0,1,1,111,"Q2"
"7264",124,9.74987006390004,95,-3.63415455442469,-3.47074844462327,-3.47074844462327,-3.28758971741625,0,0,1,0,111,"Q3"
"7265",124,8.25322764560004,96,-3.28758971741625,-3.69514906712753,-3.47074844462327,-3.28758971741625,1,1,0,0,111,"Q3"
"7266",124,8.94637482609996,97,-3.28758971741625,-3.69514906712753,-3.47074844462327,-3.47074844462327,0,0,1,0,111,"Q3"
"7267",124,8.0300840943,99,-3.28758971741625,-4.16893341921317,-3.37498153953126,-3.47074844462327,1,0,1,0,107.2,"Q3"
"7268",124,7.9875244798,100,-3.28758971741625,-4.16893341921317,-3.37498153953126,-3.52230625428812,0,0,0,0,107.2,"Q3"
"7269",124,11.531001112,102,-3.90424086498609,-3.7601069634023,-3.10457105358814,-3.37498153953126,0,0,1,1,107.2,"Q3"
"7270",124,8.31776616669999,103,-3.28758971741625,-3.82957933621707,-3.10457105358814,-3.47074844462327,0,0,1,0,107.2,"Q3"
"7271",124,8.37839078850004,104,-3.28758971741625,-3.82957933621707,-3.47074844462327,-3.47074844462327,0,1,1,0,107.4,"Q3"
"7272",124,10.638927645,105,-3.47074844462327,-3.82957933621707,-3.10457105358814,-3.47074844462327,0,0,1,1,107.4,"Q3"
"7273",124,9.01091334729999,106,-3.5018698003063,-3.69514906712753,-3.11669102947625,-3.63415455442469,1,1,1,0,107.4,"Q3"
"7274",124,9.27087087170001,107,-3.55158536481953,-3.69514906712753,-3.10457105358814,-3.59623570243518,0,0,1,0,107.4,"Q3"
"7275",124,9.61846859750004,108,-3.57666746350701,-3.72062815242852,-3.47074844462327,-3.46074836128869,0,1,0,0,116,"Q4"
"7276",124,9.2214781164,109,-3.49247853171842,-3.7601069634023,-3.10457105358814,-3.44593327550355,1,0,0,0,116,"Q4"
"7277",124,8.62479120200004,111,-3.42461416389531,-3.47074844462327,-3.20722520764823,-3.47074844462327,0,1,1,0,116,"Q4"
"7278",124,10.222668292,112,-3.76450785784587,-3.56555623808194,-3.10821577085303,-3.47074844462327,0,0,0,0,116,"Q4"
"7279",124,8.21932609390002,113,-3.39523426245049,-3.6400892899445,-3.10457105358814,-3.48084954060977,1,0,0,0,127.3,"Q4"
"7280",124,8.94637482609996,114,-3.44500111715699,-3.59926729542425,-3.10457105358814,-3.47074844462327,0,0,1,0,127.3,"Q4"
"7281",124,9.65605130869996,115,-3.47074844462327,-3.47074844462327,-3.47074844462327,-3.88885594614661,0,1,1,0,127.3,"Q4"
"7282",124,9.43699774259998,116,-3.47074844462327,-3.75341797525151,-3.17016417330461,-3.81529337896959,1,0,0,0,127.3,"Q4"
"7283",124,9.09335701649998,117,-3.44007533268509,-3.69514906712753,-3.10457105358814,-3.6400892899445,0,0,0,0,131.5,"Q4"
"7284",124,8.16621626860002,118,-3.28758971741625,-3.69514906712753,-3.10457105358814,-3.54588278389913,1,0,0,0,131.5,"Q4"
"7285",124,8.51559191000002,119,-3.37254258888494,-3.6826489043633,-3.15467840017866,-3.63415455442469,0,0,1,0,131.5,"Q4"
"7286",124,10.042205472,120,-3.47074844462327,-3.63415455442469,-3.28758971741625,-3.5176923964237,1,0,1,1,131.5,"Q4"
"7287",124,8.81284343350004,122,-3.40399056898036,-3.61076167484998,-3.33033126579352,-3.7601069634023,0,1,1,0,135.1,"Q1"
"7288",124,9.62694322449997,123,-3.24660037288306,-3.57109641845755,-3.23112196620364,-3.70313093373995,0,0,1,1,135.1,"Q1"
"7289",124,9.53878043690001,124,-3.29093818724744,-3.7601069634023,-2.99886216656292,-3.47074844462327,0,0,1,1,135.1,"Q1"
"7290",124,8.30201780980003,125,-3.24547465044117,-3.90424086498609,-2.99886216656292,-3.51223489435087,0,0,0,0,135.1,"Q1"
"7291",124,8.81284343350004,126,-3.40941197019797,-3.84407234351964,-2.99886216656292,-3.7601069634023,0,0,1,0,134.7,"Q1"
"7292",124,8.92105701820002,127,-3.47074844462327,-3.61076167484998,-3.47074844462327,-4.16893341921317,0,1,0,0,134.7,"Q1"
"7293",124,9.01091334729999,129,-3.42419044166057,-3.70780746399946,-3.47074844462327,-3.78731952692719,0,1,1,0,134.7,"Q1"
"7294",124,8.95467362900003,130,-3.37426018369789,-3.82957933621707,-3.01279105879007,-3.73361534795533,1,0,0,0,134.7,"Q1"
"7295",124,9.86266555800002,131,-3.47074844462327,-3.81529337896959,-3.57331748230586,-3.69514906712753,0,0,1,1,134.7,"Q1"
"7296",124,9.71956471440003,132,-3.41571288671415,-3.69514906712753,-3.53999320942636,-3.63415455442469,0,1,0,0,134.7,"Q1"
"7297",124,8.40737832540001,133,-3.34863142620137,-3.67645693411538,-3.10400848906978,-3.90424086498609,0,0,1,0,134.7,"Q1"
"7298",124,10.379473253,134,-3.47074844462327,-3.47074844462327,-3.24259235148552,-3.71419726209823,0,1,1,1,134.3,"Q2"
"7299",124,8.44934252449998,136,-3.1328414875264,-3.90424086498609,-3.04374149274035,-3.58226971905568,1,0,0,0,134.3,"Q2"
"7300",124,10.061516417,137,-3.42171901738295,-3.82957933621707,-3.13131218811041,-3.42789700853395,0,0,1,1,134.3,"Q2"
"7301",124,8.30201780980003,138,-3.1328414875264,-3.47578623865323,-3.28758971741625,-3.33033126579352,0,1,1,0,134.3,"Q2"
"7302",124,8.72323127479999,139,-3.1328414875264,-3.46074836128869,-3.09762658123533,-3.47074844462327,0,1,1,0,126.2,"Q2"
"7303",124,8.47637119690002,140,-3.1328414875264,-3.42171901738295,-3.09071819413602,-3.55456711650634,0,0,0,0,126.2,"Q2"
"7304",124,10.02535114,141,-3.42171901738295,-3.63415455442469,-3.06360969595708,-3.28758971741625,0,0,1,1,126.2,"Q2"
"7305",124,7.5928702878,142,-3.14863766041383,-3.6400892899445,-3.09762658123533,-3.47074844462327,0,0,1,0,126.2,"Q2"
"7306",124,8.0300840943,145,-3.09762658123533,-3.42171901738295,-3.47074844462327,-3.65250901066127,0,1,1,0,118.5,"Q2"
"7307",124,8.46294817659997,146,-3.28148890751939,-3.47074844462327,-3.10657914957897,-3.47074844462327,0,1,1,0,118.5,"Q2"
"7308",124,9.82184356349995,147,-3.46918575068782,-3.52230625428812,-3.18226466026155,-3.44593327550355,0,0,1,1,115.5,"Q3"
"7309",124,8.8032739825,149,-3.09762658123533,-3.42171901738295,-3.10257903089981,-3.42171901738295,0,0,0,0,115.5,"Q3"
"7310",124,10.459668878,150,-3.33666459397852,-3.63415455442469,-3.1328414875264,-3.42171901738295,0,1,1,1,115.5,"Q3"
"7311",124,8.62479120200004,151,-3.105639467484,-3.7601069634023,-3.0784162237396,-3.42171901738295,1,0,0,0,115.5,"Q3"
"7312",124,11.097167567,153,-3.47074844462327,-3.45578557194656,-3.06360969595708,-3.33989840280496,0,0,1,1,114.5,"Q3"
"7313",124,10.738134295,154,-3.49939545893111,-3.72062815242852,-3.1328414875264,-3.47074844462327,0,1,1,1,114.5,"Q3"
"7314",124,9.0861367685,156,-3.57126952143901,-3.39807725432591,-3.24660037288306,-3.47074844462327,0,1,1,0,112.5,"Q3"
"7315",124,10.461502059,157,-3.47197779091464,-3.35240721749272,-3.19779338208143,-3.27511554319108,0,0,1,1,112.5,"Q3"
"7316",124,8.48961642359998,158,-3.12446561355042,-3.670303068541,-2.99573227355399,-3.69514906712753,0,0,1,0,112.5,"Q3"
"7317",124,8.5777236912,159,-3.15615749990806,-3.7601069634023,-3.1328414875264,-3.54911751173878,0,1,0,0,112.5,"Q3"
"7318",124,10.731165626,160,-3.37498153953126,-3.56555623808194,-3.04467953676283,-3.43617710055818,0,0,1,1,106.5,"Q4"
"7319",126,8.37839078850004,40,-3.06360969595708,-3.69514906712753,-3.16934188974592,-3.54369744426944,1,1,1,0,160,"Q2"
"7320",126,10.435526573,41,-3.47074844462327,-3.24660037288306,-3.16934188974592,-3.29178259567629,0,0,1,1,160,"Q2"
"7321",126,8.33327035329998,42,-3.06360969595708,-3.24660037288306,-3.01148063052213,-3.52230625428812,0,0,1,0,160,"Q2"
"7322",126,8.42156296040003,43,-3.06360969595708,-3.24660037288306,-3.01148063052213,-3.47074844462327,0,0,1,0,160.4,"Q3"
"7323",126,10.075085146,44,-3.20722520764823,-3.24660037288306,-3.01148063052213,-3.25062452318278,0,0,1,1,160.4,"Q3"
"7324",126,8.12917499690002,45,-3.06360969595708,-3.24660037288306,-3.01148063052213,-3.28758971741625,0,0,0,0,160.4,"Q3"
"7325",126,9.17616292019996,46,-3.06360969595708,-3.24660037288306,-3.09762658123533,-3.57666746350701,0,1,1,0,160.4,"Q3"
"7326",126,9.69227257209996,47,-3.28758971741625,-3.42171901738295,-3.09762658123533,-3.25062452318278,1,0,1,1,160.8,"Q3"
"7327",126,8.0300840943,48,-3.06360969595708,-3.42171901738295,-3.01148063052213,-3.28758971741625,0,0,1,0,160.8,"Q3"
"7328",126,10.463331886,49,-3.47074844462327,-3.42171901738295,-3.01148063052213,-3.28758971741625,0,0,1,1,160.8,"Q3"
"7329",126,8.12917499690002,50,-3.06360969595708,-3.42171901738295,-3.1328414875264,-3.47074844462327,0,1,1,0,160.8,"Q3"
"7330",126,8.31776616669999,51,-3.06360969595708,-3.52230625428812,-3.1328414875264,-3.33033126579352,1,0,1,0,160.8,"Q3"
"7331",126,8.16621626860002,52,-3.06360969595708,-3.52230625428812,-3.1328414875264,-3.47074844462327,0,0,1,0,150.9,"Q3"
"7332",126,9.89867599549999,53,-3.37498153953126,-3.52230625428812,-3.01148063052213,-3.47074844462327,0,0,1,1,150.9,"Q3"
"7333",126,7.94307271730001,54,-3.06360969595708,-3.57666746350701,-3.01148063052213,-3.29178259567629,0,0,1,0,150.9,"Q3"
"7334",126,8.11012680190003,55,-3.06360969595708,-3.57666746350701,-3.01148063052213,-3.29178259567629,1,0,0,0,150.9,"Q3"
"7335",126,8.92105701820002,56,-3.06360969595708,-3.57666746350701,-3.01148063052213,-3.47074844462327,0,1,1,0,147.2,"Q4"
"7336",126,10.444881178,57,-3.47074844462327,-3.24660037288306,-3.02748097186857,-3.47074844462327,0,0,1,1,147.2,"Q4"
"7337",126,8.46294817659997,58,-3.17839408022637,-3.94377170374273,-3.06360969595708,-3.47074844462327,1,1,0,0,147.2,"Q4"
"7338",126,8.05070338149999,59,-3.06360969595708,-3.69514906712753,-3.06360969595708,-3.47074844462327,0,0,1,0,147.2,"Q4"
"7339",126,10.501004502,60,-3.47074844462327,-3.69514906712753,-3.06360969595708,-3.47074844462327,1,0,1,1,120.9,"Q4"
"7340",126,8.16621626860002,61,-3.06360969595708,-3.90424086498609,-3.06360969595708,-3.47074844462327,0,1,1,0,120.9,"Q4"
"7341",126,10.466981525,62,-3.47074844462327,-4.16893341921317,-3.06360969595708,-3.2188758248682,0,0,1,1,120.9,"Q4"
"7342",126,8.99516499030001,63,-3.47074844462327,-3.69514906712753,-3.06360969595708,-3.33033126579352,1,0,0,0,120.9,"Q4"
"7343",126,9.17616292019996,64,-3.06360969595708,-3.24660037288306,-3.06360969595708,-3.47074844462327,1,0,1,0,120.9,"Q4"
"7344",126,9.64782080949995,67,-3.47074844462327,-3.37498153953126,-3.28758971741625,-3.47074844462327,0,0,1,0,117.8,"Q4"
"7345",126,9.42157327230005,69,-3.47074844462327,-3.37498153953126,-3.52230625428812,-3.47074844462327,0,1,1,0,114.4,"Q1"
"7346",126,8.72323127479999,70,-3.2587217334154,-4.16893341921317,-3.20722520764823,-3.30022146432215,1,0,1,0,114.4,"Q1"
"7347",126,8.74385056200001,71,-3.2587217334154,-3.37498153953126,-3.20722520764823,-3.63415455442469,0,0,1,0,114.4,"Q1"
"7348",126,10.6373927260001,72,-3.47074844462327,-3.37498153953126,-3.01148063052213,-3.63415455442469,0,0,1,1,114.4,"Q1"
"7349",126,8.31776616669999,73,-3.2587217334154,-3.7601069634023,-3.01148063052213,-3.47074844462327,1,0,0,0,114.4,"Q1"
"7350",126,8.79361207160002,74,-3.27925633585711,-3.7601069634023,-3.24660037288306,-3.47074844462327,0,0,1,0,114.4,"Q1"
"7351",126,8.54090971799997,75,-3.27925633585711,-3.37498153953126,-3.16934188974592,-3.7601069634023,0,0,1,0,114.4,"Q1"
"7352",126,8.90381521169997,76,-3.27925633585711,-3.37498153953126,-3.01148063052213,-3.7601069634023,0,0,1,0,114.4,"Q1"
"7353",126,10.389364531,77,-3.47074844462327,-3.47074844462327,-3.01148063052213,-3.37498153953126,1,0,1,1,114.4,"Q1"
"7354",126,8.46294817659997,78,-3.2587217334154,-4.07270538711862,-3.01148063052213,-3.37498153953126,1,0,0,0,111.7,"Q1"
"7355",126,10.5322028729999,81,-3.63415455442469,-3.69514906712753,-3.63415455442469,-3.37498153953126,1,1,0,0,111.7,"Q1"
"7356",126,9.114710141,83,-3.42171901738295,-3.69514906712753,-3.47074844462327,-4.03666545063542,0,1,0,0,111.7,"Q2"
"7357",126,9.22778728560003,84,-3.42171901738295,-4.16893341921317,-3.01148063052213,-3.57666746350701,1,0,0,0,111.7,"Q2"
"7358",126,9.09335701649998,85,-3.42171901738295,-3.37498153953126,-3.47074844462327,-3.57666746350701,1,1,0,0,111.7,"Q2"
"7359",126,9.98192897880002,86,-3.42171901738295,-3.37498153953126,-3.47074844462327,-3.7601069634023,0,1,0,0,111,"Q2"
"7360",126,8.5026885052,88,-3.34351827007548,-3.37498153953126,-3.33033126579352,-3.7601069634023,0,1,1,0,111,"Q2"
"7361",126,8.5656023306,89,-3.34351827007548,-3.69514906712753,-3.01148063052213,-3.7601069634023,1,0,0,0,111,"Q2"
"7362",126,8.72323127479999,90,-3.34351827007548,-3.69514906712753,-3.01148063052213,-4.03666545063542,0,0,1,0,111,"Q2"
"7363",126,8.40737832540001,91,-3.34351827007548,-3.42171901738295,-3.47074844462327,-3.34351827007548,0,0,1,0,111,"Q2"
"7364",126,9.70014662849998,92,-3.63415455442469,-3.81529337896959,-3.47074844462327,-3.63415455442469,1,1,1,1,111,"Q2"
"7365",126,8.91247327449998,93,-3.47537148184844,-4.1006141752357,-3.06360969595708,-3.90424086498609,0,1,0,0,111,"Q2"
"7366",126,10.670628413,94,-3.63415455442469,-3.68887945411394,-3.32163555882597,-3.34351827007548,0,0,1,1,111,"Q2"
"7367",126,9.27087087170001,95,-3.57011180823422,-3.61076167484998,-3.47074844462327,-3.34351827007548,0,0,1,0,111,"Q3"
"7368",126,8.14786712990004,96,-3.34351827007548,-3.69514906712753,-3.47074844462327,-3.41377115628662,1,1,0,0,111,"Q3"
"7369",126,8.37839078850004,97,-3.34351827007548,-3.66418684152356,-3.41992762460803,-3.47074844462327,0,0,1,0,111,"Q3"
"7370",126,8.23642052730002,98,-3.34351827007548,-3.97656152656572,-3.1572578683368,-3.47074844462327,0,1,1,0,111,"Q3"
"7371",126,8.09070871610001,99,-3.34351827007548,-4.16893341921317,-3.37498153953126,-3.47074844462327,1,0,1,0,107.2,"Q3"
"7372",126,8.55333223800003,100,-3.34351827007548,-4.1006141752357,-3.32302668911605,-3.52230625428812,0,0,0,0,107.2,"Q3"
"7373",126,9.96100145870002,101,-3.66266939050811,-3.7601069634023,-3.26279505880304,-3.37498153953126,1,0,0,0,107.2,"Q3"
"7374",126,11.583048364,102,-3.90424086498609,-3.78731952692719,-3.14728217168119,-3.41694573863029,0,0,1,1,107.2,"Q3"
"7375",126,8.69148257649997,103,-3.34351827007548,-3.82957933621707,-3.14728217168119,-3.47074844462327,0,0,1,0,107.2,"Q3"
"7376",126,9.04923221160001,104,-3.39356916264679,-3.82957933621707,-3.47074844462327,-3.47074844462327,0,1,1,0,107.4,"Q3"
"7377",126,10.347147206,105,-3.47074844462327,-3.79423996977176,-3.14728217168119,-3.55088662700513,0,0,1,1,107.4,"Q3"
"7378",126,8.91247327449998,106,-3.49150382725072,-3.69514906712753,-3.17297489719235,-3.63415455442469,1,1,1,0,107.4,"Q3"
"7379",126,9.27687689579999,107,-3.55021399439536,-3.69514906712753,-3.14728217168119,-3.60548778202552,0,0,1,0,107.4,"Q3"
"7380",126,9.35183993419999,108,-3.57666746350701,-3.70780746399946,-3.47074844462327,-3.88885594614661,0,1,0,0,116,"Q4"
"7381",126,9.17616292019996,109,-3.49960431626586,-3.7601069634023,-3.14728217168119,-3.8082262117465,1,0,0,0,116,"Q4"
"7382",126,9.24028744829999,111,-3.34351827007548,-3.52230625428812,-3.20722520764823,-3.47074844462327,0,1,1,0,116,"Q4"
"7383",126,10.535610031,112,-3.7601069634023,-3.55456711650634,-3.14728217168119,-3.47074844462327,0,0,0,0,116,"Q4"
"7384",126,8.5656023306,113,-3.34351827007548,-3.63415455442469,-3.14728217168119,-3.48084954060977,1,0,0,0,127.3,"Q4"
"7385",126,9.06415786180001,114,-3.40019558163142,-3.60499797013323,-3.14728217168119,-3.48084954060977,0,0,1,0,127.3,"Q4"
"7386",126,9.68433602250001,115,-3.47074844462327,-3.52230625428812,-3.47074844462327,-3.90424086498609,0,1,1,0,127.3,"Q4"
"7387",126,9.18932100480001,116,-3.47074844462327,-3.75341797525151,-3.14728217168119,-3.77362068256903,1,0,0,0,127.3,"Q4"
"7388",126,9.20873909060002,117,-3.43337842942629,-3.69514906712753,-3.14728217168119,-3.64605945693101,0,0,0,0,131.5,"Q4"
"7389",126,8.76405326930003,118,-3.34351827007548,-3.69514906712753,-3.14728217168119,-3.52805640981691,1,0,0,0,131.5,"Q4"
"7390",126,8.85023096560004,119,-3.40391948923752,-3.670303068541,-3.16193444846806,-3.63415455442469,0,0,1,0,131.5,"Q4"
"7391",126,10.104303692,120,-3.47074844462327,-3.63415455442469,-3.28758971741625,-3.47074844462327,1,0,1,1,131.5,"Q4"
"7392",126,9.12869638290002,122,-3.40491154563761,-3.58790353677393,-3.33033126579352,-3.7601069634023,0,1,1,0,135.1,"Q1"
"7393",126,9.82184356349995,123,-3.24660037288306,-3.58790353677393,-3.29496548426769,-3.70205876495646,0,0,1,1,135.1,"Q1"
"7394",126,9.66421461929997,124,-3.24660037288306,-3.77362068256903,-3.06360969595708,-3.57666746350701,0,0,1,1,135.1,"Q1"
"7395",126,9.25874951120003,125,-3.23070855885597,-3.90424086498609,-3.06360969595708,-3.57666746350701,0,0,0,0,135.1,"Q1"
"7396",126,9.03408040660004,126,-3.29169255334367,-3.85139838361171,-3.06360969595708,-3.7601069634023,0,0,1,0,134.7,"Q1"
"7397",126,10.127590643,131,-3.4746389084015,-3.79423996977176,-3.57666746350701,-3.69514906712753,0,0,1,1,134.7,"Q1"
"7398",126,9.79009486520004,132,-3.42439693012771,-3.69514906712753,-3.3024856038578,-3.78731952692719,0,1,0,0,134.7,"Q1"
"7399",126,9.41637845540003,133,-3.31051753623857,-3.63415455442469,-3.15002669837873,-3.90424086498609,0,0,1,0,134.7,"Q1"
"7400",126,10.424184296,134,-3.53981037348386,-3.52230625428812,-3.24259235148552,-3.86621346939685,0,1,1,1,134.3,"Q2"
"7401",126,9.13561682580005,136,-3.18055696056606,-3.90424086498609,-3.07707791300794,-3.61076167484998,1,0,0,0,134.3,"Q2"
"7402",126,10.5080220749999,137,-3.47074844462327,-3.83679958419056,-3.20785192198491,-3.57666746350701,0,0,1,1,134.3,"Q2"
"7403",126,8.65869275369998,138,-3.18055696056606,-3.52230625428812,-3.35240721749272,-3.57666746350701,0,1,1,0,134.3,"Q2"
"7404",126,8.60153433980004,139,-3.18055696056606,-3.50655789731998,-3.09762658123533,-3.57666746350701,0,1,1,0,126.2,"Q2"
"7405",126,8.63621989780004,140,-3.18055696056606,-3.47074844462327,-3.09762658123533,-3.57666746350701,0,0,0,0,126.2,"Q2"
"7406",126,10.493937335,141,-3.47074844462327,-3.63415455442469,-3.06360969595708,-3.57666746350701,0,0,1,1,126.2,"Q2"
"7407",126,8.86841328469997,142,-3.17936820576098,-3.63415455442469,-3.09762658123533,-3.57666746350701,0,0,1,0,126.2,"Q2"
"7408",126,8.60153433980004,143,-3.16934188974592,-3.61655879253431,-3.24660037288306,-3.57666746350701,0,1,1,0,118.5,"Q2"
"7409",126,8.64751945309997,144,-3.16934188974592,-3.47074844462327,-3.34059837429141,-3.57666746350701,0,0,0,0,118.5,"Q2"
"7410",126,8.42156296040003,145,-3.16934188974592,-3.47074844462327,-3.47074844462327,-3.57666746350701,0,1,1,0,118.5,"Q2"
"7411",126,8.60153433980004,146,-3.25905744634605,-3.47074844462327,-3.11679702214462,-3.57666746350701,0,1,1,0,118.5,"Q2"
"7412",126,10.252452853,147,-3.46912542634987,-3.58226971905568,-3.16934188974592,-3.57666746350701,0,0,1,1,115.5,"Q3"
"7413",126,9.46218799139997,148,-3.31176466124198,-3.8082262117465,-3.15105995277336,-3.57666746350701,0,0,1,1,115.5,"Q3"
"7414",126,9.06415786180001,149,-3.16934188974592,-3.74677343253284,-3.08810973937102,-3.57666746350701,0,0,0,0,115.5,"Q3"
"7415",126,10.533907903,150,-3.33033126579352,-3.63415455442469,-3.1328414875264,-3.57666746350701,0,1,1,1,115.5,"Q3"
"7416",126,9.02641753380003,151,-3.17412600954559,-3.7601069634023,-3.07532322828326,-3.59926729542425,1,0,0,0,115.5,"Q3"
"7417",126,11.058606191,153,-3.47074844462327,-3.51702919718728,-3.06360969595708,-3.57666746350701,0,0,1,1,114.5,"Q3"
"7418",126,10.7056684939999,154,-3.48933015081338,-3.87370414112601,-3.1328414875264,-3.57666746350701,0,1,1,1,114.5,"Q3"
"7419",126,9.59696239229999,155,-3.63415455442469,-4.11966237020639,-3.15697403309828,-3.61076167484998,0,1,1,0,114.5,"Q3"
"7420",126,9.54795481319998,156,-3.59529944291575,-3.49619511028444,-3.24660037288306,-3.6223897128451,0,1,1,0,112.5,"Q3"
"7421",126,10.397207708,157,-3.52959390034601,-3.54369744426944,-3.19953286202507,-3.57666746350701,0,0,1,1,112.5,"Q3"
"7422",126,8.63621989780004,158,-3.20584059138233,-3.63415455442469,-3.13643215565713,-3.69514906712753,0,0,1,0,112.5,"Q3"
"7423",126,8.62479120200004,159,-3.28024860492273,-3.7601069634023,-3.13643215565713,-3.73596808052016,0,1,0,0,112.5,"Q3"
"7424",126,10.843494811,160,-3.37498153953126,-3.60499797013323,-3.13643215565713,-3.57666746350701,0,0,1,1,106.5,"Q4"
"7425",128,8.46294817659997,42,-3.00515149547048,-3.16934188974592,-2.99886216656292,-3.52230625428812,0,0,1,0,160,"Q2"
"7426",128,8.90381521169997,43,-3.00515149547048,-3.16934188974592,-2.99886216656292,-3.47074844462327,0,0,1,0,160.4,"Q3"
"7427",128,8.47637119690002,48,-3.00515149547048,-3.42171901738295,-2.99886216656292,-3.28758971741625,0,0,1,0,160.8,"Q3"
"7428",128,8.12917499690002,50,-3.00515149547048,-3.42171901738295,-3.1328414875264,-3.47074844462327,0,1,1,0,160.8,"Q3"
"7429",128,8.7540029335,52,-3.00515149547048,-3.52230625428812,-3.1328414875264,-3.47074844462327,0,0,1,0,150.9,"Q3"
"7430",128,8.55333223800003,54,-3.00515149547048,-3.57666746350701,-2.99886216656292,-3.47074844462327,0,0,1,0,150.9,"Q3"
"7431",128,9.03408040660004,55,-3.00515149547048,-3.57666746350701,-2.99886216656292,-3.47074844462327,1,0,0,0,150.9,"Q3"
"7432",128,11.238909583,57,-3.47074844462327,-3.16934188974592,-3.06360969595708,-3.47074844462327,0,0,1,1,147.2,"Q4"
"7433",128,9.605620455,58,-3.26867307572924,-3.94377170374273,-3.06360969595708,-3.47074844462327,1,1,0,0,147.2,"Q4"
"7434",128,8.7540029335,59,-3.00515149547048,-3.69514906712753,-3.06360969595708,-3.47074844462327,0,0,1,0,147.2,"Q4"
"7435",128,11.134297011,60,-3.47074844462327,-3.69514906712753,-3.06360969595708,-3.47074844462327,1,0,1,1,120.9,"Q4"
"7436",128,11.386545582,62,-3.47074844462327,-4.16893341921317,-3.06360969595708,-3.16934188974592,0,0,1,1,120.9,"Q4"
"7437",128,9.92093446609996,63,-3.47074844462327,-3.69514906712753,-3.06360969595708,-3.33033126579352,1,0,0,0,120.9,"Q4"
"7438",128,10.513253124,66,-3.47074844462327,-3.82957933621707,-3.16934188974592,-3.47074844462327,1,0,0,0,117.8,"Q4"
"7439",128,8.85936344920003,70,-3.20722520764823,-4.16893341921317,-3.20722520764823,-3.24660037288306,1,0,1,0,114.4,"Q1"
"7440",128,9.0567228833,71,-3.20722520764823,-3.16934188974592,-3.20722520764823,-3.63415455442469,0,0,1,0,114.4,"Q1"
"7441",128,11.138959024,72,-3.47074844462327,-3.16934188974592,-2.99886216656292,-3.63415455442469,0,0,1,1,114.4,"Q1"
"7442",128,9.19583568579999,73,-3.20722520764823,-3.7601069634023,-2.99886216656292,-3.47074844462327,1,0,0,0,114.4,"Q1"
"7443",128,9.114710141,74,-3.24660037288306,-3.7601069634023,-3.24660037288306,-3.47074844462327,0,0,1,0,114.4,"Q1"
"7444",128,9.21512888869999,75,-3.24660037288306,-3.16934188974592,-3.16934188974592,-3.7601069634023,0,0,1,0,114.4,"Q1"
"7445",128,9.81836529910001,76,-3.24660037288306,-3.16934188974592,-2.99886216656292,-3.7601069634023,0,0,1,0,114.4,"Q1"
"7446",128,11.029974378,77,-3.47074844462327,-3.47074844462327,-2.99886216656292,-3.37498153953126,1,0,1,1,114.4,"Q1"
"7447",128,8.72323127479999,78,-3.20722520764823,-4.07270538711862,-2.99886216656292,-3.37498153953126,1,0,0,0,111.7,"Q1"
"7448",128,9.86931010069997,79,-3.20722520764823,-3.16934188974592,-2.99886216656292,-3.57666746350701,0,0,1,0,111.7,"Q1"
"7449",128,11.900416673,80,-3.63415455442469,-3.16934188974592,-2.99886216656292,-3.37498153953126,0,0,1,1,111.7,"Q1"
"7450",128,9.60130079389996,81,-3.63415455442469,-3.69514906712753,-3.63415455442469,-3.37498153953126,1,1,0,0,111.7,"Q1"
"7451",128,9.02641753380003,83,-3.42171901738295,-3.69514906712753,-3.47074844462327,-4.03666545063542,0,1,0,0,111.7,"Q2"
"7452",128,9.5525106297,84,-3.42171901738295,-4.16893341921317,-2.99886216656292,-3.57666746350701,1,0,0,0,111.7,"Q2"
"7453",128,9.20230820029997,85,-3.42171901738295,-3.16934188974592,-3.47074844462327,-3.57666746350701,1,1,0,0,111.7,"Q2"
"7454",128,10.031000873,86,-3.42171901738295,-3.16934188974592,-3.47074844462327,-3.7601069634023,0,1,0,0,111,"Q2"
"7455",128,10.259202035,88,-3.28758971741625,-3.16934188974592,-3.33033126579352,-3.7601069634023,0,1,1,0,111,"Q2"
"7456",128,9.81487489420003,89,-3.28758971741625,-3.69514906712753,-2.99886216656292,-3.7601069634023,1,0,0,0,111,"Q2"
"7457",128,9.18276360419998,90,-3.28758971741625,-3.69514906712753,-2.99886216656292,-4.03666545063542,0,0,1,0,111,"Q2"
"7458",128,8.72323127479999,91,-3.28758971741625,-3.28758971741625,-3.47074844462327,-3.28758971741625,0,0,1,0,111,"Q2"
"7459",128,10.886314808,92,-3.57666746350701,-3.7601069634023,-3.47074844462327,-3.57666746350701,1,1,1,1,111,"Q2"
"7460",128,11.344270099,94,-3.63415455442469,-3.47074844462327,-3.59704030592147,-3.36626119071033,0,0,1,1,111,"Q2"
"7461",128,9.71571114510001,95,-3.59794054166567,-3.6400892899445,-3.51944342023785,-3.28758971741625,0,0,1,0,111,"Q3"
"7462",128,8.5656023306,96,-3.28758971741625,-3.69514906712753,-3.47074844462327,-3.39985647807533,1,1,0,0,111,"Q3"
"7463",128,9.00307016980004,97,-3.28758971741625,-3.670303068541,-3.47074844462327,-3.47074844462327,0,0,1,0,111,"Q3"
"7464",128,8.74385056200001,98,-3.28758971741625,-3.91202300542815,-3.16557304360248,-3.47074844462327,0,1,1,0,111,"Q3"
"7465",128,8.9871968207,99,-3.48382964534355,-4.16893341921317,-3.37955820655867,-3.47074844462327,1,0,1,0,107.2,"Q3"
"7466",128,8.81284343350004,100,-3.3797453154386,-3.80120863908786,-3.30494716474029,-3.52230625428812,0,0,0,0,107.2,"Q3"
"7467",128,9.60130079389996,101,-3.63676570678996,-3.95186891397535,-3.21891129799736,-3.37498153953126,1,0,0,0,107.2,"Q3"
"7468",128,8.48961642359998,103,-3.28758971741625,-3.82957933621707,-3.10457105358814,-3.47074844462327,0,0,1,0,107.2,"Q3"
"7469",128,8.81284343350004,104,-3.35750614352107,-3.83679958419056,-3.47074844462327,-3.47074844462327,0,1,1,0,107.4,"Q3"
"7470",128,11.022686475,105,-3.47074844462327,-3.80120863908786,-3.10457105358814,-3.53407692278804,0,0,1,1,107.4,"Q3"
"7471",128,9.9518966917,108,-3.57666746350701,-3.72062815242852,-3.47074844462327,-3.46074836128869,0,1,0,0,116,"Q4"
"7472",128,9.80079015429999,109,-3.52592003964391,-3.7601069634023,-3.10457105358814,-3.42171901738295,1,0,0,0,116,"Q4"
"7473",128,8.79361207160002,111,-3.29952707766777,-3.47074844462327,-3.20722520764823,-3.47074844462327,0,1,1,0,116,"Q4"
"7474",128,8.9871968207,112,-3.75521315575758,-3.57109641845755,-3.10457105358814,-3.47074844462327,0,0,0,0,116,"Q4"
"7475",128,8.72323127479999,113,-3.28758971741625,-3.63415455442469,-3.10457105358814,-3.48084954060977,1,0,0,0,127.3,"Q4"
"7476",128,9.46715078080002,114,-3.39225080093229,-3.60499797013323,-3.10457105358814,-3.47074844462327,0,0,1,0,127.3,"Q4"
"7477",128,9.45720044990004,115,-3.47074844462327,-3.47074844462327,-3.47074844462327,-3.8082262117465,0,1,1,0,127.3,"Q4"
"7478",128,9.92093446609996,116,-3.47074844462327,-3.75341797525151,-3.20174525453473,-3.77362068256903,1,0,0,0,127.3,"Q4"
"7479",128,9.72722758709997,117,-3.43528851061682,-3.69514906712753,-3.10457105358814,-3.65810779544718,0,0,0,0,131.5,"Q4"
"7480",128,8.95467362900003,118,-3.28758971741625,-3.69514906712753,-3.10457105358814,-3.58804742057104,1,0,0,0,131.5,"Q4"
"7481",128,8.61323037960001,119,-3.35590488147982,-3.67645693411538,-3.13083567141726,-3.63415455442469,0,0,1,0,131.5,"Q4"
"7482",128,10.466981525,120,-3.47074844462327,-3.63415455442469,-3.28758971741625,-3.5887039329377,1,0,1,1,131.5,"Q4"
"7483",128,9.87591078480004,121,-3.47074844462327,-3.63415455442469,-3.30623349089987,-3.62803121494878,0,0,0,0,135.1,"Q1"
"7484",128,9.0567228833,122,-3.40544463649301,-3.60499797013323,-3.33033126579352,-3.7601069634023,0,1,1,0,135.1,"Q1"
"7485",128,10.137768848,123,-3.44334889084548,-3.57666746350701,-3.24577377035605,-3.72861492661308,0,0,1,1,135.1,"Q1"
"7486",128,9.12172771360001,124,-3.51041635493621,-3.73361534795533,-2.99886216656292,-3.47074844462327,0,0,1,1,135.1,"Q1"
"7487",128,8.70217786560003,125,-3.21383475493909,-3.90424086498609,-2.99886216656292,-3.64595181242548,0,0,0,0,135.1,"Q1"
"7488",128,8.60153433980004,126,-3.30655904476647,-3.86621346939685,-2.99886216656292,-3.7601069634023,0,0,1,0,134.7,"Q1"
"7489",128,9.22778728560003,127,-3.47566545726073,-4.09122443488586,-3.47074844462327,-4.16893341921317,0,1,0,0,134.7,"Q1"
"7490",128,10.820737824,131,-3.47074844462327,-3.80120863908786,-3.57666746350701,-3.69514906712753,0,0,1,1,134.7,"Q1"
"7491",128,8.95467362900003,133,-3.33987366873745,-3.65206548099122,-3.13313251883247,-3.90424086498609,0,0,1,0,134.7,"Q1"
"7492",128,10.234229114,134,-3.47074844462327,-3.47074844462327,-3.24259235148552,-3.70780746399946,0,1,1,1,134.3,"Q2"
"7493",128,9.5012173353,135,-3.38973788818779,-3.75341797525151,-3.20605608747462,-3.63415455442469,0,0,0,0,134.3,"Q2"
"7494",128,9.04923221160001,136,-3.1328414875264,-3.90424086498609,-3.04374149274035,-3.53294465249318,1,0,0,0,134.3,"Q2"
"7495",128,10.913487183,137,-3.42171901738295,-3.77362068256903,-3.10787619792748,-3.43922191148806,0,0,1,1,134.3,"Q2"
"7496",128,8.39298958799997,138,-3.1328414875264,-3.47074844462327,-3.28758971741625,-3.33033126579352,0,1,1,0,134.3,"Q2"
"7497",128,8.85936344920003,139,-3.1328414875264,-3.45578557194656,-3.09762658123533,-3.47074844462327,0,1,1,0,126.2,"Q2"
"7498",128,9.07886400919999,140,-3.1328414875264,-3.42171901738295,-3.09269270227033,-3.47074844462327,0,0,0,0,126.2,"Q2"
"7499",128,10.785600833,141,-3.42171901738295,-3.63415455442469,-3.06360969595708,-3.28758971741625,0,0,1,1,126.2,"Q2"
"7500",128,8.69148257649997,142,-3.12282187400289,-3.63415455442469,-3.09762658123533,-3.47074844462327,0,0,1,0,126.2,"Q2"
"7501",128,8.44934252449998,143,-3.09762658123533,-3.60499797013323,-3.24660037288306,-3.32163555882597,0,1,1,0,118.5,"Q2"
"7502",128,8.37839078850004,145,-3.09762658123533,-3.44104329020936,-3.47074844462327,-3.42856002967674,0,1,1,0,118.5,"Q2"
"7503",128,8.63621989780004,146,-3.23755130358507,-3.47074844462327,-3.10304464617922,-3.47074844462327,0,1,1,0,118.5,"Q2"
"7504",128,10.349198489,147,-3.46785465456988,-3.54911751173878,-3.16934188974592,-3.4507068690325,0,0,1,1,115.5,"Q3"
"7505",128,9.07153796909997,149,-3.09762658123533,-3.48593861011725,-3.08026842045471,-3.42171901738295,0,0,0,0,115.5,"Q3"
"7506",128,11.474766588,150,-3.3311880421539,-3.6400892899445,-3.1328414875264,-3.42171901738295,0,1,1,1,115.5,"Q3"
"7507",128,8.84101431049997,151,-3.10757109709641,-3.7601069634023,-3.07707791300794,-3.39807725432591,1,0,0,0,115.5,"Q3"
"7508",128,11.5668074059999,153,-3.47074844462327,-3.46573590279973,-3.06360969595708,-3.36822130070242,0,0,1,1,114.5,"Q3"
"7509",128,10.497477162,154,-3.49691428346666,-4.22075848707776,-3.1328414875264,-3.47074844462327,0,1,1,1,114.5,"Q3"
"7510",128,10.349198489,155,-3.63415455442469,-3.82241084673846,-3.13948582862597,-3.47074844462327,0,1,1,0,114.5,"Q3"
"7511",128,9.81137226360003,156,-3.59535665617986,-3.46573590279973,-3.24660037288306,-3.47074844462327,0,1,1,0,112.5,"Q3"
"7512",128,10.907642631,157,-3.47074844462327,-3.49619511028444,-3.19726053017218,-3.37498153953126,0,0,1,1,112.5,"Q3"
"7513",128,8.46294817659997,158,-3.12233795353108,-3.6400892899445,-3.13643215565713,-3.69514906712753,0,0,1,0,112.5,"Q3"
"7514",128,8.76405326930003,159,-3.20031481855463,-3.76684099558365,-3.13643215565713,-3.6282548322975,0,1,0,0,112.5,"Q3"
"7515",128,11.091330975,160,-3.37498153953126,-3.58226971905568,-3.13643215565713,-3.40746699467575,0,0,1,1,106.5,"Q4"
"7516",129,7.9875244798,40,-3.06360969595708,-3.69514906712753,-3.16934188974592,-3.58651309326723,1,1,1,0,160,"Q2"
"7517",129,7.9875244798,42,-3.06360969595708,-3.24660037288306,-3.01148063052213,-3.52230625428812,0,0,1,0,160,"Q2"
"7518",129,10.047761042,44,-3.20722520764823,-3.24660037288306,-3.01148063052213,-3.25062452318278,0,0,1,1,160.4,"Q3"
"7519",129,8.39298958799997,45,-3.06360969595708,-3.24660037288306,-3.01148063052213,-3.28758971741625,0,0,0,0,160.4,"Q3"
"7520",129,9.77201118969998,47,-3.28758971741625,-3.42171901738295,-3.09762658123533,-3.25062452318278,1,0,1,1,160.8,"Q3"
"7521",129,8.05070338149999,48,-3.06360969595708,-3.42171901738295,-3.01148063052213,-3.28758971741625,0,0,1,0,160.8,"Q3"
"7522",129,8.3635757028,50,-3.06360969595708,-3.42171901738295,-3.1328414875264,-3.47074844462327,0,1,1,0,160.8,"Q3"
"7523",129,8.3635757028,51,-3.06360969595708,-3.52230625428812,-3.1328414875264,-3.33033126579352,1,0,1,0,160.8,"Q3"
"7524",129,8.47637119690002,52,-3.06360969595708,-3.52230625428812,-3.1328414875264,-3.47074844462327,0,0,1,0,150.9,"Q3"
"7525",129,9.85597656990001,53,-3.37498153953126,-3.52230625428812,-3.01148063052213,-3.47074844462327,0,0,1,1,150.9,"Q3"
"7526",129,8.30201780980003,54,-3.06360969595708,-3.57666746350701,-3.01148063052213,-3.29178259567629,0,0,1,0,150.9,"Q3"
"7527",129,8.21932609390002,55,-3.06360969595708,-3.57666746350701,-3.01148063052213,-3.29178259567629,1,0,0,0,150.9,"Q3"
"7528",129,9.07153796909997,56,-3.06360969595708,-3.57666746350701,-3.01148063052213,-3.47074844462327,0,1,1,0,147.2,"Q4"
"7529",129,10.263676316,57,-3.47074844462327,-3.24660037288306,-3.02748097186857,-3.47074844462327,0,0,1,1,147.2,"Q4"
"7530",129,9.03408040660004,58,-3.20848735981182,-3.94377170374273,-3.06360969595708,-3.47074844462327,1,1,0,0,147.2,"Q4"
"7531",129,8.42156296040003,59,-3.06360969595708,-3.69514906712753,-3.06360969595708,-3.47074844462327,0,0,1,0,147.2,"Q4"
"7532",129,10.061516417,60,-3.47074844462327,-3.69514906712753,-3.06360969595708,-3.47074844462327,1,0,1,1,120.9,"Q4"
"7533",129,8.31776616669999,61,-3.06360969595708,-3.90424086498609,-3.06360969595708,-3.47074844462327,0,1,1,0,120.9,"Q4"
"7534",129,10.395252674,62,-3.47074844462327,-4.16893341921317,-3.06360969595708,-3.22278972418934,0,0,1,1,120.9,"Q4"
"7535",129,9.79009486520004,63,-3.47074844462327,-3.69514906712753,-3.06360969595708,-3.33033126579352,1,0,0,0,120.9,"Q4"
"7536",129,8.82232217749998,64,-3.06360969595708,-3.24660037288306,-3.06360969595708,-3.47074844462327,1,0,1,0,120.9,"Q4"
"7537",129,10.256957366,65,-3.47074844462327,-3.37498153953126,-3.16934188974592,-3.47074844462327,0,0,1,1,117.8,"Q4"
"7538",129,9.41115651140004,67,-3.47074844462327,-3.37498153953126,-3.28758971741625,-3.47074844462327,0,0,1,0,117.8,"Q4"
"7539",129,8.91247327449998,69,-3.47074844462327,-3.37498153953126,-3.28758971741625,-3.63415455442469,0,1,1,0,114.4,"Q1"
"7540",129,9.16951837750003,71,-3.2587217334154,-3.37498153953126,-3.20722520764823,-3.63415455442469,0,0,1,0,114.4,"Q1"
"7541",129,10.3200904050001,72,-3.47074844462327,-3.37498153953126,-3.01148063052213,-3.63415455442469,0,0,1,1,114.4,"Q1"
"7542",129,8.5026885052,73,-3.2587217334154,-3.7601069634023,-3.01148063052213,-3.47074844462327,1,0,0,0,114.4,"Q1"
"7543",129,8.5656023306,74,-3.27925633585711,-3.7601069634023,-3.24660037288306,-3.47074844462327,0,0,1,0,114.4,"Q1"
"7544",129,8.30201780980003,75,-3.27925633585711,-3.37498153953126,-3.16934188974592,-3.7601069634023,0,0,1,0,114.4,"Q1"
"7545",129,8.74385056200001,76,-3.27925633585711,-3.37498153953126,-3.06360969595708,-3.7601069634023,0,0,1,0,114.4,"Q1"
"7546",129,9.6803440012,77,-3.47074844462327,-3.47074844462327,-3.06360969595708,-3.37498153953126,1,0,1,1,114.4,"Q1"
"7547",129,8.46294817659997,78,-3.2587217334154,-4.07270538711862,-3.06360969595708,-3.37498153953126,1,0,0,0,111.7,"Q1"
"7548",129,9.07153796909997,79,-3.2587217334154,-3.37498153953126,-3.06360969595708,-3.57666746350701,0,0,1,0,111.7,"Q1"
"7549",129,11.0341151710001,80,-3.63415455442469,-3.37498153953126,-3.06360969595708,-3.37498153953126,0,0,1,1,111.7,"Q1"
"7550",129,9.6519445267,81,-3.63415455442469,-3.69514906712753,-3.7601069634023,-3.37498153953126,1,1,0,0,111.7,"Q1"
"7551",129,8.71275997499997,83,-3.42171901738295,-3.69514906712753,-3.47074844462327,-4.03666545063542,0,1,0,0,111.7,"Q2"
"7552",129,8.64751945309997,84,-3.42171901738295,-4.16893341921317,-3.06360969595708,-3.57666746350701,1,0,0,0,111.7,"Q2"
"7553",129,8.72323127479999,85,-3.42171901738295,-3.37498153953126,-3.47074844462327,-3.57666746350701,1,1,0,0,111.7,"Q2"
"7554",129,9.63952200670001,86,-3.42171901738295,-3.37498153953126,-3.47074844462327,-3.7601069634023,0,1,0,0,111,"Q2"
"7555",129,11.27446521,87,-3.82957933621707,-3.37498153953126,-3.20722520764823,-3.7601069634023,0,0,1,1,111,"Q2"
"7556",129,8.48961642359998,88,-3.34351827007548,-3.37498153953126,-3.33033126579352,-3.7601069634023,0,1,1,0,111,"Q2"
"7557",129,8.63621989780004,89,-3.34351827007548,-3.69514906712753,-3.06360969595708,-3.7601069634023,1,0,0,0,111,"Q2"
"7558",129,8.63621989780004,90,-3.34351827007548,-3.69514906712753,-3.06360969595708,-4.03666545063542,0,0,1,0,111,"Q2"
"7559",129,8.39298958799997,91,-3.34351827007548,-3.42171901738295,-3.47074844462327,-3.34351827007548,0,0,1,0,111,"Q2"
"7560",129,9.41637845540003,92,-3.63415455442469,-3.81529337896959,-3.47074844462327,-3.63415455442469,1,1,1,1,111,"Q2"
"7561",129,9.38999170020003,93,-3.4989413370972,-4.06357290355535,-3.06360969595708,-3.90424086498609,0,1,0,0,111,"Q2"
"7562",129,10.7587535830001,94,-3.63415455442469,-3.52230625428812,-3.19256733801831,-3.34351827007548,0,0,1,1,111,"Q2"
"7563",129,9.58822871229999,95,-3.59251021712688,-3.59356927430961,-3.47074844462327,-3.34351827007548,0,0,1,0,111,"Q3"
"7564",129,8.40737832540001,96,-3.34351827007548,-3.69514906712753,-3.47074844462327,-3.4050614555893,1,1,0,0,111,"Q3"
"7565",129,8.61323037960001,97,-3.34351827007548,-3.670303068541,-3.40591492579577,-3.47074844462327,0,0,1,0,111,"Q3"
"7566",129,8.3635757028,98,-3.34351827007548,-3.96003222461451,-3.21985726632435,-3.47269591076032,0,1,1,0,111,"Q3"
"7567",129,8.43554920239998,99,-3.34351827007548,-4.16893341921317,-3.37498153953126,-3.47074844462327,1,0,1,0,107.2,"Q3"
"7568",129,8.5777236912,100,-3.34351827007548,-4.04555439805267,-3.29097132417375,-3.52230625428812,0,0,0,0,107.2,"Q3"
"7569",129,8.94637482609996,101,-3.64638780400466,-3.7601069634023,-3.25062452318278,-3.37498153953126,1,0,0,0,107.2,"Q3"
"7570",129,11.063633853,102,-3.90424086498609,-3.79423996977176,-3.14728217168119,-3.4121951358717,0,0,1,1,107.2,"Q3"
"7571",129,8.61323037960001,103,-3.34351827007548,-3.82957933621707,-3.14728217168119,-3.47074844462327,0,0,1,0,107.2,"Q3"
"7572",129,8.5777236912,104,-3.39048478200375,-3.82957933621707,-3.47074844462327,-3.47074844462327,0,1,1,0,107.4,"Q3"
"7573",129,9.99369382040004,105,-3.47074844462327,-3.80120863908786,-3.14728217168119,-3.55157139657472,0,0,1,1,107.4,"Q3"
"7574",129,9.18932100480001,106,-3.4991451629811,-3.69514906712753,-3.17259560320886,-3.63415455442469,1,1,1,0,107.4,"Q3"
"7575",129,9.6803440012,107,-3.54618777283543,-3.69514906712753,-3.14728217168119,-3.62095221367679,0,0,1,0,107.4,"Q3"
"7576",129,9.14248970509999,108,-3.57666746350701,-3.72710066693413,-3.47074844462327,-3.46074836128869,0,1,0,0,116,"Q4"
"7577",129,9.04168500589999,109,-3.53077424034471,-3.7601069634023,-3.14728217168119,-3.44593327550355,1,0,0,0,116,"Q4"
"7578",129,11.676403934,110,-3.63415455442469,-3.72062815242852,-3.14728217168119,-3.40746699467575,0,0,1,1,116,"Q4"
"7579",129,8.70217786560003,111,-3.34351827007548,-3.52230625428812,-3.20722520764823,-3.47074844462327,0,1,1,0,116,"Q4"
"7580",129,10.16277015,112,-3.7601069634023,-3.56004658227097,-3.14728217168119,-3.47074844462327,0,0,0,0,116,"Q4"
"7581",129,8.52833093580003,113,-3.34351827007548,-3.63415455442469,-3.14728217168119,-3.48084954060977,1,0,0,0,127.3,"Q4"
"7582",129,9.10764297370002,114,-3.42100526183213,-3.61076167484998,-3.14728217168119,-3.47830220589458,0,0,1,0,127.3,"Q4"
"7583",129,9.44715011409995,115,-3.47074844462327,-3.52230625428812,-3.47074844462327,-3.69514906712753,0,1,1,0,127.3,"Q4"
"7584",129,8.90381521169997,116,-3.47074844462327,-3.75341797525151,-3.14728217168119,-3.7601069634023,1,0,0,0,127.3,"Q4"
"7585",129,8.6697425899,117,-3.43682651371136,-3.69514906712753,-3.14728217168119,-3.66418684152356,0,0,0,0,131.5,"Q4"
"7586",129,8.54090971799997,118,-3.34351827007548,-3.69514906712753,-3.14728217168119,-3.61547689985178,1,0,0,0,131.5,"Q4"
"7587",129,9.00307016980004,119,-3.39714235540536,-3.6826489043633,-3.1708134945532,-3.63415455442469,0,0,1,0,131.5,"Q4"
"7588",129,9.99661353050001,120,-3.47074844462327,-3.63415455442469,-3.28758971741625,-3.61822241186095,1,0,1,1,131.5,"Q4"
"7589",129,8.73359406190002,122,-3.40020421601447,-3.59926729542425,-3.33033126579352,-3.7601069634023,0,1,1,0,135.1,"Q1"
"7590",129,9.57941808260001,123,-3.24660037288306,-3.57666746350701,-3.26672197538377,-3.72064762926335,0,0,1,1,135.1,"Q1"
"7591",129,8.58969988220001,125,-3.22984568941927,-3.90424086498609,-3.06360969595708,-3.61153219867926,0,0,0,0,135.1,"Q1"
"7592",129,8.39298958799997,126,-3.26975279803472,-3.86621346939685,-3.06360969595708,-3.7601069634023,0,0,1,0,134.7,"Q1"
"7593",129,8.5777236912,127,-3.47074844462327,-4.15888308335967,-3.47074844462327,-4.16893341921317,0,1,0,0,134.7,"Q1"
"7594",129,9.01091334729999,129,-3.40976188554725,-3.75341797525151,-3.47074844462327,-3.63415455442469,0,1,1,0,134.7,"Q1"
"7595",129,8.82232217749998,130,-3.33296858080284,-3.82957933621707,-3.57666746350701,-3.65810779544718,1,0,0,0,134.7,"Q1"
"7596",129,9.09335701649998,132,-3.42830783239383,-3.69514906712753,-3.36735646852495,-3.78731952692719,0,1,0,0,134.7,"Q1"
"7597",129,8.8032739825,133,-3.29781853130666,-3.65810779544718,-3.14803149438971,-3.90424086498609,0,0,1,0,134.7,"Q1"
"7598",129,9.42674124240004,134,-3.47074844462327,-3.52230625428812,-3.24259235148552,-3.86621346939685,0,1,1,1,134.3,"Q2"
"7599",129,9.29468152039999,135,-3.40320959179975,-3.73361534795533,-3.20161961586647,-3.63415455442469,0,0,0,0,134.3,"Q2"
"7600",129,8.77400360019999,136,-3.18055696056606,-3.90424086498609,-3.07707791300794,-3.61076167484998,1,0,0,0,134.3,"Q2"
"7601",129,10.101682458,137,-3.47074844462327,-3.85139838361171,-3.20722520764823,-3.57666746350701,0,0,1,1,134.3,"Q2"
"7602",129,8.12917499690002,138,-3.18055696056606,-3.52230625428812,-3.35240721749272,-3.57666746350701,0,1,1,0,134.3,"Q2"
"7603",129,8.69148257649997,139,-3.18055696056606,-3.50655789731998,-3.09762658123533,-3.57666746350701,0,1,1,0,126.2,"Q2"
"7604",129,8.46294817659997,140,-3.18055696056606,-3.47074844462327,-3.09417234636724,-3.57666746350701,0,0,0,0,126.2,"Q2"
"7605",129,10.468801362,141,-3.47074844462327,-3.63415455442469,-3.06360969595708,-3.57666746350701,0,0,1,1,126.2,"Q2"
"7606",129,8.74385056200001,142,-3.1792503354748,-3.63415455442469,-3.09762658123533,-3.57666746350701,0,0,1,0,126.2,"Q2"
"7607",129,8.47637119690002,143,-3.16934188974592,-3.61076167484998,-3.24660037288306,-3.57666746350701,0,1,1,0,118.5,"Q2"
"7608",129,8.5026885052,144,-3.16934188974592,-3.47074844462327,-3.33616079957753,-3.57666746350701,0,0,0,0,118.5,"Q2"
"7609",129,8.54090971799997,145,-3.16934188974592,-3.47074844462327,-3.47074844462327,-3.57666746350701,0,1,1,0,118.5,"Q2"
"7610",129,8.88627090209996,146,-3.28162532592361,-3.47074844462327,-3.10138279570408,-3.57666746350701,0,1,1,0,118.5,"Q2"
"7611",129,9.85261522220004,147,-3.46792649559709,-3.53294465249318,-3.16934188974592,-3.57666746350701,0,0,1,1,115.5,"Q3"
"7612",129,9.35183993419999,148,-3.31919577388685,-3.85139838361171,-3.16137493801216,-3.57666746350701,0,0,1,1,115.5,"Q3"
"7613",129,9.12172771360001,149,-3.16934188974592,-3.51702919718728,-3.09459175789417,-3.57666746350701,0,0,0,0,115.5,"Q3"
"7614",129,10.44114983,150,-3.33033126579352,-3.63415455442469,-3.1328414875264,-3.57666746350701,0,1,1,1,115.5,"Q3"
"7615",129,8.83171191779997,151,-3.17640840480334,-3.7601069634023,-3.0786447077901,-3.58790353677393,1,0,0,0,115.5,"Q3"
"7616",129,10.77895629,153,-3.47074844462327,-3.53294465249318,-3.06360969595708,-3.57666746350701,0,0,1,1,114.5,"Q3"
"7617",129,10.459668878,154,-3.50177103597703,-3.86621346939685,-3.1328414875264,-3.57666746350701,0,1,1,1,114.5,"Q3"
"7618",129,9.50599061410004,155,-3.63415455442469,-3.87370414112601,-3.14247326372707,-3.57666746350701,0,1,1,0,114.5,"Q3"
"7619",129,9.5525106297,156,-3.58266157289902,-3.47074844462327,-3.24660037288306,-3.57666746350701,0,1,1,0,112.5,"Q3"
"7620",129,10.135233993,157,-3.47074844462327,-3.47074844462327,-3.201256569591,-3.57666746350701,0,0,1,1,112.5,"Q3"
"7621",129,9.0861367685,158,-3.36858914726083,-3.7014582363208,-3.06360969595708,-3.69514906712753,0,0,1,0,112.5,"Q3"
"7622",129,8.60153433980004,159,-3.25494427861581,-3.7601069634023,-3.1328414875264,-3.67645693411538,0,1,0,0,112.5,"Q3"
"7623",129,10.422281346,160,-3.37498153953126,-3.57109641845755,-3.09762658123533,-3.57666746350701,0,0,1,1,106.5,"Q4"
"7624",130,8.09070871610001,42,-3.00515149547048,-3.16934188974592,-2.99886216656292,-3.52230625428812,0,0,1,0,160,"Q2"
"7625",130,8.30201780980003,43,-3.00515149547048,-3.16934188974592,-2.99886216656292,-3.47074844462327,0,0,1,0,160.4,"Q3"
"7626",130,10.606188946,44,-3.20722520764823,-3.16934188974592,-2.99886216656292,-3.18432344336154,0,0,1,1,160.4,"Q3"
"7627",130,8.23642052730002,45,-3.00515149547048,-3.16934188974592,-2.99886216656292,-3.28758971741625,0,0,0,0,160.4,"Q3"
"7628",130,8.47637119690002,46,-3.00515149547048,-3.16934188974592,-3.09762658123533,-3.57666746350701,0,1,1,0,160.4,"Q3"
"7629",130,7.74240202179999,50,-3.00515149547048,-3.42171901738295,-3.1328414875264,-3.47074844462327,0,1,1,0,160.8,"Q3"
"7630",130,8.12917499690002,51,-3.00515149547048,-3.52230625428812,-3.1328414875264,-3.33033126579352,1,0,1,0,160.8,"Q3"
"7631",130,7.94307271730001,52,-3.00515149547048,-3.52230625428812,-3.1328414875264,-3.47074844462327,0,0,1,0,150.9,"Q3"
"7632",130,10.486819867,53,-3.37498153953126,-3.52230625428812,-2.99886216656292,-3.47074844462327,0,0,1,1,150.9,"Q3"
"7633",130,7.76980099600004,54,-3.00515149547048,-3.57666746350701,-2.99886216656292,-3.28758971741625,0,0,1,0,150.9,"Q3"
"7634",130,8.11012680190003,55,-3.00515149547048,-3.57666746350701,-2.99886216656292,-3.28758971741625,1,0,0,0,150.9,"Q3"
"7635",130,9.16282938930003,56,-3.00515149547048,-3.57666746350701,-2.99886216656292,-3.47074844462327,0,1,1,0,147.2,"Q4"
"7636",130,10.965712444,57,-3.47074844462327,-3.16934188974592,-3.03071199245002,-3.47074844462327,0,0,1,1,147.2,"Q4"
"7637",130,8.46294817659997,58,-3.12842383150982,-3.94377170374273,-3.06360969595708,-3.47074844462327,1,1,0,0,147.2,"Q4"
"7638",130,7.82244472949999,59,-3.00515149547048,-3.69514906712753,-3.06360969595708,-3.47074844462327,0,0,1,0,147.2,"Q4"
"7639",130,10.8245668009999,60,-3.47074844462327,-3.69514906712753,-3.06360969595708,-3.47074844462327,1,0,1,1,120.9,"Q4"
"7640",130,11.153733069,62,-3.47074844462327,-4.16893341921317,-3.06360969595708,-3.16934188974592,0,0,1,1,120.9,"Q4"
"7641",130,9.20873909060002,63,-3.47074844462327,-3.69514906712753,-3.06360969595708,-3.33033126579352,1,0,0,0,120.9,"Q4"
"7642",130,8.88627090209996,66,-3.47074844462327,-3.82957933621707,-3.16934188974592,-3.47074844462327,1,0,0,0,117.8,"Q4"
"7643",130,8.26975694750001,69,-3.47074844462327,-3.16934188974592,-3.52230625428812,-3.47074844462327,0,1,1,0,114.4,"Q1"
"7644",130,8.34853782539999,70,-3.20722520764823,-4.16893341921317,-3.20722520764823,-3.24660037288306,1,0,1,0,114.4,"Q1"
"7645",130,8.74385056200001,71,-3.20722520764823,-3.16934188974592,-3.20722520764823,-3.63415455442469,0,0,1,0,114.4,"Q1"
"7646",130,11.288180632,72,-3.47074844462327,-3.16934188974592,-2.99886216656292,-3.63415455442469,0,0,1,1,114.4,"Q1"
"7647",130,8.72323127479999,73,-3.20722520764823,-3.7601069634023,-2.99886216656292,-3.47074844462327,1,0,0,0,114.4,"Q1"
"7648",130,9.10764297370002,74,-3.24660037288306,-3.7601069634023,-3.24660037288306,-3.47074844462327,0,0,1,0,114.4,"Q1"
"7649",130,9.38999170020003,76,-3.24660037288306,-3.16934188974592,-2.99886216656292,-3.7601069634023,0,0,1,0,114.4,"Q1"
"7650",130,10.385419753,77,-3.47074844462327,-3.47074844462327,-2.99886216656292,-3.37498153953126,1,0,1,1,114.4,"Q1"
"7651",130,8.11012680190003,78,-3.20722520764823,-4.07270538711862,-2.99886216656292,-3.37498153953126,1,0,0,0,111.7,"Q1"
"7652",130,9.97301361520005,79,-3.20722520764823,-3.16934188974592,-2.99886216656292,-3.57666746350701,0,0,1,0,111.7,"Q1"
"7653",130,9.0861367685,84,-3.42171901738295,-4.16893341921317,-2.99886216656292,-3.57666746350701,1,0,0,0,111.7,"Q2"
"7654",130,9.02641753380003,85,-3.42171901738295,-3.16934188974592,-3.47074844462327,-3.57666746350701,1,1,0,0,111.7,"Q2"
"7655",130,10.114720453,86,-3.42171901738295,-3.16934188974592,-3.47074844462327,-3.7601069634023,0,1,0,0,111,"Q2"
"7656",130,8.47637119690002,89,-3.28758971741625,-3.69514906712753,-2.99886216656292,-3.7601069634023,1,0,0,0,111,"Q2"
"7657",130,8.79361207160002,90,-3.28758971741625,-3.69514906712753,-2.99886216656292,-4.03666545063542,0,0,1,0,111,"Q2"
"7658",130,8.25322764560004,91,-3.28758971741625,-3.16934188974592,-3.47074844462327,-3.28758971741625,0,0,1,0,111,"Q2"
"7659",130,10.247927959,92,-3.57666746350701,-3.7601069634023,-3.47074844462327,-3.57666746350701,1,1,1,1,111,"Q2"
"7660",130,9.19583568579999,95,-3.63415455442469,-3.47074844462327,-3.47074844462327,-3.28758971741625,0,0,1,0,111,"Q3"
"7661",130,8.12917499690002,96,-3.28758971741625,-3.69514906712753,-3.47074844462327,-3.28758971741625,1,1,0,0,111,"Q3"
"7662",130,8.5777236912,97,-3.28758971741625,-3.69514906712753,-3.47074844462327,-3.47074844462327,0,0,1,0,111,"Q3"
"7663",130,8.14786712990004,99,-3.28758971741625,-4.16893341921317,-3.37498153953126,-3.47074844462327,1,0,1,0,107.2,"Q3"
"7664",130,7.92008319910002,100,-3.28758971741625,-4.16893341921317,-3.37498153953126,-3.52230625428812,0,0,0,0,107.2,"Q3"
"7665",130,9.26482855730004,104,-3.28758971741625,-3.82957933621707,-3.47074844462327,-3.47074844462327,0,1,1,0,107.4,"Q3"
"7666",130,10.379473253,105,-3.47074844462327,-3.82957933621707,-3.10457105358814,-3.47074844462327,0,0,1,1,107.4,"Q3"
"7667",130,9.73483218649999,107,-3.5594478692277,-3.7014582363208,-3.10457105358814,-3.61795400539127,0,0,1,0,107.4,"Q3"
"7668",130,10.7269609950001,109,-3.8197059870291,-3.7601069634023,-3.10457105358814,-3.44104329020936,1,0,0,0,116,"Q4"
"7669",130,8.79361207160002,111,-3.29327765557873,-3.47074844462327,-3.20722520764823,-3.47074844462327,0,1,1,0,116,"Q4"
"7670",130,9.57498348560002,113,-3.51847195198395,-3.63415455442469,-3.10457105358814,-3.48084954060977,1,0,0,0,127.3,"Q4"
"7671",130,10.187161604,115,-3.47074844462327,-3.47074844462327,-3.47074844462327,-3.6826489043633,0,1,1,0,127.3,"Q4"
"7672",130,9.6803440012,116,-3.47074844462327,-3.75341797525151,-3.32108933919991,-3.90424086498609,1,0,0,0,127.3,"Q4"
"7673",130,9.07153796909997,117,-3.43732928562194,-3.69514906712753,-3.10457105358814,-3.80120863908786,0,0,0,0,131.5,"Q4"
"7674",130,8.42156296040003,118,-3.28758971741625,-3.69514906712753,-3.10457105358814,-3.54096683976556,1,0,0,0,131.5,"Q4"
"7675",130,8.30201780980003,119,-3.38380997454589,-3.6826489043633,-3.37445932485885,-3.63415455442469,0,0,1,0,131.5,"Q4"
"7676",130,10.426083632,120,-3.47074844462327,-3.6400892899445,-3.41835808180326,-3.60706861819314,1,0,1,1,131.5,"Q4"
"7677",130,9.14248970509999,122,-3.40942517934777,-3.58226971905568,-3.39772291262637,-3.7601069634023,0,1,1,0,135.1,"Q1"
"7678",130,11.237224663,123,-3.99008590879156,-3.56555623808194,-3.27063577285845,-3.71718792043133,0,0,1,1,135.1,"Q1"
"7679",130,8.9871968207,124,-3.76794576561739,-3.78044664763943,-2.99886216656292,-3.47074844462327,0,0,1,1,135.1,"Q1"
"7680",130,8.77400360019999,125,-3.22986427991087,-3.90424086498609,-2.99886216656292,-3.64363008832183,0,0,0,0,135.1,"Q1"
"7681",130,8.31776616669999,126,-3.36934712525477,-3.84407234351964,-2.99886216656292,-3.7601069634023,0,0,1,0,134.7,"Q1"
"7682",130,9.14931567009999,130,-3.31421360305336,-3.82957933621707,-3.57666746350701,-3.670303068541,1,0,0,0,134.7,"Q1"
"7683",130,10.585371541,131,-3.47468992507715,-3.74677343253284,-3.57666746350701,-3.70780746399946,0,0,1,1,134.7,"Q1"
"7684",130,9.40063009839998,132,-3.42046336049988,-3.69514906712753,-3.44657197040611,-3.6826489043633,0,1,0,0,134.7,"Q1"
"7685",130,9.09335701649998,133,-3.37745148340588,-3.6400892899445,-3.1601290333072,-3.84407234351964,0,0,1,0,134.7,"Q1"
"7686",130,10.351245573,134,-3.47074844462327,-3.47578623865323,-3.24259235148552,-3.61076167484998,0,1,1,1,134.3,"Q2"
"7687",130,8.5777236912,136,-3.1328414875264,-3.90424086498609,-3.04374149274035,-3.47074844462327,1,0,0,0,134.3,"Q2"
"7688",130,9.73483218649999,137,-3.42171901738295,-3.78731952692719,-3.19671867506828,-3.43994705305303,0,0,1,1,134.3,"Q2"
"7689",130,8.42156296040003,138,-3.1328414875264,-3.47074844462327,-3.28758971741625,-3.33231478625539,0,1,1,0,134.3,"Q2"
"7690",130,8.33327035329998,139,-3.1328414875264,-3.46074836128869,-3.09762658123533,-3.47074844462327,0,1,1,0,126.2,"Q2"
"7691",130,8.58969988220001,140,-3.1328414875264,-3.43133447608239,-3.09762658123533,-3.47074844462327,0,0,0,0,126.2,"Q2"
"7692",130,10.283566474,141,-3.42171901738295,-3.63415455442469,-3.06360969595708,-3.28758971741625,0,0,1,1,126.2,"Q2"
"7693",130,8.00903068509998,142,-3.11722721857991,-3.63415455442469,-3.09762658123533,-3.47074844462327,0,0,1,0,126.2,"Q2"
"7694",130,8.0300840943,143,-3.09762658123533,-3.61655879253431,-3.24660037288306,-3.29599312821263,0,1,1,0,118.5,"Q2"
"7695",130,8.48961642359998,144,-3.09762658123533,-3.42171901738295,-3.37768604894723,-3.36137588747548,0,0,0,0,118.5,"Q2"
"7696",130,8.0300840943,145,-3.09762658123533,-3.45578557194656,-3.47074844462327,-3.36137588747548,0,1,1,0,118.5,"Q2"
"7697",130,8.37839078850004,146,-3.23834332802475,-3.47074844462327,-3.11443105187473,-3.47074844462327,0,1,1,0,118.5,"Q2"
"7698",130,10.672113194,147,-3.48530380430216,-3.67645693411538,-3.16934188974592,-3.43835170407212,0,0,1,1,115.5,"Q3"
"7699",130,8.33327035329998,151,-3.10857797567615,-3.7601069634023,-3.08047350200908,-3.40746699467575,1,0,0,0,115.5,"Q3"
"7700",130,11.560114348,153,-3.47074844462327,-3.50136308044288,-3.06360969595708,-3.40744137387189,0,0,1,1,114.5,"Q3"
"7701",130,11.210738706,154,-3.53075806001704,-3.87370414112601,-3.1328414875264,-3.47074844462327,0,1,1,1,114.5,"Q3"
"7702",130,10.991914816,157,-3.47074844462327,-3.49619511028444,-3.18202586444123,-3.7601069634023,0,0,1,1,112.5,"Q3"
"7703",130,8.5777236912,158,-3.12564061906149,-3.63415455442469,-3.13643215565713,-3.69514906712753,0,0,1,0,112.5,"Q3"
"7704",130,8.58969988220001,159,-3.22492453398097,-3.7601069634023,-3.13643215565713,-3.69514906712753,0,1,0,0,112.5,"Q3"
"7705",130,11.355569654,160,-3.37498153953126,-3.59926729542425,-3.13643215565713,-3.3841559158073,0,0,1,1,106.5,"Q4"
"7706",131,8.68067166040002,42,-3.06360969595708,-3.24660037288306,-3.01148063052213,-3.52230625428812,0,0,1,0,160,"Q2"
"7707",131,8.8032739825,43,-3.06360969595708,-3.24660037288306,-3.01148063052213,-3.47074844462327,0,0,1,0,160.4,"Q3"
"7708",131,10.389364531,44,-3.20722520764823,-3.24660037288306,-3.01148063052213,-3.25062452318278,0,0,1,1,160.4,"Q3"
"7709",131,8.68067166040002,45,-3.06360969595708,-3.24660037288306,-3.01148063052213,-3.28758971741625,0,0,0,0,160.4,"Q3"
"7710",131,9.28284706280001,46,-3.06360969595708,-3.24660037288306,-3.09762658123533,-3.57666746350701,0,1,1,0,160.4,"Q3"
"7711",131,10.132692695,47,-3.28758971741625,-3.42171901738295,-3.09762658123533,-3.25062452318278,1,0,1,1,160.8,"Q3"
"7712",131,8.43554920239998,48,-3.06360969595708,-3.42171901738295,-3.01148063052213,-3.28758971741625,0,0,1,0,160.8,"Q3"
"7713",131,8.71275997499997,50,-3.06360969595708,-3.42171901738295,-3.1328414875264,-3.47074844462327,0,1,1,0,160.8,"Q3"
"7714",131,8.84101431049997,52,-3.06360969595708,-3.52230625428812,-3.1328414875264,-3.47074844462327,0,0,1,0,150.9,"Q3"
"7715",131,10.254707646,53,-3.37498153953126,-3.52230625428812,-3.01148063052213,-3.47074844462327,0,0,1,1,150.9,"Q3"
"7716",131,8.52833093580003,54,-3.06360969595708,-3.57666746350701,-3.01148063052213,-3.29178259567629,0,0,1,0,150.9,"Q3"
"7717",131,8.84101431049997,55,-3.06360969595708,-3.57666746350701,-3.01148063052213,-3.29178259567629,1,0,0,0,150.9,"Q3"
"7718",131,9.50599061410004,56,-3.06360969595708,-3.57666746350701,-3.01148063052213,-3.47074844462327,0,1,1,0,147.2,"Q4"
"7719",131,10.570701351,57,-3.47074844462327,-3.24660037288306,-3.02748097186857,-3.47074844462327,0,0,1,1,147.2,"Q4"
"7720",131,9.16951837750003,58,-3.25490411921733,-3.94377170374273,-3.06360969595708,-3.47074844462327,1,1,0,0,147.2,"Q4"
"7721",131,8.90381521169997,59,-3.06360969595708,-3.69514906712753,-3.06360969595708,-3.47074844462327,0,0,1,0,147.2,"Q4"
"7722",131,11.070630384,60,-3.62267320565697,-3.69514906712753,-3.06360969595708,-3.47074844462327,1,0,1,1,120.9,"Q4"
"7723",131,8.54090971799997,61,-3.06360969595708,-3.90424086498609,-3.06360969595708,-3.47074844462327,0,1,1,0,120.9,"Q4"
"7724",131,10.215667097,62,-3.47074844462327,-4.16893341921317,-3.06360969595708,-3.2188758248682,0,0,1,1,120.9,"Q4"
"7725",131,9.31793838260002,63,-3.47074844462327,-3.69514906712753,-3.06360969595708,-3.33033126579352,1,0,0,0,120.9,"Q4"
"7726",131,9.25263328419997,64,-3.06360969595708,-3.24660037288306,-3.06360969595708,-3.47074844462327,1,0,1,0,120.9,"Q4"
"7727",131,9.41637845540003,66,-3.47074844462327,-3.82957933621707,-3.16934188974592,-3.47074844462327,1,0,0,0,117.8,"Q4"
"7728",131,9.32936707840001,69,-3.47074844462327,-3.37498153953126,-3.52230625428812,-3.47074844462327,0,1,1,0,114.4,"Q1"
"7729",131,8.62479120200004,70,-3.15929270051613,-4.16893341921317,-3.20722520764823,-3.30022146432215,1,0,1,0,114.4,"Q1"
"7730",131,8.76405326930003,71,-3.16665756239556,-3.37498153953126,-3.20722520764823,-3.63415455442469,0,0,1,0,114.4,"Q1"
"7731",131,10.669141424,72,-3.47074844462327,-3.37498153953126,-3.01148063052213,-3.63415455442469,0,0,1,1,114.4,"Q1"
"7732",131,8.64751945309997,73,-3.2587217334154,-3.7601069634023,-3.01148063052213,-3.47074844462327,1,0,0,0,114.4,"Q1"
"7733",131,8.9710674387,74,-3.27925633585711,-3.7601069634023,-3.24660037288306,-3.47074844462327,0,0,1,0,114.4,"Q1"
"7734",131,8.62479120200004,75,-3.27925633585711,-3.37498153953126,-3.16934188974592,-3.7601069634023,0,0,1,0,114.4,"Q1"
"7735",131,9.4818930625,76,-3.27925633585711,-3.37498153953126,-3.01148063052213,-3.7601069634023,0,0,1,0,114.4,"Q1"
"7736",131,10.15034763,77,-3.47074844462327,-3.47074844462327,-3.01148063052213,-3.37498153953126,1,0,1,1,114.4,"Q1"
"7737",131,8.34853782539999,78,-3.2587217334154,-4.07270538711862,-3.01148063052213,-3.37498153953126,1,0,0,0,111.7,"Q1"
"7738",131,9.45218790810001,79,-3.2587217334154,-3.37498153953126,-3.01148063052213,-3.57666746350701,0,0,1,0,111.7,"Q1"
"7739",131,11.304867551,80,-3.42764439003022,-3.37498153953126,-3.01148063052213,-3.37498153953126,0,0,1,1,111.7,"Q1"
"7740",131,9.03408040660004,83,-3.42171901738295,-3.69514906712753,-3.47074844462327,-4.03666545063542,0,1,0,0,111.7,"Q2"
"7741",131,8.89508153180002,84,-3.42171901738295,-4.16893341921317,-3.01148063052213,-3.57666746350701,1,0,0,0,111.7,"Q2"
"7742",131,9.20230820029997,85,-3.42171901738295,-3.37498153953126,-3.47074844462327,-3.57666746350701,1,1,0,0,111.7,"Q2"
"7743",131,10.008207863,86,-3.42171901738295,-3.37498153953126,-3.47074844462327,-3.7601069634023,0,1,0,0,111,"Q2"
"7744",131,9.3406666337,88,-3.34351827007548,-3.37498153953126,-3.33033126579352,-3.7601069634023,0,1,1,0,111,"Q2"
"7745",131,8.92105701820002,89,-3.34351827007548,-3.69514906712753,-3.01148063052213,-3.7601069634023,1,0,0,0,111,"Q2"
"7746",131,9.14931567009999,91,-3.34351827007548,-3.42171901738295,-3.47074844462327,-3.34351827007548,0,0,1,0,111,"Q2"
"7747",131,9.61420419870001,93,-3.51563526894629,-4.0104630782414,-3.06360969595708,-3.90424086498609,0,1,0,0,111,"Q2"
"7748",131,9.30637756020002,95,-3.6018711304623,-3.84407234351964,-3.47074844462327,-3.4375027571051,0,0,1,0,111,"Q3"
"7749",131,8.51559191000002,96,-3.34351827007548,-3.69514906712753,-3.47074844462327,-3.60954491343916,1,1,0,0,111,"Q3"
"7750",131,8.44934252449998,97,-3.34351827007548,-3.670303068541,-3.39425108215876,-3.47074844462327,0,0,1,0,111,"Q3"
"7751",131,8.31776616669999,98,-3.34351827007548,-3.63415455442469,-3.16801608707773,-3.47074844462327,0,1,1,0,111,"Q3"
"7752",131,8.16621626860002,99,-3.34351827007548,-4.16893341921317,-3.37498153953126,-3.47074844462327,1,0,1,0,107.2,"Q3"
"7753",131,8.25322764560004,100,-3.34351827007548,-4.0104630782414,-3.28758971741625,-3.52230625428812,0,0,0,0,107.2,"Q3"
"7754",131,9.14931567009999,101,-3.66984337936763,-3.7601069634023,-3.26022700365259,-3.37498153953126,1,0,0,0,107.2,"Q3"
"7755",131,11.202915981,102,-3.90424086498609,-3.79423996977176,-3.14728217168119,-3.40636892607569,0,0,1,1,107.2,"Q3"
"7756",131,8.52833093580003,103,-3.34351827007548,-3.82957933621707,-3.14728217168119,-3.47074844462327,0,0,1,0,107.2,"Q3"
"7757",131,8.62479120200004,104,-3.38532156302073,-3.82957933621707,-3.47074844462327,-4.02785482095327,0,1,1,0,107.4,"Q3"
"7758",131,9.25263328419997,107,-3.5445122643614,-3.69514906712753,-3.14728217168119,-3.70780746399946,0,0,1,0,107.4,"Q3"
"7759",131,9.07153796909997,108,-3.57666746350701,-3.72710066693413,-3.47074844462327,-3.46074836128869,0,1,0,0,116,"Q4"
"7760",131,9.22778728560003,109,-3.5080421849968,-3.7601069634023,-3.14728217168119,-3.43617710055818,1,0,0,0,116,"Q4"
"7761",131,8.71275997499997,111,-3.34351827007548,-3.63415455442469,-3.20722520764823,-3.47074844462327,0,1,1,0,116,"Q4"
"7762",131,8.7540029335,114,-3.40797064148452,-3.61076167484998,-3.25621807603645,-3.47762112344943,0,0,1,0,127.3,"Q4"
"7763",131,9.28284706280001,115,-3.47074844462327,-3.52230625428812,-3.47074844462327,-3.82241084673846,0,1,1,0,127.3,"Q4"
"7764",131,8.95467362900003,116,-3.47074844462327,-3.75341797525151,-3.18115169257206,-3.90424086498609,1,0,0,0,127.3,"Q4"
"7765",131,8.69148257649997,117,-3.44566359265555,-3.69514906712753,-3.14728217168119,-3.71419726209823,0,0,0,0,131.5,"Q4"
"7766",131,8.39298958799997,118,-3.34351827007548,-3.69514906712753,-3.14728217168119,-3.55456711650634,1,0,0,0,131.5,"Q4"
"7767",131,8.84101431049997,119,-3.39327463566366,-3.6826489043633,-3.14728217168119,-3.63415455442469,0,0,1,0,131.5,"Q4"
"7768",131,10.3913311,120,-3.47074844462327,-3.63415455442469,-3.28758971741625,-3.6098091575404,1,0,1,1,131.5,"Q4"
"7769",131,9.60130079389996,121,-3.47074844462327,-3.63415455442469,-3.3044677552036,-3.67608453531627,0,0,0,0,135.1,"Q1"
"7770",131,8.85023096560004,122,-3.40933460928083,-3.58790353677393,-3.33033126579352,-3.7601069634023,0,1,1,0,135.1,"Q1"
"7771",131,9.5525106297,123,-3.24660037288306,-3.59926729542425,-3.29352360884796,-3.70780746399946,0,0,1,1,135.1,"Q1"
"7772",131,8.93800657649997,125,-3.22859850985965,-3.90424086498609,-3.06360969595708,-3.61269830219755,0,0,0,0,135.1,"Q1"
"7773",131,8.33327035329998,126,-3.32285285631513,-3.85877849090933,-3.06360969595708,-3.7601069634023,0,0,1,0,134.7,"Q1"
"7774",131,8.31776616669999,127,-3.47074844462327,-3.71419726209823,-3.47074844462327,-4.16893341921317,0,1,0,0,134.7,"Q1"
"7775",131,11.740602723,128,-3.47074844462327,-3.63415455442469,-3.06760570630534,-3.57666746350701,0,0,1,1,134.7,"Q1"
"7776",131,8.96290412809996,129,-3.41064548980027,-3.72062815242852,-3.47074844462327,-3.60499797013323,0,1,1,0,134.7,"Q1"
"7777",131,8.81284343350004,130,-3.34013834315949,-3.82957933621707,-3.57666746350701,-3.66418684152356,1,0,0,0,134.7,"Q1"
"7778",131,10.241101994,131,-3.47074844462327,-3.78731952692719,-3.57666746350701,-3.69514906712753,0,0,1,1,134.7,"Q1"
"7779",131,9.5838331008,132,-3.43588950230687,-3.69514906712753,-3.56167346977023,-3.76684099558365,0,1,0,0,134.7,"Q1"
"7780",131,8.51559191000002,133,-3.33159581906523,-3.6223897128451,-3.13298245344729,-4.16893341921317,0,0,1,0,134.7,"Q1"
"7781",131,9.47208906240003,134,-3.47074844462327,-3.52230625428812,-3.24259235148552,-4.08192204222354,0,1,1,1,134.3,"Q2"
"7782",131,9.56156046519999,135,-3.40017014345203,-3.78731952692719,-3.19101464967359,-3.63415455442469,0,0,0,0,134.3,"Q2"
"7783",131,8.76405326930003,136,-3.18055696056606,-3.90424086498609,-3.07707791300794,-3.6282548322975,1,0,0,0,134.3,"Q2"
"7784",131,10.307351379,137,-3.47074844462327,-3.84407234351964,-3.17878992599989,-3.57666746350701,0,0,1,1,134.3,"Q2"
"7785",131,8.25322764560004,138,-3.18055696056606,-3.52230625428812,-3.35240721749272,-3.57666746350701,0,1,1,0,134.3,"Q2"
"7786",131,8.7540029335,139,-3.18055696056606,-3.51177984130113,-3.09762658123533,-3.57666746350701,0,1,1,0,126.2,"Q2"
"7787",131,8.77400360019999,140,-3.18055696056606,-3.47074844462327,-3.09234012797393,-3.57666746350701,0,0,0,0,126.2,"Q2"
"7788",131,10.435526573,141,-3.47074844462327,-3.63415455442469,-3.06360969595708,-3.57666746350701,0,0,1,1,126.2,"Q2"
"7789",131,8.37839078850004,142,-3.17828946050655,-3.63415455442469,-3.09762658123533,-3.57666746350701,0,0,1,0,126.2,"Q2"
"7790",131,7.9875244798,143,-3.16934188974592,-3.61076167484998,-3.24660037288306,-3.57666746350701,0,1,1,0,118.5,"Q2"
"7791",131,8.3635757028,144,-3.16934188974592,-3.47074844462327,-3.36056995070816,-3.57666746350701,0,0,0,0,118.5,"Q2"
"7792",131,8.40737832540001,145,-3.16934188974592,-3.47074844462327,-3.47074844462327,-3.57666746350701,0,1,1,0,118.5,"Q2"
"7793",131,8.47637119690002,146,-3.25935229835856,-3.47074844462327,-3.11188714364158,-3.57666746350701,0,1,1,0,118.5,"Q2"
"7794",131,10.224991173,147,-3.46719911357068,-3.57666746350701,-3.16934188974592,-3.57666746350701,0,0,1,1,115.5,"Q3"
"7795",131,8.9871968207,148,-3.3803168414053,-3.89651881889218,-3.15954633549148,-3.57666746350701,0,0,1,1,115.5,"Q3"
"7796",131,8.7540029335,149,-3.16934188974592,-3.58226971905568,-3.09417234636724,-3.57666746350701,0,0,0,0,115.5,"Q3"
"7797",131,10.782948311,150,-3.33033126579352,-3.6400892899445,-3.1328414875264,-3.57666746350701,0,1,1,1,115.5,"Q3"
"7798",131,8.55333223800003,151,-3.17347821605533,-3.7601069634023,-3.08047350200908,-3.59926729542425,1,0,0,0,115.5,"Q3"
"7799",131,10.570701351,153,-3.47074844462327,-3.52761130651781,-3.06360969595708,-3.57666746350701,0,0,1,1,114.5,"Q3"
"7800",131,10.381459351,154,-3.49461570006533,-3.85877849090933,-3.1328414875264,-3.57666746350701,0,1,1,1,114.5,"Q3"
"7801",131,9.85597656990001,155,-3.63415455442469,-3.86621346939685,-3.1460115761751,-3.61076167484998,0,1,1,0,114.5,"Q3"
"7802",131,9.5838331008,156,-3.59638717541171,-3.50655789731998,-3.24660037288306,-3.61076167484998,0,1,1,0,112.5,"Q3"
"7803",131,8.46294817659997,158,-3.19699947422334,-3.68887945411394,-3.13643215565713,-3.69514906712753,0,0,1,0,112.5,"Q3"
"7804",131,8.58969988220001,159,-3.28153507826939,-3.7601069634023,-3.13643215565713,-3.670303068541,0,1,0,0,112.5,"Q3"
"7805",131,10.640460213,160,-3.37498153953126,-3.59926729542425,-3.13643215565713,-3.57666746350701,0,0,1,1,106.5,"Q4"
"7806",132,8.30201780980003,40,-3.19570876558667,-3.69514906712753,-3.16934188974592,-3.7601069634023,1,1,1,0,160,"Q2"
"7807",132,8.5656023306,42,-3.19570876558667,-3.33033126579352,-3.01148063052213,-3.52230625428812,0,0,1,0,160,"Q2"
"7808",132,8.6697425899,43,-3.19570876558667,-3.33033126579352,-3.01148063052213,-3.47074844462327,0,0,1,0,160.4,"Q3"
"7809",132,10.623471387,44,-3.20722520764823,-3.33033126579352,-3.02175972814968,-3.37498153953126,0,0,1,1,160.4,"Q3"
"7810",132,8.51559191000002,45,-3.19570876558667,-3.33033126579352,-3.01939629082995,-3.37498153953126,0,0,0,0,160.4,"Q3"
"7811",132,9.12172771360001,46,-3.19570876558667,-3.33033126579352,-3.09762658123533,-3.57666746350701,0,1,1,0,160.4,"Q3"
"7812",132,9.93962659920004,47,-3.28758971741625,-3.42171901738295,-3.09762658123533,-3.37498153953126,1,0,1,1,160.8,"Q3"
"7813",132,8.33327035329998,48,-3.19570876558667,-3.42171901738295,-3.02069790356023,-3.37498153953126,0,0,1,0,160.8,"Q3"
"7814",132,8.18423477410002,50,-3.19570876558667,-3.42171901738295,-3.1328414875264,-3.47074844462327,0,1,1,0,160.8,"Q3"
"7815",132,8.62479120200004,52,-3.19570876558667,-3.52230625428812,-3.1328414875264,-3.47074844462327,0,0,1,0,150.9,"Q3"
"7816",132,10.470617893,53,-3.37498153953126,-3.52230625428812,-3.018676508897,-3.47074844462327,0,0,1,1,150.9,"Q3"
"7817",132,8.74385056200001,54,-3.19570876558667,-3.57666746350701,-3.02318356399947,-3.42171901738295,0,0,1,0,150.9,"Q3"
"7818",132,8.46294817659997,55,-3.19570876558667,-3.57666746350701,-3.023024075763,-3.42171901738295,1,0,0,0,150.9,"Q3"
"7819",132,9.37923890839995,56,-3.19570876558667,-3.57666746350701,-3.02021894190233,-3.47074844462327,0,1,1,0,147.2,"Q4"
"7820",132,10.837225198,57,-3.47074844462327,-3.33033126579352,-3.04702556794154,-3.47074844462327,0,0,1,1,147.2,"Q4"
"7821",132,8.74385056200001,58,-3.28449227342751,-4.02785482095327,-3.06360969595708,-3.47074844462327,1,1,0,0,147.2,"Q4"
"7822",132,8.37839078850004,59,-3.19570876558667,-3.69514906712753,-3.06360969595708,-3.47074844462327,0,0,1,0,147.2,"Q4"
"7823",132,10.367473109,60,-3.47074844462327,-3.69514906712753,-3.06360969595708,-3.47074844462327,1,0,1,1,120.9,"Q4"
"7824",132,8.54090971799997,61,-3.19570876558667,-3.90424086498609,-3.06360969595708,-3.47074844462327,0,1,1,0,120.9,"Q4"
"7825",132,11.167388265,62,-3.47074844462327,-4.16893341921317,-3.06360969595708,-3.37498153953126,0,0,1,1,120.9,"Q4"
"7826",132,9.51546935800002,63,-3.47074844462327,-3.69514906712753,-3.06360969595708,-3.3841559158073,1,0,0,0,120.9,"Q4"
"7827",132,9.58822871229999,64,-3.19570876558667,-3.33033126579352,-3.06360969595708,-3.47074844462327,1,0,1,0,120.9,"Q4"
"7828",132,10.6511229180001,65,-3.47074844462327,-3.52230625428812,-3.16934188974592,-3.47074844462327,0,0,1,1,117.8,"Q4"
"7829",132,9.07153796909997,68,-3.47074844462327,-3.52230625428812,-3.28758971741625,-3.63415455442469,0,0,1,0,117.8,"Q4"
"7830",132,9.47700307720005,69,-3.47074844462327,-3.52230625428812,-3.52230625428812,-3.47074844462327,0,1,1,0,114.4,"Q1"
"7831",132,8.68067166040002,70,-3.3841559158073,-4.16893341921317,-3.20722520764823,-3.3841559158073,1,0,1,0,114.4,"Q1"
"7832",132,9.114710141,71,-3.3841559158073,-3.52230625428812,-3.20722520764823,-3.63415455442469,0,0,1,0,114.4,"Q1"
"7833",132,10.853445142,72,-3.47074844462327,-3.52230625428812,-3.06360969595708,-3.63415455442469,0,0,1,1,114.4,"Q1"
"7834",132,8.77400360019999,73,-3.3841559158073,-3.7601069634023,-3.06360969595708,-3.47074844462327,1,0,0,0,114.4,"Q1"
"7835",132,8.97916464900004,74,-3.40746699467575,-3.7601069634023,-3.24660037288306,-3.47074844462327,0,0,1,0,114.4,"Q1"
"7836",132,8.79361207160002,75,-3.40746699467575,-3.52230625428812,-3.16934188974592,-3.7601069634023,0,0,1,0,114.4,"Q1"
"7837",132,9.14248970509999,76,-3.40746699467575,-3.52230625428812,-3.06360969595708,-3.7601069634023,0,0,1,0,114.4,"Q1"
"7838",132,9.92093446609996,77,-3.47074844462327,-3.52230625428812,-3.06360969595708,-3.3841559158073,1,0,1,1,114.4,"Q1"
"7839",132,8.5777236912,78,-3.3841559158073,-4.22075848707776,-3.06360969595708,-3.3841559158073,1,0,0,0,111.7,"Q1"
"7840",132,9.88246818529995,79,-3.3841559158073,-3.52230625428812,-3.06360969595708,-3.57666746350701,0,0,1,0,111.7,"Q1"
"7841",132,11.35706666,80,-3.63415455442469,-3.52230625428812,-3.06360969595708,-3.47074844462327,0,0,1,1,111.7,"Q1"
"7842",132,9.97599424330003,81,-3.63415455442469,-3.69514906712753,-3.7601069634023,-3.47074844462327,1,1,0,0,111.7,"Q1"
"7843",132,8.87738195470003,83,-3.47074844462327,-3.69514906712753,-3.47074844462327,-4.16893341921317,0,1,0,0,111.7,"Q2"
"7844",132,9.12172771360001,84,-3.47074844462327,-4.16893341921317,-3.06360969595708,-3.57666746350701,1,0,0,0,111.7,"Q2"
"7845",132,8.89508153180002,85,-3.47074844462327,-3.52230625428812,-3.47074844462327,-3.57666746350701,1,1,0,0,111.7,"Q2"
"7846",132,9.82876400630004,86,-3.47074844462327,-3.52230625428812,-3.47074844462327,-3.7601069634023,0,1,0,0,111,"Q2"
"7847",132,11.702685951,87,-3.82957933621707,-3.52230625428812,-3.20722520764823,-3.7601069634023,0,0,1,1,111,"Q2"
"7848",132,9.20230820029997,88,-3.47074844462327,-3.52230625428812,-3.33033126579352,-3.7601069634023,0,1,1,0,111,"Q2"
"7849",132,8.96290412809996,89,-3.47074844462327,-3.69514906712753,-3.06360969595708,-3.7601069634023,1,0,0,0,111,"Q2"
"7850",132,9.0861367685,90,-3.47074844462327,-3.69514906712753,-3.06360969595708,-4.16893341921317,0,0,1,0,111,"Q2"
"7851",132,9.03408040660004,91,-3.47074844462327,-3.63415455442469,-3.47074844462327,-3.47074844462327,0,0,1,0,111,"Q2"
"7852",132,10.895850041,92,-3.7601069634023,-3.92777136239629,-3.47074844462327,-3.7601069634023,1,1,1,1,111,"Q2"
"7853",132,9.79009486520004,93,-3.55735449753665,-4.11966237020639,-3.06360969595708,-3.90424086498609,0,1,0,0,111,"Q2"
"7854",132,8.85936344920003,100,-3.47074844462327,-3.98492977623623,-3.28758971741625,-3.52230625428812,0,0,0,0,107.2,"Q3"
"7855",132,9.73861290929997,101,-3.75148741544855,-3.7601069634023,-3.24961030219494,-3.47074844462327,1,0,0,0,107.2,"Q3"
"7856",132,11.267945219,102,-3.90424086498609,-3.79423996977176,-3.14728217168119,-3.47074844462327,0,0,1,1,107.2,"Q3"
"7857",132,8.92956770779998,103,-3.47941743762494,-3.82957933621707,-3.14728217168119,-3.47074844462327,0,0,1,0,107.2,"Q3"
"7858",132,9.04923221160001,104,-3.47074844462327,-3.82957933621707,-3.47074844462327,-3.47074844462327,0,1,1,0,107.4,"Q3"
"7859",132,10.416550671,105,-3.47074844462327,-3.80120863908786,-3.14728217168119,-3.5326615216694,0,0,1,1,107.4,"Q3"
"7860",132,9.04923221160001,106,-3.48894498268911,-3.69514906712753,-3.18957212555099,-3.63415455442469,1,1,1,0,107.4,"Q3"
"7861",132,9.44715011409995,107,-3.54202639325322,-3.69514906712753,-3.14728217168119,-3.62349448006873,0,0,1,0,107.4,"Q3"
"7862",132,9.60992153690002,108,-3.57666746350701,-3.72062815242852,-3.47074844462327,-3.51702919718728,0,1,0,0,116,"Q4"
"7863",132,9.44715011409995,109,-3.54279012152475,-3.7601069634023,-3.14728217168119,-3.51177984130113,1,0,0,0,116,"Q4"
"7864",132,9.52017524910003,111,-3.47074844462327,-3.63415455442469,-3.20722520764823,-3.52230625428812,0,1,1,0,116,"Q4"
"7865",132,9.17616292019996,113,-3.47074844462327,-3.63415455442469,-3.14728217168119,-3.48084954060977,1,0,0,0,127.3,"Q4"
"7866",132,9.32366905730002,114,-3.47074844462327,-3.63415455442469,-3.14728217168119,-3.48084954060977,0,0,1,0,127.3,"Q4"
"7867",132,9.29468152039999,115,-3.47074844462327,-3.63415455442469,-3.47074844462327,-3.80120863908786,0,1,1,0,127.3,"Q4"
"7868",132,9.25874951120003,116,-3.47074844462327,-3.75341797525151,-3.14728217168119,-3.90424086498609,1,0,0,0,127.3,"Q4"
"7869",132,9.3462688892,117,-3.47074844462327,-3.69514906712753,-3.14728217168119,-3.82241084673846,0,0,0,0,131.5,"Q4"
"7870",132,9.13561682580005,118,-3.47074844462327,-3.69514906712753,-3.14728217168119,-3.55239864878639,1,0,0,0,131.5,"Q4"
"7871",132,9.04168500589999,119,-3.47074844462327,-3.6826489043633,-3.17407773032069,-3.63415455442469,0,0,1,0,131.5,"Q4"
"7872",132,10.547444489,120,-3.47074844462327,-3.63415455442469,-3.28758971741625,-3.58800684244876,1,0,1,1,131.5,"Q4"
"7873",132,9.94270826569999,121,-3.47074844462327,-3.63415455442469,-3.30659313460609,-3.64006160651817,0,0,0,0,135.1,"Q1"
"7874",132,9.07886400919999,122,-3.40469773977383,-3.63415455442469,-3.33033126579352,-3.7601069634023,0,1,1,0,135.1,"Q1"
"7875",132,9.3350328159,124,-3.24660037288306,-3.78044664763943,-3.13643215565713,-3.57666746350701,0,0,1,1,135.1,"Q1"
"7876",132,8.90381521169997,125,-3.26262936738776,-3.90424086498609,-3.15092516295969,-3.60735101130703,0,0,0,0,135.1,"Q1"
"7877",132,9.01869548770001,126,-3.38957916725286,-3.85877849090933,-3.15092516295969,-3.7601069634023,0,0,1,0,134.7,"Q1"
"7878",132,9.18276360419998,127,-3.47074844462327,-4.1489327525065,-3.47074844462327,-4.16893341921317,0,1,0,0,134.7,"Q1"
"7879",132,8.92105701820002,129,-3.42604697927403,-4.0104630782414,-3.47074844462327,-3.68887945411394,0,1,1,0,134.7,"Q1"
"7880",132,9.14248970509999,130,-3.37333236354884,-3.82957933621707,-3.57666746350701,-3.65206548099122,1,0,0,0,134.7,"Q1"
"7881",132,10.127590643,131,-3.47074844462327,-3.8082262117465,-3.58055263229553,-3.69514906712753,0,0,1,1,134.7,"Q1"
"7882",132,9.53878043690001,132,-3.44653268334783,-3.69514906712753,-3.38578830364886,-3.75341797525151,0,1,0,0,134.7,"Q1"
"7883",132,9.2214781164,133,-3.40620337375841,-3.6826489043633,-3.14917889062494,-3.90424086498609,0,0,1,0,134.7,"Q1"
"7884",132,10.363440846,134,-3.47074844462327,-3.63415455442469,-3.24259235148552,-3.82957933621707,0,1,1,1,134.3,"Q2"
"7885",132,9.57941808260001,135,-3.41964635114662,-3.8082262117465,-3.21256077930855,-3.63415455442469,0,0,0,0,134.3,"Q2"
"7886",132,8.99516499030001,136,-3.28758971741625,-3.90424086498609,-3.18432344336154,-3.6223897128451,1,0,0,0,134.3,"Q2"
"7887",132,10.7269609950001,137,-3.57666746350701,-3.87370414112601,-3.20970231546468,-3.57666746350701,0,0,1,1,134.3,"Q2"
"7888",132,8.61323037960001,138,-3.28758971741625,-3.63415455442469,-3.3887748616636,-3.57666746350701,0,1,1,0,134.3,"Q2"
"7889",132,9.04923221160001,139,-3.28758971741625,-3.6223897128451,-3.18432344336154,-3.57666746350701,0,1,1,0,126.2,"Q2"
"7890",132,9.14931567009999,140,-3.28758971741625,-3.57666746350701,-3.18432344336154,-3.57666746350701,0,0,0,0,126.2,"Q2"
"7891",132,10.850966826,141,-3.57666746350701,-3.63415455442469,-3.18432344336154,-3.57666746350701,0,0,1,1,126.2,"Q2"
"7892",132,8.54090971799997,142,-3.27867059142228,-3.63415455442469,-3.18432344336154,-3.57666746350701,0,0,1,0,126.2,"Q2"
"7893",132,8.52833093580003,143,-3.24660037288306,-3.6282548322975,-3.24660037288306,-3.57666746350701,0,1,1,0,118.5,"Q2"
"7894",132,8.8032739825,144,-3.24660037288306,-3.57666746350701,-3.32981064256403,-3.57666746350701,0,0,0,0,118.5,"Q2"
"7895",132,8.82232217749998,145,-3.24660037288306,-3.57666746350701,-3.47074844462327,-3.57666746350701,0,1,1,0,118.5,"Q2"
"7896",132,8.54090971799997,146,-3.31650846925678,-3.57666746350701,-3.26226508073561,-3.57666746350701,0,1,1,0,118.5,"Q2"
"7897",132,10.298767636,147,-3.47020466646726,-3.61655879253431,-3.44104329020936,-3.57666746350701,0,0,1,1,115.5,"Q3"
"7898",132,8.70217786560003,149,-3.24660037288306,-3.58790353677393,-3.18432344336154,-3.57666746350701,0,0,0,0,115.5,"Q3"
"7899",132,10.866967167,150,-3.33033126579352,-3.63415455442469,-3.18432344336154,-3.57666746350701,0,1,1,1,115.5,"Q3"
"7900",132,9.04168500589999,151,-3.25062452318278,-3.7601069634023,-3.18432344336154,-3.58790353677393,1,0,0,0,115.5,"Q3"
"7901",132,11.153733069,153,-3.47074844462327,-3.6282548322975,-3.18432344336154,-3.57666746350701,0,0,1,1,114.5,"Q3"
"7902",132,10.47604777,154,-3.49314836498991,-3.87370414112601,-3.18432344336154,-3.57666746350701,0,1,1,1,114.5,"Q3"
"7903",132,9.74987006390004,155,-3.63415455442469,-3.85139838361171,-3.18432344336154,-3.57666746350701,0,1,1,0,114.5,"Q3"
"7904",132,9.81137226360003,156,-3.59988552168673,-3.57666746350701,-3.24660037288306,-3.57666746350701,0,1,1,0,112.5,"Q3"
"7905",132,10.437404508,157,-3.47074844462327,-3.57666746350701,-3.21156151725371,-3.57666746350701,0,0,1,1,112.5,"Q3"
"7906",132,8.64751945309997,158,-3.24660037288306,-3.66418684152356,-3.18432344336154,-3.69514906712753,0,0,1,0,112.5,"Q3"
"7907",132,8.77400360019999,159,-3.27584974719834,-3.7601069634023,-3.18432344336154,-3.67645693411538,0,1,0,0,112.5,"Q3"
"7908",132,10.774948268,160,-3.37498153953126,-3.61655879253431,-3.18432344336154,-3.57666746350701,0,0,1,1,106.5,"Q4"
"7909",134,8.25322764560004,69,-3.47074844462327,-3.24660037288306,-3.28758971741625,-3.63415455442469,0,1,1,0,114.4,"Q1"
"7910",134,10.36948316,72,-3.47074844462327,-3.24660037288306,-3.01148063052213,-3.47074844462327,0,0,1,1,114.4,"Q1"
"7911",134,7.92008319910002,73,-3.2587217334154,-3.7601069634023,-3.01148063052213,-3.47074844462327,1,0,0,0,114.4,"Q1"
"7912",134,7.82244472949999,74,-3.27925633585711,-3.7601069634023,-3.24660037288306,-3.47074844462327,0,0,1,0,114.4,"Q1"
"7913",134,8.25322764560004,76,-3.27925633585711,-3.24660037288306,-3.01148063052213,-3.7601069634023,0,0,1,0,114.4,"Q1"
"7914",134,9.69227257209996,77,-3.47074844462327,-3.47074844462327,-3.01148063052213,-3.37498153953126,1,0,1,1,114.4,"Q1"
"7915",134,7.76980099600004,78,-3.2587217334154,-4.07270538711862,-3.01148063052213,-3.37498153953126,1,0,0,0,111.7,"Q1"
"7916",134,9.12869638290002,79,-3.2587217334154,-3.24660037288306,-3.01148063052213,-3.57666746350701,0,0,1,0,111.7,"Q1"
"7917",134,7.92008319910002,83,-3.42171901738295,-3.69514906712753,-3.47074844462327,-4.03666545063542,0,1,0,0,111.7,"Q2"
"7918",134,8.00903068509998,84,-3.42171901738295,-4.16893341921317,-3.01148063052213,-3.57666746350701,1,0,0,0,111.7,"Q2"
"7919",134,7.92008319910002,85,-3.42171901738295,-3.24660037288306,-3.47074844462327,-3.57666746350701,1,1,0,0,111.7,"Q2"
"7920",134,9.21512888869999,86,-3.42171901738295,-3.24660037288306,-3.47074844462327,-3.7601069634023,0,1,0,0,111,"Q2"
"7921",134,7.68524360800001,88,-3.34351827007548,-3.24660037288306,-3.33033126579352,-3.7601069634023,0,1,1,0,111,"Q2"
"7922",134,7.65539064479997,89,-3.34351827007548,-3.69514906712753,-3.01148063052213,-3.7601069634023,1,0,0,0,111,"Q2"
"7923",134,7.52617891330001,90,-3.34351827007548,-3.69514906712753,-3.01148063052213,-4.25319376283091,0,0,1,0,111,"Q2"
"7924",134,7.74240202179999,91,-3.34351827007548,-3.69514906712753,-3.47074844462327,-3.56004658227097,0,0,1,0,111,"Q2"
"7925",134,8.74385056200001,92,-3.63415455442469,-3.98492977623623,-3.47074844462327,-3.85139838361171,1,1,1,1,111,"Q2"
"7926",134,7.9875244798,93,-3.48864924219587,-4.11009291919024,-3.06360969595708,-3.90424086498609,0,1,0,0,111,"Q2"
"7927",134,9.83563688559998,94,-3.63415455442469,-3.69514906712753,-3.38124999425599,-4.06357290355535,0,0,1,1,111,"Q2"
"7928",134,7.33693691370002,100,-3.34351827007548,-4.11009291919024,-3.28758971741625,-3.56004658227097,0,0,0,0,107.2,"Q3"
"7929",134,7.76980099600004,104,-3.39501572354148,-3.82957933621707,-3.46825280193469,-3.56004658227097,0,1,1,0,107.4,"Q3"
"7930",134,9.4818930625,105,-3.47074844462327,-3.80120863908786,-3.22671900232923,-3.59356927430961,0,0,1,1,107.4,"Q3"
"7931",134,7.96554557310002,106,-3.48170500489218,-3.69514906712753,-3.22671900232923,-3.63415455442469,1,1,1,0,107.4,"Q3"
"7932",134,8.46294817659997,107,-3.54551870478501,-3.69514906712753,-3.22671900232923,-3.6223897128451,0,0,1,0,107.4,"Q3"
"7933",134,8.28601746839997,109,-3.49083560287897,-3.7601069634023,-3.22671900232923,-3.56004658227097,1,0,0,0,116,"Q4"
"7934",134,8.42156296040003,111,-3.35962598449422,-3.69514906712753,-3.22671900232923,-3.67645693411538,0,1,1,0,116,"Q4"
"7935",134,7.71423114480001,113,-3.34351827007548,-3.63415455442469,-3.22671900232923,-3.56004658227097,1,0,0,0,127.3,"Q4"
"7936",134,8.26975694750001,114,-3.40761587217255,-3.63415455442469,-3.22671900232923,-3.56004658227097,0,0,1,0,127.3,"Q4"
"7937",134,8.31776616669999,115,-3.47074844462327,-3.63415455442469,-3.47074844462327,-3.79423996977176,0,1,1,0,127.3,"Q4"
"7938",134,8.58969988220001,116,-3.47074844462327,-3.75341797525151,-3.15688598009874,-3.7601069634023,1,0,0,0,127.3,"Q4"
"7939",134,7.65539064479997,117,-3.4499127816765,-3.69514906712753,-3.14728217168119,-3.6826489043633,0,0,0,0,131.5,"Q4"
"7940",134,7.74240202179999,118,-3.40019424796904,-3.69514906712753,-3.14728217168119,-3.58423514407013,1,0,0,0,131.5,"Q4"
"7941",134,8.30201780980003,119,-3.47074844462327,-3.6826489043633,-3.16225489892122,-3.63415455442469,0,0,1,0,131.5,"Q4"
"7942",134,8.63621989780004,121,-3.47074844462327,-3.63415455442469,-3.30178303276627,-3.69154501155773,0,0,0,0,135.1,"Q1"
"7943",134,8.0300840943,122,-3.40228007456264,-3.63415455442469,-3.33033126579352,-3.7601069634023,0,1,1,0,135.1,"Q1"
"7944",134,8.0300840943,125,-3.23319084510994,-3.90424086498609,-3.06360969595708,-3.670303068541,0,0,0,0,135.1,"Q1"
"7945",134,7.9875244798,126,-3.3469191303445,-3.86621346939685,-3.06360969595708,-3.7601069634023,0,0,1,0,134.7,"Q1"
"7946",134,8.12917499690002,129,-3.34579456364579,-3.70780746399946,-3.47074844462327,-3.61076167484998,0,1,1,0,134.7,"Q1"
"7947",134,9.00307016980004,134,-3.60316083938146,-3.52230625428812,-3.24259235148552,-3.85139838361171,0,1,1,1,134.3,"Q2"
"7948",134,7.92008319910002,136,-3.18055696056606,-3.90424086498609,-3.07707791300794,-3.6282548322975,1,0,0,0,134.3,"Q2"
"7949",134,7.82244472949999,138,-3.18055696056606,-3.52230625428812,-3.35240721749272,-3.57666746350701,0,1,1,0,134.3,"Q2"
"7950",134,8.0709060888,139,-3.18055696056606,-3.51177984130113,-3.09762658123533,-3.57666746350701,0,1,1,0,126.2,"Q2"
"7951",134,7.9875244798,140,-3.18055696056606,-3.47074844462327,-3.09417234636724,-3.57666746350701,0,0,0,0,126.2,"Q2"
"7952",134,9.89222436029996,141,-3.47074844462327,-3.63415455442469,-3.06360969595708,-3.57666746350701,0,0,1,1,126.2,"Q2"
"7953",134,8.0300840943,142,-3.17789468861166,-3.63415455442469,-3.09762658123533,-3.57666746350701,0,0,1,0,126.2,"Q2"
"7954",134,7.71423114480001,143,-3.16934188974592,-3.6223897128451,-3.24660037288306,-3.57666746350701,0,1,1,0,118.5,"Q2"
"7955",134,7.94307271730001,144,-3.16934188974592,-3.47074844462327,-3.37098281486954,-3.57666746350701,0,0,0,0,118.5,"Q2"
"7956",134,7.65539064479997,145,-3.16934188974592,-3.47074844462327,-3.47074844462327,-3.57666746350701,0,1,1,0,118.5,"Q2"
"7957",134,7.9875244798,146,-3.29961375748794,-3.47074844462327,-3.09864998417989,-3.57666746350701,0,1,1,0,118.5,"Q2"
"7958",134,9.37381884100003,147,-3.46871334859547,-3.53830659563456,-3.16934188974592,-3.57666746350701,0,0,1,1,115.5,"Q3"
"7959",134,8.12917499690002,149,-3.16934188974592,-3.94377170374273,-3.09103073522697,-3.57666746350701,0,0,0,0,115.5,"Q3"
"7960",134,9.94270826569999,150,-3.33033126579352,-3.63415455442469,-3.1328414875264,-3.57666746350701,0,1,1,1,115.5,"Q3"
"7961",134,7.89655270159997,151,-3.17359777333336,-3.7601069634023,-3.07780263168869,-3.59356927430961,1,0,0,0,115.5,"Q3"
"7962",134,10.448598654,153,-3.47074844462327,-3.53294465249318,-3.06360969595708,-3.57666746350701,0,0,1,1,114.5,"Q3"
"7963",134,9.80785732149999,154,-3.49624114515846,-3.98492977623623,-3.1328414875264,-3.57666746350701,0,1,1,1,114.5,"Q3"
"7964",134,8.71275997499997,156,-3.56022624851987,-3.45084729030598,-3.24660037288306,-3.50655789731998,0,1,1,0,112.5,"Q3"
"7965",134,9.74613174179998,157,-3.47074844462327,-3.40276110363834,-3.2042917070041,-3.50655789731998,0,0,1,1,112.5,"Q3"
"7966",134,7.74240202179999,158,-3.20778646720985,-3.67645693411538,-3.04424313723144,-3.69514906712753,0,0,1,0,112.5,"Q3"
"7967",134,7.87245515010004,159,-3.22477992481562,-3.7601069634023,-3.1328414875264,-3.65810779544718,0,1,0,0,112.5,"Q3"
"7968",134,10.044987115,160,-3.37498153953126,-3.6282548322975,-3.06099380159808,-3.50655789731998,0,0,1,1,106.5,"Q4"
"7969",137,10.863297438,62,-3.47074844462327,-4.16893341921317,-3.06360969595708,-3.16934188974592,0,0,1,1,120.9,"Q4"
"7970",137,9.53416149100001,63,-3.47074844462327,-3.69514906712753,-3.06360969595708,-3.33033126579352,1,0,0,0,120.9,"Q4"
"7971",137,9.59696239229999,64,-3.00515149547048,-3.24660037288306,-3.06360969595708,-3.47074844462327,1,0,1,0,120.9,"Q4"
"7972",137,9.85932665679996,69,-3.47074844462327,-3.16934188974592,-3.52230625428812,-3.47074844462327,0,1,1,0,114.4,"Q1"
"7973",137,8.76405326930003,70,-3.20722520764823,-4.16893341921317,-3.20722520764823,-3.24660037288306,1,0,1,0,114.4,"Q1"
"7974",137,9.16282938930003,71,-3.20722520764823,-3.16934188974592,-3.20722520764823,-3.63415455442469,0,0,1,0,114.4,"Q1"
"7975",137,11.006888358,72,-3.47074844462327,-3.16934188974592,-2.99886216656292,-3.63415455442469,0,0,1,1,114.4,"Q1"
"7976",137,9.114710141,73,-3.20722520764823,-3.7601069634023,-2.99886216656292,-3.47074844462327,1,0,0,0,114.4,"Q1"
"7977",137,9.24028744829999,74,-3.24660037288306,-3.7601069634023,-3.24660037288306,-3.47074844462327,0,0,1,0,114.4,"Q1"
"7978",137,8.92956770779998,75,-3.24660037288306,-3.16934188974592,-3.16934188974592,-3.7601069634023,0,0,1,0,114.4,"Q1"
"7979",137,9.36288977040002,76,-3.24660037288306,-3.16934188974592,-2.99886216656292,-3.7601069634023,0,0,1,0,114.4,"Q1"
"7980",137,10.645043872,77,-3.47074844462327,-3.47074844462327,-2.99886216656292,-3.37498153953126,1,0,1,1,114.4,"Q1"
"7981",137,9.10052550600004,78,-3.20722520764823,-4.07270538711862,-2.99886216656292,-3.37498153953126,1,0,0,0,111.7,"Q1"
"7982",137,9.53878043690001,79,-3.20722520764823,-3.16934188974592,-2.99886216656292,-3.57666746350701,0,0,1,0,111.7,"Q1"
"7983",137,11.474766588,80,-3.63415455442469,-3.16934188974592,-2.99886216656292,-3.37498153953126,0,0,1,1,111.7,"Q1"
"7984",137,9.72722758709997,81,-3.63415455442469,-3.69514906712753,-3.63415455442469,-3.37498153953126,1,1,0,0,111.7,"Q1"
"7985",137,9.17616292019996,83,-3.42171901738295,-3.69514906712753,-3.47074844462327,-4.03666545063542,0,1,0,0,111.7,"Q2"
"7986",137,9.29468152039999,84,-3.42171901738295,-4.16893341921317,-2.99886216656292,-3.57666746350701,1,0,0,0,111.7,"Q2"
"7987",137,9.18276360419998,85,-3.42171901738295,-3.16934188974592,-3.47074844462327,-3.57666746350701,1,1,0,0,111.7,"Q2"
"7988",137,10.227308672,86,-3.42171901738295,-3.16934188974592,-3.47074844462327,-3.7601069634023,0,1,0,0,111,"Q2"
"7989",137,11.972474636,87,-3.82957933621707,-3.16934188974592,-3.20722520764823,-3.7601069634023,0,0,1,1,111,"Q2"
"7990",137,9.20230820029997,88,-3.28758971741625,-3.16934188974592,-3.33033126579352,-3.7601069634023,0,1,1,0,111,"Q2"
"7991",137,9.09335701649998,89,-3.28758971741625,-3.69514906712753,-2.99886216656292,-3.7601069634023,1,0,0,0,111,"Q2"
"7992",137,9.25263328419997,90,-3.28758971741625,-3.69514906712753,-2.99886216656292,-4.03666545063542,0,0,1,0,111,"Q2"
"7993",137,8.73359406190002,91,-3.28758971741625,-3.16934188974592,-3.47074844462327,-3.28758971741625,0,0,1,0,111,"Q2"
"7994",137,10.196754003,92,-3.57666746350701,-3.7601069634023,-3.47074844462327,-3.57666746350701,1,1,1,1,111,"Q2"
"7995",137,10.203888397,93,-3.28758971741625,-3.90424086498609,-3.06360969595708,-3.90424086498609,0,1,0,0,111,"Q2"
"7996",137,11.233846281,94,-3.63415455442469,-3.47074844462327,-3.03071199245002,-3.28758971741625,0,0,1,1,111,"Q2"
"7997",137,8.94637482609996,96,-3.28758971741625,-3.69514906712753,-3.47074844462327,-3.28758971741625,1,1,0,0,111,"Q3"
"7998",137,8.83171191779997,97,-3.28758971741625,-3.69514906712753,-3.47074844462327,-3.47074844462327,0,0,1,0,111,"Q3"
"7999",137,8.65869275369998,98,-3.28758971741625,-3.47074844462327,-3.06844197820106,-3.47074844462327,0,1,1,0,111,"Q3"
"8000",137,8.62479120200004,99,-3.28758971741625,-4.16893341921317,-3.37498153953126,-3.47074844462327,1,0,1,0,107.2,"Q3"
"8001",137,8.68067166040002,100,-3.28758971741625,-4.16893341921317,-3.37498153953126,-3.52230625428812,0,0,0,0,107.2,"Q3"
"8002",137,10.177476298,101,-3.28758971741625,-3.7601069634023,-3.28758971741625,-3.37498153953126,1,0,0,0,107.2,"Q3"
"8003",137,8.92105701820002,103,-3.28758971741625,-3.82957933621707,-3.10457105358814,-3.47074844462327,0,0,1,0,107.2,"Q3"
"8004",137,9.03408040660004,104,-3.28758971741625,-3.82957933621707,-3.47074844462327,-3.47074844462327,0,1,1,0,107.4,"Q3"
"8005",137,10.757392112,105,-3.47074844462327,-3.82957933621707,-3.10457105358814,-3.47074844462327,0,0,1,1,107.4,"Q3"
"8006",137,9.40590715550004,106,-3.50007721570793,-3.69514906712753,-3.15035398129748,-3.63415455442469,1,1,1,0,107.4,"Q3"
"8007",137,9.71571114510001,107,-3.54827964024246,-3.69514906712753,-3.10457105358814,-3.591328303525,0,0,1,0,107.4,"Q3"
"8008",137,10.03941607,108,-3.57666746350701,-3.73361534795533,-3.47074844462327,-3.46074836128869,0,1,0,0,116,"Q4"
"8009",137,10.220340002,109,-3.49586858545514,-3.7601069634023,-3.10457105358814,-3.42651518964645,1,0,0,0,116,"Q4"
"8010",137,9.18932100480001,111,-3.32056018919127,-3.47074844462327,-3.20722520764823,-3.47074844462327,0,1,1,0,116,"Q4"
"8011",137,10.833444475,112,-3.76435944151181,-3.54911751173878,-3.10457105358814,-3.47074844462327,0,0,0,0,116,"Q4"
"8012",137,8.82232217749998,113,-3.30628957643599,-3.63415455442469,-3.10457105358814,-3.47578623865323,1,0,0,0,127.3,"Q4"
"8013",137,9.72340349069997,114,-3.43113646051969,-3.6282548322975,-3.10457105358814,-3.47074844462327,0,0,1,0,127.3,"Q4"
"8014",137,10.367473109,115,-3.47249465660557,-3.47074844462327,-3.47074844462327,-3.85877849090933,0,1,1,0,127.3,"Q4"
"8015",137,10.028179996,116,-3.47074844462327,-3.75341797525151,-3.11558500705809,-3.85877849090933,1,0,0,0,127.3,"Q4"
"8016",137,9.96100145870002,117,-3.43156441710618,-3.69514906712753,-3.10457105358814,-3.66418684152356,0,0,0,0,131.5,"Q4"
"8017",137,8.91247327449998,118,-3.28758971741625,-3.69514906712753,-3.10457105358814,-3.5618099963919,1,0,0,0,131.5,"Q4"
"8018",137,9.01869548770001,119,-3.36097561588314,-3.67645693411538,-3.11743769797931,-3.63415455442469,0,0,1,0,131.5,"Q4"
"8019",137,10.404989849,120,-3.47074844462327,-3.63415455442469,-3.28758971741625,-3.5940049801247,1,0,1,1,131.5,"Q4"
"8020",137,9.3573801146,122,-3.41154578617613,-3.59356927430961,-3.33033126579352,-3.7601069634023,0,1,1,0,135.1,"Q1"
"8021",137,10.011085563,123,-3.24660037288306,-3.58226971905568,-3.2940671340042,-3.73051400366764,0,0,1,1,135.1,"Q1"
"8022",137,9.97301361520005,124,-3.24660037288306,-3.72062815242852,-3.00275190159503,-3.47074844462327,0,0,1,1,135.1,"Q1"
"8023",137,9.53416149100001,125,-3.2229710463527,-3.90424086498609,-2.99886216656292,-3.67173672198884,0,0,0,0,135.1,"Q1"
"8024",137,9.2214781164,126,-3.27705244190113,-3.89651881889218,-2.99886216656292,-3.7601069634023,0,0,1,0,134.7,"Q1"
"8025",137,9.44715011409995,130,-3.2965201517909,-3.82957933621707,-3.57666746350701,-3.64605945693101,1,0,0,0,134.7,"Q1"
"8026",137,10.303068717,131,-3.47074844462327,-3.8082262117465,-3.57666746350701,-3.7601069634023,0,0,1,1,134.7,"Q1"
"8027",137,9.12172771360001,133,-3.29130975555003,-3.66418684152356,-3.14524253446518,-3.90424086498609,0,0,1,0,134.7,"Q1"
"8028",137,10.477851197,134,-3.47074844462327,-3.47074844462327,-3.24259235148552,-3.81529337896959,0,1,1,1,134.3,"Q2"
"8029",137,9.18276360419998,136,-3.1328414875264,-3.90424086498609,-3.04374149274035,-3.61655879253431,1,0,0,0,134.3,"Q2"
"8030",137,10.8156096080001,137,-3.42171901738295,-3.85877849090933,-3.15157862722389,-3.4006054568842,0,0,1,1,134.3,"Q2"
"8031",137,9.04168500589999,138,-3.1328414875264,-3.47074844462327,-3.28758971741625,-3.33033126579352,0,1,1,0,134.3,"Q2"
"8032",137,9.27687689579999,139,-3.1328414875264,-3.46074836128869,-3.09762658123533,-3.47074844462327,0,1,1,0,126.2,"Q2"
"8033",137,9.18276360419998,140,-3.1328414875264,-3.42171901738295,-3.09579137988118,-3.47074844462327,0,0,0,0,126.2,"Q2"
"8034",137,10.731165626,141,-3.42171901738295,-3.63415455442469,-3.06360969595708,-3.28758971741625,0,0,1,1,126.2,"Q2"
"8035",137,8.85936344920003,142,-3.12559522827521,-3.6400892899445,-3.09762658123533,-3.47074844462327,0,0,1,0,126.2,"Q2"
"8036",137,8.74385056200001,143,-3.09762658123533,-3.60499797013323,-3.24660037288306,-3.31731589768145,0,1,1,0,118.5,"Q2"
"8037",137,8.89508153180002,144,-3.09762658123533,-3.42171901738295,-3.34620278201385,-3.36137588747548,0,0,0,0,118.5,"Q2"
"8038",137,9.07886400919999,145,-3.09762658123533,-3.44593327550355,-3.47074844462327,-3.37498153953126,0,1,1,0,118.5,"Q2"
"8039",137,8.85936344920003,146,-3.22291206955558,-3.47578623865323,-3.09529089722932,-3.47074844462327,0,1,1,0,118.5,"Q2"
"8040",137,10.401106349,147,-3.46717713287303,-3.60499797013323,-3.175293160506,-3.43403455240604,0,0,1,1,115.5,"Q3"
"8041",137,9.82184356349995,149,-3.09762658123533,-3.75341797525151,-3.0838806603307,-3.42171901738295,0,0,0,0,115.5,"Q3"
"8042",137,11.014291882,150,-3.33033126579352,-3.63415455442469,-3.1328414875264,-3.42171901738295,0,1,1,1,115.5,"Q3"
"8043",137,9.51546935800002,151,-3.10457105358814,-3.7601069634023,-3.078741599625,-3.42171901738295,1,0,0,0,115.5,"Q3"
"8044",137,11.329002627,153,-3.47074844462327,-3.46074836128869,-3.06360969595708,-3.35737558800181,0,0,1,1,114.5,"Q3"
"8045",137,10.996215898,154,-3.50545266498099,-4.0104630782414,-3.1328414875264,-3.47074844462327,0,1,1,1,114.5,"Q3"
"8046",137,9.81137226360003,156,-3.54701269190527,-3.46573590279973,-3.24660037288306,-3.50655789731998,0,1,1,0,112.5,"Q3"
"8047",137,10.989757318,157,-3.47074844462327,-3.49619511028444,-3.17996631878866,-3.50655789731998,0,0,1,1,112.5,"Q3"
"8048",137,9.51546935800002,158,-3.12071058145771,-3.69514906712753,-3.13643215565713,-3.69514906712753,0,0,1,0,112.5,"Q3"
"8049",137,9.31793838260002,159,-3.20657469742261,-3.7601069634023,-3.13643215565713,-3.61076167484998,0,1,0,0,112.5,"Q3"
"8050",137,11.205530361,160,-3.37498153953126,-3.59926729542425,-3.13643215565713,-3.57666746350701,0,0,1,1,106.5,"Q4"
